/*
Navicat MySQL Data Transfer
Source Host     : localhost:3306
Source Database : scm
Target Host     : localhost:3306
Target Database : scm
Date: 2017-12-19 19:28:49
*/

SET FOREIGN_KEY_CHECKS=0;
-- ----------------------------
-- Table structure for act_evt_log
-- ----------------------------
DROP TABLE IF EXISTS `act_evt_log`;
CREATE TABLE `act_evt_log` (
  `LOG_NR_` bigint(20) NOT NULL AUTO_INCREMENT,
  `TYPE_` varchar(64) COLLATE utf8_bin DEFAULT NULL,
  `PROC_DEF_ID_` varchar(64) COLLATE utf8_bin DEFAULT NULL,
  `PROC_INST_ID_` varchar(64) COLLATE utf8_bin DEFAULT NULL,
  `EXECUTION_ID_` varchar(64) COLLATE utf8_bin DEFAULT NULL,
  `TASK_ID_` varchar(64) COLLATE utf8_bin DEFAULT NULL,
  `TIME_STAMP_` timestamp NOT NULL DEFAULT CURRENT_TIMESTAMP ON UPDATE CURRENT_TIMESTAMP,
  `USER_ID_` varchar(255) COLLATE utf8_bin DEFAULT NULL,
  `DATA_` longblob,
  `LOCK_OWNER_` varchar(255) COLLATE utf8_bin DEFAULT NULL,
  `LOCK_TIME_` timestamp NULL DEFAULT NULL,
  `IS_PROCESSED_` tinyint(4) DEFAULT '0',
  PRIMARY KEY (`LOG_NR_`)
) ENGINE=InnoDB DEFAULT CHARSET=utf8 COLLATE=utf8_bin;

-- ----------------------------
-- Records of act_evt_log
-- ----------------------------

-- ----------------------------
-- Table structure for act_ge_bytearray
-- ----------------------------
DROP TABLE IF EXISTS `act_ge_bytearray`;
CREATE TABLE `act_ge_bytearray` (
  `ID_` varchar(64) COLLATE utf8_bin NOT NULL DEFAULT '',
  `REV_` int(11) DEFAULT NULL,
  `NAME_` varchar(255) COLLATE utf8_bin DEFAULT NULL,
  `DEPLOYMENT_ID_` varchar(64) COLLATE utf8_bin DEFAULT NULL,
  `BYTES_` longblob,
  `GENERATED_` tinyint(4) DEFAULT NULL,
  PRIMARY KEY (`ID_`),
  KEY `ACT_FK_BYTEARR_DEPL` (`DEPLOYMENT_ID_`),
  CONSTRAINT `ACT_FK_BYTEARR_DEPL` FOREIGN KEY (`DEPLOYMENT_ID_`) REFERENCES `act_re_deployment` (`ID_`)
) ENGINE=InnoDB DEFAULT CHARSET=utf8 COLLATE=utf8_bin;

-- ----------------------------
-- Records of act_ge_bytearray
-- ----------------------------
INSERT INTO `act_ge_bytearray` VALUES ('10001', '1', 'product_audit.bpmn', '10000', 0x3C3F786D6C2076657273696F6E3D22312E302220656E636F64696E673D225554462D38223F3E0A3C646566696E6974696F6E7320786D6C6E733D22687474703A2F2F7777772E6F6D672E6F72672F737065632F42504D4E2F32303130303532342F4D4F44454C2220786D6C6E733A7873693D22687474703A2F2F7777772E77332E6F72672F323030312F584D4C536368656D612D696E7374616E63652220786D6C6E733A7873643D22687474703A2F2F7777772E77332E6F72672F323030312F584D4C536368656D612220786D6C6E733A61637469766974693D22687474703A2F2F61637469766974692E6F72672F62706D6E2220786D6C6E733A62706D6E64693D22687474703A2F2F7777772E6F6D672E6F72672F737065632F42504D4E2F32303130303532342F44492220786D6C6E733A6F6D6764633D22687474703A2F2F7777772E6F6D672E6F72672F737065632F44442F32303130303532342F44432220786D6C6E733A6F6D6764693D22687474703A2F2F7777772E6F6D672E6F72672F737065632F44442F32303130303532342F44492220747970654C616E67756167653D22687474703A2F2F7777772E77332E6F72672F323030312F584D4C536368656D61222065787072657373696F6E4C616E67756167653D22687474703A2F2F7777772E77332E6F72672F313939392F585061746822207461726765744E616D6573706163653D22687474703A2F2F7777772E61637469766974692E6F72672F74657374223E0A20203C70726F636573732069643D2270726F647563745F617564697422206E616D653D2270726F647563745F61756469742220697345786563757461626C653D2274727565223E0A202020203C73746172744576656E742069643D2273746172746576656E743122206E616D653D225374617274223E3C2F73746172744576656E743E0A202020203C656E644576656E742069643D22656E646576656E743122206E616D653D22456E64223E3C2F656E644576656E743E0A202020203C757365725461736B2069643D22757365727461736B3122206E616D653D22E794B3E8AFB7E4B88AE7BABF222061637469766974693A61737369676E65653D224330303031223E3C2F757365725461736B3E0A202020203C73657175656E6365466C6F772069643D22666C6F77312220736F757263655265663D2273746172746576656E743122207461726765745265663D22757365727461736B31223E3C2F73657175656E6365466C6F773E0A202020203C73657175656E6365466C6F772069643D22666C6F77322220736F757263655265663D22757365727461736B3122207461726765745265663D22656E646576656E7431223E3C2F73657175656E6365466C6F773E0A202020203C646174614F626A6563742069643D22433030303122206E616D653D22696E69745F433030303122206974656D5375626A6563745265663D227873643A737472696E67223E0A2020202020203C657874656E73696F6E456C656D656E74733E0A20202020202020203C61637469766974693A76616C75653E7B22726F6C65223A5B2235225D7D3C2F61637469766974693A76616C75653E0A2020202020203C2F657874656E73696F6E456C656D656E74733E0A202020203C2F646174614F626A6563743E0A20203C2F70726F636573733E0A20203C62706D6E64693A42504D4E4469616772616D2069643D2242504D4E4469616772616D5F70726F647563745F6175646974223E0A202020203C62706D6E64693A42504D4E506C616E652062706D6E456C656D656E743D2270726F647563745F6175646974222069643D2242504D4E506C616E655F70726F647563745F6175646974223E0A2020202020203C62706D6E64693A42504D4E53686170652062706D6E456C656D656E743D2273746172746576656E7431222069643D2242504D4E53686170655F73746172746576656E7431223E0A20202020202020203C6F6D6764633A426F756E6473206865696768743D2233352E30222077696474683D2233352E302220783D223135302E302220793D223231302E30223E3C2F6F6D6764633A426F756E64733E0A2020202020203C2F62706D6E64693A42504D4E53686170653E0A2020202020203C62706D6E64693A42504D4E53686170652062706D6E456C656D656E743D22656E646576656E7431222069643D2242504D4E53686170655F656E646576656E7431223E0A20202020202020203C6F6D6764633A426F756E6473206865696768743D2233352E30222077696474683D2233352E302220783D223639302E302220793D223231302E30223E3C2F6F6D6764633A426F756E64733E0A2020202020203C2F62706D6E64693A42504D4E53686170653E0A2020202020203C62706D6E64693A42504D4E53686170652062706D6E456C656D656E743D22757365727461736B31222069643D2242504D4E53686170655F757365727461736B31223E0A20202020202020203C6F6D6764633A426F756E6473206865696768743D2235352E30222077696474683D223130352E302220783D223430302E302220793D223230302E30223E3C2F6F6D6764633A426F756E64733E0A2020202020203C2F62706D6E64693A42504D4E53686170653E0A2020202020203C62706D6E64693A42504D4E456467652062706D6E456C656D656E743D22666C6F7731222069643D2242504D4E456467655F666C6F7731223E0A20202020202020203C6F6D6764693A776179706F696E7420783D223138352E302220793D223232372E30223E3C2F6F6D6764693A776179706F696E743E0A20202020202020203C6F6D6764693A776179706F696E7420783D223430302E302220793D223232372E30223E3C2F6F6D6764693A776179706F696E743E0A2020202020203C2F62706D6E64693A42504D4E456467653E0A2020202020203C62706D6E64693A42504D4E456467652062706D6E456C656D656E743D22666C6F7732222069643D2242504D4E456467655F666C6F7732223E0A20202020202020203C6F6D6764693A776179706F696E7420783D223530352E302220793D223232372E30223E3C2F6F6D6764693A776179706F696E743E0A20202020202020203C6F6D6764693A776179706F696E7420783D223639302E302220793D223232372E30223E3C2F6F6D6764693A776179706F696E743E0A2020202020203C2F62706D6E64693A42504D4E456467653E0A202020203C2F62706D6E64693A42504D4E506C616E653E0A20203C2F62706D6E64693A42504D4E4469616772616D3E0A3C2F646566696E6974696F6E733E, '0');
INSERT INTO `act_ge_bytearray` VALUES ('10002', '1', 'product_audit.product_audit.png', '10000', 0x89504E470D0A1A0A0000000D49484452000002DF0000010908060000004C854B6B00000D204944415478DAEDDD4F6C55551E0770172E66E1C2850B172E4C66162E66318B59B898050B33B331332E284F4A8935D2066B8DC488D48106A4343842323552D1986824FE19C3A4A2648099F24F488726A03240430541912985D68AA21DA0FCB9734ED3472E4590C2EBBB97F6F3497E01DF7B08B9E7DEF7BEEFF4DCDFB9ED3600000000000000000000000000000000000000000000000000000000000000000000000000000000000000000000000000000000000000000000000000000000000000000000000000000000000000000000000000000000000000000000000000000000000000000000000000000000000000000000000000000000000000000000000000000000000000000000000000000000000000000000000000000000000000000000000000000000000000000000000000000000000000000000000000000000000000000000000000000000000000000000000000000000000000000000000000000000000000000000000000000000000000000000000000000000000000000000000000000000000000000000000000000000000000000000000000000000000000000000000000000000000000000000000000000000000000000000000000000000000000000000000000000000000000000000000000000000000000000000000000000000000000000000000000000000000000000000000000000000000000000000000000000000000000000000000000000000000000000000000000000000000000000000000000000000000000000000000000000000000000000000000000000000000000000000000000000000000000000000000000000000000000000000000000000000000000000000000000000000000000000000000000000000000000000000000000000000000000000000000000000000000000000000000000000000000000000000000000000000000000484992E4F6C3870FAFEEECECBCB069D3A6A4BDBD5DE5A0366EDC986CDBB6ED9B5055CE520080092206EFEDDBB7277D7D7DC9D9B367558EAABFBF3FF9F8E38FBF0F417CAA33150060028833DE8277AE03F8D9F6F6F6FDCE54008009202E351172F35D217C9F73A602004C00717DB1809BFBF09D385301002651F8FEF1BBDEE4F0CE3793AE8D8B872BFE3E3E261C0BDF000094307CFF70B227D9F7CFC6E43FFF987B59C5C7E27302B2F00D004089C2F7D1AE8FAE08DEC5FA6FD75A0159F80600A054E17BFF96BF5C357CC7E70464E11B00801285EF7DED8BAE1ABEE37302B2F00DE5327DFAF4BB0A85C2C3C1B2505B421D0D95A4AA37D48EF09AD7C36B6785DFDFEBA831212D5AB4E8CED6D6D6254D4D4DBB1A1B1BFBEBEAEA8666CC9871E962A8ADAD3DFFECB3CF9E5CBC78F1EE575E79E5B5050B16FCD25103E15B09DF703DA64D9BF64008D41F844C717A54D8FEB93A17C378A8EA2953A6DCEE4872CB6B6E6EFEC3C2850B3FABAAAABA184277B266CD9A64CF9E3DC3BBE59D3F7F3E291A181848BABBBB930D1B3624CB972F4FE2EB43183F1AFE4CAD8B01F21DBE637793AB85EFF89C802C7CC37809A1F9B7A1768E31705FADF6C7D97047955BD29C3973EE7DEEB9E776CF9A35EBE2EAD5AB87C3F5580C0D0D251D1D1DC982050B2ED6D5D51DAFA9A9F9A3A30AF90CDF073B565C357CC7E70464E11BC64308CA4B4766AE2F05E8F853F5A54B9726317B74757525BDBDBDC9E9D3A72F658B38F977E0C081A4ADAD6DF8753367CEFCA910BE3EFC7FEE7184B965343636D63FF6D863E7DE7AEBAD64707030B9593B77EE4C42F81E9A3D7BF69A8A8A8A3B1C61C857F81EE8D993ECFBD7C22B979C84C7E27302B2F00DA514B3C0C87AEE4B81B9BABA3A79FBEDB787C3F558C49C127F2A3F67CE9CCB0278A15038197E9DE268937B0D0D0DAF3DF1C413E73FF9E493A4944E9D3A95B4B6B60E858BEB58B8E8EE76A4213FE13BD697BB565D11BEE363C2B1F00DE310BCB7A783725CD61A67B86F465C0ABB6EDDBA247D3F5AA81F424D75D4C975F0AEAFAFBF30D66F9D63F1EEBBEF5EA8AAAAFA3E5C7CBF72C42127E1FBCC99E4E0BF575EB9E4243C169F1390856F2895D133DE717949FA1EB29BD5D3D393CC9D3B371DC04F170A85071D7972272E358933DEE319BC8B3EFCF0C3332180F7980187ECC377DCC1F240C7CB575DF31D9FB3CBA5F00DA530B2C6FB5230EEECEC1C979C11D788C7F5E0E919F0F077DF6704C88D7873655CE3BD7BF7EEA45CDE79E79D639595951FE984021985EF336792DE839B93BD1BFE7CD5E05DACF89AF85AB3E0C237DCA891AE26E7D233DEE329DE9CD9DCDC7C597FF0D843DC48900B0D0D0D7BE3CD95E5F6D4534F1D2B140AF54600CA1BBE7F6EB6DB2CB8F00DA5163EEF3F4BAFF12EE552936BDD6F56535393BE09F3AF4682CCC53EDEB19D6029BA9ADCC0BAACF3959595DFFA260AE50DDFD733DB7DAD59708159F886B1881BE8A4BB9ADCECCD9563111B488CBA01F35E2342A6E2063AB15766565E78E185AEB806CC4840F9C2F78D06EF6209CCC2378C4508BC6B8B0138B6132CB7B8F95F2A802F332264266E191F77A21CEB063A259EFDEE0BE1FB1B6BBFA17CE15B09DF502EF1A7DBC52DE3631BC072347618EDD0A14397F5FFAEAEAEBED3C89089952B572E8DEBAEB2F6F8E38F7F1E2ECEDF191110BE856F985842D87DB8187C630792ACA437E10999E3212343269A9A9A76AD5DBB36F3F0DDD2D2D261E9098C7936A9FD7ABEB40ADFC23764F93E14977994ABC3C9B5BCFFFEFB6EBC247B8D8D8DFD7BF6ECC93C7C777676EE8E4DF78D085CBFD40C4E7BF820B95FF816BE218FEF43E94D75BABBBBB3CC1AE999EF76A34726EAEAEA86B2587B35DAF1E3C77B63FF4D230263FFD04BD5FA9F9A8112BE856FC8F27D283C76B4F87C39BB9C8CF6F5D75F5FD6F3DBE8918978E34339FA6C5E8F78311811B8A90FBD4B333AE90F3FE15BF8862CDF87D28FC79D27B31237DD49FF5B8C1E995D3479E14280D27CE8A567A0E28F81856FE11BB27C1F4AFF771EB286F04DA6F236F3AD942A7D09DFF92FE7A99A2C65E69B492F2F6BBEFBFBFB8F597F05259B71DA5928141E2CF6CE17BECD7C4396EF43D67C43CAFCF9F3BFE9EAEACA4BB793ED46046EEA43EFB2D05D94E7F0FDEAABAF0EB71E4BD7F3CF3F5FB6E7856F18FFF721DD4E2025F6F95EB76E5D2EFA7CDBEE156EF8436F47DC30E26ABBC4E6397CC7307CADC7C6FB79E11BC6FF7D283CF7721EFA7CC7BF3BF5EF7DD9E89189D6D6D6E5CDCDCD9987EFFAFAFA7DE142986244604C1F7A3F39D32D7C0BDF90A7F7A110CAABF2B0C3E5DCB973D3E17BAAD12313E144BCFB91471EB938383898658FEFBE7061FE585D5DFD0B2302A5277C0BDF90A5193366DC13C2EEE9187A63A38753A74E65BDDEFB74C81D77191932336FDEBC2FB66EDD9A59F85EB162C5AEF0ADF9752301C2B7F00D13537ADD775B5B5BD9B3C6CA952BD3E1FB4D2342A61A1A1AA63FF3CC3317B2683938383878AEB2B2F2DBF8ADD84880F02D7CC3C4945E7A52575757D696833D3D3DC333EEC5BF3FE48EDF181132172E84E3DBB76F2F7BF86E6A6ADAE3A60798BCE1FBA5975EBAA21BC9FCF9F3CBF6BCF00DE531D272706F3100AF59B3A66C5963F1E2C5978277A150F8C068900BB5B5B5BFAFA9A9193A79F264D92E864F3FFDF460F826FC454545C51D46002667F856C23793477AF63BCE447FF5D557E39E356247B7D4729373217CFFDA48901BB367CFFE7B4B4BCBB9722C3F3976ECD8605C6E326DDAB4071C7910BE856FE19BC92104E0B5C530FCF4D34F27E3D9F0A1A3A3E3B2E526A1661B017225FE48E8D1471FFD72D5AA5543E319BCFBFAFACE5757571F0BDF80E738EA207C2BE19BC9A3A2A2E2EE1082FB8B8138B63B8EDBBE8F47F00E59C34D96E45F6CBD3373E6CC81B6B6B6B3E335E33D12BC973ADA207C2BE19BC9A75028DC1FEA643118C735D9030303255D6A326AC67BBD25AEE45AEC3C525555D5F3C61B6F1C2FF51AEFB8D4C48C3708DF4AF866D24FF63D54ECFD1D2BCE52C7EDDF6FB6ABC9C2850B476F772F7873CB5C147785A0FC51EC8272E4C8913337DB4E3076358937575AE30DC2B712BE218A992084E31FD26139EE80D9DDDD3DE60D74621FEF51B3DDC34B4D046F6E398542A13E84F0134B962CD97BE8D0A131CD84C79D2B5B5B5B77C6D9EE7001AC740180F0AD846F1835D9775FC808474785E6E4C9279F4CDE7BEFBD24B6418E5D518AEBC2E3AF316CC759F2D83A74DEBC79A303F77057133757724B8BA1399CC48BE2C5515B5BFBF98B2FBEB863CB962D9F8693FF483A6C0F0C0C9C0817C3EE9696968EFAFAFA7D71CBF8B873A50D7440F856C2375C2B67C47BC146CF82DF48C53EDEDA0932A1C49B244682F8FA505F8E7CBB2C9EF4BDA176845A166A4A7575F52F1C3110BE95F00DD7234ED685FCD094BE19F33A2BAE1D7FD3CE950008DF4AF886318A937723EBC1978D4CF68D5E96D23B7DFAF4F6B8437608EA0FC7FBD41C3500846F257C030008DF4AF8060040F816BE010010BE95F00D0080F02D7C030090179B366D1270F35DA743F83EE74C05009800B66DDBD6DBD7D727E4E6B47A7A7AFE16C2F77E672A00C004B079F3E63F6DDDBAF5BB13274EFC4FD8CDD78C770CDE1B376E3C126AAA331500608208E1EEC1F6F6F69D7179435C5FAC7251712CF60BDE00000000000000000000000000000000000000000000000000008CC9FF0184827E300D50E2930000000049454E44AE426082, '1');

-- ----------------------------
-- Table structure for act_ge_property
-- ----------------------------
DROP TABLE IF EXISTS `act_ge_property`;
CREATE TABLE `act_ge_property` (
  `NAME_` varchar(64) COLLATE utf8_bin NOT NULL DEFAULT '',
  `VALUE_` varchar(300) COLLATE utf8_bin DEFAULT NULL,
  `REV_` int(11) DEFAULT NULL,
  PRIMARY KEY (`NAME_`)
) ENGINE=InnoDB DEFAULT CHARSET=utf8 COLLATE=utf8_bin;

-- ----------------------------
-- Records of act_ge_property
-- ----------------------------
INSERT INTO `act_ge_property` VALUES ('next.dbid', '15000', '3');
INSERT INTO `act_ge_property` VALUES ('schema.history', 'create(5.18.0.1) upgrade(5.18.0.1->5.21.0.0)', '1');
INSERT INTO `act_ge_property` VALUES ('schema.version', '5.21.0.0', '1');

-- ----------------------------
-- Table structure for act_hi_actinst
-- ----------------------------
DROP TABLE IF EXISTS `act_hi_actinst`;
CREATE TABLE `act_hi_actinst` (
  `ID_` varchar(64) COLLATE utf8_bin NOT NULL,
  `PROC_DEF_ID_` varchar(64) COLLATE utf8_bin NOT NULL,
  `PROC_INST_ID_` varchar(64) COLLATE utf8_bin NOT NULL,
  `EXECUTION_ID_` varchar(64) COLLATE utf8_bin NOT NULL,
  `ACT_ID_` varchar(255) COLLATE utf8_bin NOT NULL,
  `TASK_ID_` varchar(64) COLLATE utf8_bin DEFAULT NULL,
  `CALL_PROC_INST_ID_` varchar(64) COLLATE utf8_bin DEFAULT NULL,
  `ACT_NAME_` varchar(255) COLLATE utf8_bin DEFAULT NULL,
  `ACT_TYPE_` varchar(255) COLLATE utf8_bin NOT NULL,
  `ASSIGNEE_` varchar(255) COLLATE utf8_bin DEFAULT NULL,
  `START_TIME_` datetime NOT NULL,
  `END_TIME_` datetime DEFAULT NULL,
  `DURATION_` bigint(20) DEFAULT NULL,
  `TENANT_ID_` varchar(255) COLLATE utf8_bin DEFAULT '',
  PRIMARY KEY (`ID_`),
  KEY `ACT_IDX_HI_ACT_INST_START` (`START_TIME_`),
  KEY `ACT_IDX_HI_ACT_INST_END` (`END_TIME_`),
  KEY `ACT_IDX_HI_ACT_INST_PROCINST` (`PROC_INST_ID_`,`ACT_ID_`),
  KEY `ACT_IDX_HI_ACT_INST_EXEC` (`EXECUTION_ID_`,`ACT_ID_`)
) ENGINE=InnoDB DEFAULT CHARSET=utf8 COLLATE=utf8_bin;

-- ----------------------------
-- Records of act_hi_actinst
-- ----------------------------
INSERT INTO `act_hi_actinst` VALUES ('10007', 'product_audit:1:10003', '10004', '10004', 'startevent1', null, null, 'Start', 'startEvent', null, '2017-08-09 10:14:43', '2017-08-09 10:14:43', '15', '');
INSERT INTO `act_hi_actinst` VALUES ('10008', 'product_audit:1:10003', '10004', '10004', 'usertask1', '10009', null, '申请上线', 'userTask', 'C0001', '2017-08-09 10:14:43', '2017-08-09 10:16:46', '122576', '');
INSERT INTO `act_hi_actinst` VALUES ('10015', 'product_audit:1:10003', '10004', '10004', 'endevent1', null, null, 'End', 'endEvent', null, '2017-08-09 10:16:46', '2017-08-09 10:16:46', '0', '');
INSERT INTO `act_hi_actinst` VALUES ('12503', 'product_audit:1:10003', '12500', '12500', 'startevent1', null, null, 'Start', 'startEvent', null, '2017-08-09 13:46:36', '2017-08-09 13:46:36', '22', '');
INSERT INTO `act_hi_actinst` VALUES ('12504', 'product_audit:1:10003', '12500', '12500', 'usertask1', '12505', null, '申请上线', 'userTask', 'C0001', '2017-08-09 13:46:36', '2017-08-14 09:29:59', '416602582', '');
INSERT INTO `act_hi_actinst` VALUES ('12510', 'product_audit:1:10003', '12507', '12507', 'startevent1', null, null, 'Start', 'startEvent', null, '2017-08-09 14:00:59', '2017-08-09 14:00:59', '4', '');
INSERT INTO `act_hi_actinst` VALUES ('12511', 'product_audit:1:10003', '12507', '12507', 'usertask1', '12512', null, '申请上线', 'userTask', 'C0001', '2017-08-09 14:00:59', null, null, '');
INSERT INTO `act_hi_actinst` VALUES ('12517', 'product_audit:1:10003', '12514', '12514', 'startevent1', null, null, 'Start', 'startEvent', null, '2017-08-10 15:29:33', '2017-08-10 15:29:33', '5', '');
INSERT INTO `act_hi_actinst` VALUES ('12518', 'product_audit:1:10003', '12514', '12514', 'usertask1', '12519', null, '申请上线', 'userTask', 'C0001', '2017-08-10 15:29:33', null, null, '');
INSERT INTO `act_hi_actinst` VALUES ('12524', 'product_audit:1:10003', '12521', '12521', 'startevent1', null, null, 'Start', 'startEvent', null, '2017-08-10 15:29:44', '2017-08-10 15:29:44', '4', '');
INSERT INTO `act_hi_actinst` VALUES ('12525', 'product_audit:1:10003', '12521', '12521', 'usertask1', '12526', null, '申请上线', 'userTask', 'C0001', '2017-08-10 15:29:44', '2017-08-10 19:29:23', '14378801', '');
INSERT INTO `act_hi_actinst` VALUES ('12531', 'product_audit:1:10003', '12528', '12528', 'startevent1', null, null, 'Start', 'startEvent', null, '2017-08-10 16:55:17', '2017-08-10 16:55:17', '4', '');
INSERT INTO `act_hi_actinst` VALUES ('12532', 'product_audit:1:10003', '12528', '12528', 'usertask1', '12533', null, '申请上线', 'userTask', 'C0001', '2017-08-10 16:55:17', null, null, '');
INSERT INTO `act_hi_actinst` VALUES ('12538', 'product_audit:1:10003', '12535', '12535', 'startevent1', null, null, 'Start', 'startEvent', null, '2017-08-10 16:55:58', '2017-08-10 16:55:58', '4', '');
INSERT INTO `act_hi_actinst` VALUES ('12539', 'product_audit:1:10003', '12535', '12535', 'usertask1', '12540', null, '申请上线', 'userTask', 'C0001', '2017-08-10 16:55:58', '2017-08-10 18:05:11', '4153309', '');
INSERT INTO `act_hi_actinst` VALUES ('12543', 'product_audit:1:10003', '12535', '12535', 'endevent1', null, null, 'End', 'endEvent', null, '2017-08-10 18:05:11', '2017-08-10 18:05:11', '0', '');
INSERT INTO `act_hi_actinst` VALUES ('12547', 'product_audit:1:10003', '12544', '12544', 'startevent1', null, null, 'Start', 'startEvent', null, '2017-08-10 18:43:32', '2017-08-10 18:43:32', '4', '');
INSERT INTO `act_hi_actinst` VALUES ('12548', 'product_audit:1:10003', '12544', '12544', 'usertask1', '12549', null, '申请上线', 'userTask', 'C0001', '2017-08-10 18:43:32', '2017-08-10 19:28:54', '2722472', '');
INSERT INTO `act_hi_actinst` VALUES ('12554', 'product_audit:1:10003', '12551', '12551', 'startevent1', null, null, 'Start', 'startEvent', null, '2017-08-10 19:28:10', '2017-08-10 19:28:10', '4', '');
INSERT INTO `act_hi_actinst` VALUES ('12555', 'product_audit:1:10003', '12551', '12551', 'usertask1', '12556', null, '申请上线', 'userTask', 'C0001', '2017-08-10 19:28:10', '2017-08-10 19:30:16', '126085', '');
INSERT INTO `act_hi_actinst` VALUES ('12559', 'product_audit:1:10003', '12544', '12544', 'endevent1', null, null, 'End', 'endEvent', null, '2017-08-10 19:28:54', '2017-08-10 19:28:54', '0', '');
INSERT INTO `act_hi_actinst` VALUES ('12561', 'product_audit:1:10003', '12521', '12521', 'endevent1', null, null, 'End', 'endEvent', null, '2017-08-10 19:29:23', '2017-08-10 19:29:23', '0', '');
INSERT INTO `act_hi_actinst` VALUES ('12565', 'product_audit:1:10003', '12562', '12562', 'startevent1', null, null, 'Start', 'startEvent', null, '2017-08-10 19:29:38', '2017-08-10 19:29:38', '3', '');
INSERT INTO `act_hi_actinst` VALUES ('12566', 'product_audit:1:10003', '12562', '12562', 'usertask1', '12567', null, '申请上线', 'userTask', 'C0001', '2017-08-10 19:29:38', '2017-08-10 19:30:01', '22759', '');
INSERT INTO `act_hi_actinst` VALUES ('12570', 'product_audit:1:10003', '12562', '12562', 'endevent1', null, null, 'End', 'endEvent', null, '2017-08-10 19:30:01', '2017-08-10 19:30:01', '1', '');
INSERT INTO `act_hi_actinst` VALUES ('12572', 'product_audit:1:10003', '12551', '12551', 'endevent1', null, null, 'End', 'endEvent', null, '2017-08-10 19:30:16', '2017-08-10 19:30:16', '0', '');
INSERT INTO `act_hi_actinst` VALUES ('12576', 'product_audit:1:10003', '12573', '12573', 'startevent1', null, null, 'Start', 'startEvent', null, '2017-08-10 20:05:50', '2017-08-10 20:05:50', '3', '');
INSERT INTO `act_hi_actinst` VALUES ('12577', 'product_audit:1:10003', '12573', '12573', 'usertask1', '12578', null, '申请上线', 'userTask', 'C0001', '2017-08-10 20:05:50', '2017-08-10 20:06:11', '21139', '');
INSERT INTO `act_hi_actinst` VALUES ('12581', 'product_audit:1:10003', '12573', '12573', 'endevent1', null, null, 'End', 'endEvent', null, '2017-08-10 20:06:11', '2017-08-10 20:06:11', '1', '');
INSERT INTO `act_hi_actinst` VALUES ('12585', 'product_audit:1:10003', '12582', '12582', 'startevent1', null, null, 'Start', 'startEvent', null, '2017-08-10 20:10:48', '2017-08-10 20:10:48', '3', '');
INSERT INTO `act_hi_actinst` VALUES ('12586', 'product_audit:1:10003', '12582', '12582', 'usertask1', '12587', null, '申请上线', 'userTask', 'C0001', '2017-08-10 20:10:48', '2017-08-10 20:11:12', '23700', '');
INSERT INTO `act_hi_actinst` VALUES ('12590', 'product_audit:1:10003', '12582', '12582', 'endevent1', null, null, 'End', 'endEvent', null, '2017-08-10 20:11:12', '2017-08-10 20:11:12', '0', '');
INSERT INTO `act_hi_actinst` VALUES ('12594', 'product_audit:1:10003', '12591', '12591', 'startevent1', null, null, 'Start', 'startEvent', null, '2017-08-10 20:11:23', '2017-08-10 20:11:23', '5', '');
INSERT INTO `act_hi_actinst` VALUES ('12595', 'product_audit:1:10003', '12591', '12591', 'usertask1', '12596', null, '申请上线', 'userTask', 'C0001', '2017-08-10 20:11:23', '2017-08-10 20:11:33', '10228', '');
INSERT INTO `act_hi_actinst` VALUES ('12599', 'product_audit:1:10003', '12591', '12591', 'endevent1', null, null, 'End', 'endEvent', null, '2017-08-10 20:11:33', '2017-08-10 20:11:33', '1', '');
INSERT INTO `act_hi_actinst` VALUES ('12603', 'product_audit:1:10003', '12600', '12600', 'startevent1', null, null, 'Start', 'startEvent', null, '2017-08-11 09:54:05', '2017-08-11 09:54:05', '4', '');
INSERT INTO `act_hi_actinst` VALUES ('12604', 'product_audit:1:10003', '12600', '12600', 'usertask1', '12605', null, '申请上线', 'userTask', 'C0001', '2017-08-11 09:54:05', '2017-08-14 09:51:22', '259037267', '');
INSERT INTO `act_hi_actinst` VALUES ('12610', 'product_audit:1:10003', '12607', '12607', 'startevent1', null, null, 'Start', 'startEvent', null, '2017-08-11 09:59:55', '2017-08-11 09:59:55', '3', '');
INSERT INTO `act_hi_actinst` VALUES ('12611', 'product_audit:1:10003', '12607', '12607', 'usertask1', '12612', null, '申请上线', 'userTask', 'C0001', '2017-08-11 09:59:55', '2017-08-14 10:38:36', '261521478', '');
INSERT INTO `act_hi_actinst` VALUES ('12617', 'product_audit:1:10003', '12614', '12614', 'startevent1', null, null, 'Start', 'startEvent', null, '2017-08-11 11:11:44', '2017-08-11 11:11:44', '4', '');
INSERT INTO `act_hi_actinst` VALUES ('12618', 'product_audit:1:10003', '12614', '12614', 'usertask1', '12619', null, '申请上线', 'userTask', 'C0001', '2017-08-11 11:11:44', '2017-08-14 10:39:50', '257285540', '');
INSERT INTO `act_hi_actinst` VALUES ('12622', 'product_audit:1:10003', '12500', '12500', 'endevent1', null, null, 'End', 'endEvent', null, '2017-08-14 09:29:59', '2017-08-14 09:29:59', '0', '');
INSERT INTO `act_hi_actinst` VALUES ('12624', 'product_audit:1:10003', '12600', '12600', 'endevent1', null, null, 'End', 'endEvent', null, '2017-08-14 09:51:22', '2017-08-14 09:51:22', '0', '');
INSERT INTO `act_hi_actinst` VALUES ('12626', 'product_audit:1:10003', '12607', '12607', 'endevent1', null, null, 'End', 'endEvent', null, '2017-08-14 10:38:36', '2017-08-14 10:38:36', '0', '');
INSERT INTO `act_hi_actinst` VALUES ('12628', 'product_audit:1:10003', '12614', '12614', 'endevent1', null, null, 'End', 'endEvent', null, '2017-08-14 10:39:50', '2017-08-14 10:39:50', '0', '');
INSERT INTO `act_hi_actinst` VALUES ('12632', 'product_audit:1:10003', '12629', '12629', 'startevent1', null, null, 'Start', 'startEvent', null, '2017-08-14 13:42:15', '2017-08-14 13:42:15', '4', '');
INSERT INTO `act_hi_actinst` VALUES ('12633', 'product_audit:1:10003', '12629', '12629', 'usertask1', '12634', null, '申请上线', 'userTask', 'C0001', '2017-08-14 13:42:15', null, null, '');
INSERT INTO `act_hi_actinst` VALUES ('12639', 'product_audit:1:10003', '12636', '12636', 'startevent1', null, null, 'Start', 'startEvent', null, '2017-08-14 13:47:16', '2017-08-14 13:47:16', '3', '');
INSERT INTO `act_hi_actinst` VALUES ('12640', 'product_audit:1:10003', '12636', '12636', 'usertask1', '12641', null, '申请上线', 'userTask', 'C0001', '2017-08-14 13:47:16', '2017-08-14 13:47:21', '5386', '');
INSERT INTO `act_hi_actinst` VALUES ('12644', 'product_audit:1:10003', '12636', '12636', 'endevent1', null, null, 'End', 'endEvent', null, '2017-08-14 13:47:21', '2017-08-14 13:47:21', '0', '');

-- ----------------------------
-- Table structure for act_hi_attachment
-- ----------------------------
DROP TABLE IF EXISTS `act_hi_attachment`;
CREATE TABLE `act_hi_attachment` (
  `ID_` varchar(64) COLLATE utf8_bin NOT NULL,
  `REV_` int(11) DEFAULT NULL,
  `USER_ID_` varchar(255) COLLATE utf8_bin DEFAULT NULL,
  `NAME_` varchar(255) COLLATE utf8_bin DEFAULT NULL,
  `DESCRIPTION_` varchar(4000) COLLATE utf8_bin DEFAULT NULL,
  `TYPE_` varchar(255) COLLATE utf8_bin DEFAULT NULL,
  `TASK_ID_` varchar(64) COLLATE utf8_bin DEFAULT NULL,
  `PROC_INST_ID_` varchar(64) COLLATE utf8_bin DEFAULT NULL,
  `URL_` varchar(4000) COLLATE utf8_bin DEFAULT NULL,
  `CONTENT_ID_` varchar(64) COLLATE utf8_bin DEFAULT NULL,
  `TIME_` datetime DEFAULT NULL,
  PRIMARY KEY (`ID_`)
) ENGINE=InnoDB DEFAULT CHARSET=utf8 COLLATE=utf8_bin;

-- ----------------------------
-- Records of act_hi_attachment
-- ----------------------------

-- ----------------------------
-- Table structure for act_hi_comment
-- ----------------------------
DROP TABLE IF EXISTS `act_hi_comment`;
CREATE TABLE `act_hi_comment` (
  `ID_` varchar(64) COLLATE utf8_bin NOT NULL,
  `TYPE_` varchar(255) COLLATE utf8_bin DEFAULT NULL,
  `TIME_` datetime NOT NULL,
  `USER_ID_` varchar(255) COLLATE utf8_bin DEFAULT NULL,
  `TASK_ID_` varchar(64) COLLATE utf8_bin DEFAULT NULL,
  `PROC_INST_ID_` varchar(64) COLLATE utf8_bin DEFAULT NULL,
  `ACTION_` varchar(255) COLLATE utf8_bin DEFAULT NULL,
  `MESSAGE_` varchar(4000) COLLATE utf8_bin DEFAULT NULL,
  `FULL_MSG_` longblob,
  PRIMARY KEY (`ID_`)
) ENGINE=InnoDB DEFAULT CHARSET=utf8 COLLATE=utf8_bin;

-- ----------------------------
-- Records of act_hi_comment
-- ----------------------------

-- ----------------------------
-- Table structure for act_hi_detail
-- ----------------------------
DROP TABLE IF EXISTS `act_hi_detail`;
CREATE TABLE `act_hi_detail` (
  `ID_` varchar(64) COLLATE utf8_bin NOT NULL,
  `TYPE_` varchar(255) COLLATE utf8_bin NOT NULL,
  `PROC_INST_ID_` varchar(64) COLLATE utf8_bin DEFAULT NULL,
  `EXECUTION_ID_` varchar(64) COLLATE utf8_bin DEFAULT NULL,
  `TASK_ID_` varchar(64) COLLATE utf8_bin DEFAULT NULL,
  `ACT_INST_ID_` varchar(64) COLLATE utf8_bin DEFAULT NULL,
  `NAME_` varchar(255) COLLATE utf8_bin NOT NULL,
  `VAR_TYPE_` varchar(255) COLLATE utf8_bin DEFAULT NULL,
  `REV_` int(11) DEFAULT NULL,
  `TIME_` datetime NOT NULL,
  `BYTEARRAY_ID_` varchar(64) COLLATE utf8_bin DEFAULT NULL,
  `DOUBLE_` double DEFAULT NULL,
  `LONG_` bigint(20) DEFAULT NULL,
  `TEXT_` varchar(4000) COLLATE utf8_bin DEFAULT NULL,
  `TEXT2_` varchar(4000) COLLATE utf8_bin DEFAULT NULL,
  PRIMARY KEY (`ID_`),
  KEY `ACT_IDX_HI_DETAIL_PROC_INST` (`PROC_INST_ID_`),
  KEY `ACT_IDX_HI_DETAIL_ACT_INST` (`ACT_INST_ID_`),
  KEY `ACT_IDX_HI_DETAIL_TIME` (`TIME_`),
  KEY `ACT_IDX_HI_DETAIL_NAME` (`NAME_`),
  KEY `ACT_IDX_HI_DETAIL_TASK_ID` (`TASK_ID_`)
) ENGINE=InnoDB DEFAULT CHARSET=utf8 COLLATE=utf8_bin;

-- ----------------------------
-- Records of act_hi_detail
-- ----------------------------

-- ----------------------------
-- Table structure for act_hi_identitylink
-- ----------------------------
DROP TABLE IF EXISTS `act_hi_identitylink`;
CREATE TABLE `act_hi_identitylink` (
  `ID_` varchar(64) COLLATE utf8_bin NOT NULL DEFAULT '',
  `GROUP_ID_` varchar(255) COLLATE utf8_bin DEFAULT NULL,
  `TYPE_` varchar(255) COLLATE utf8_bin DEFAULT NULL,
  `USER_ID_` varchar(255) COLLATE utf8_bin DEFAULT NULL,
  `TASK_ID_` varchar(64) COLLATE utf8_bin DEFAULT NULL,
  `PROC_INST_ID_` varchar(64) COLLATE utf8_bin DEFAULT NULL,
  PRIMARY KEY (`ID_`),
  KEY `ACT_IDX_HI_IDENT_LNK_USER` (`USER_ID_`),
  KEY `ACT_IDX_HI_IDENT_LNK_TASK` (`TASK_ID_`),
  KEY `ACT_IDX_HI_IDENT_LNK_PROCINST` (`PROC_INST_ID_`)
) ENGINE=InnoDB DEFAULT CHARSET=utf8 COLLATE=utf8_bin;

-- ----------------------------
-- Records of act_hi_identitylink
-- ----------------------------
INSERT INTO `act_hi_identitylink` VALUES ('10006', null, 'starter', '1', null, '10004');
INSERT INTO `act_hi_identitylink` VALUES ('10010', null, 'participant', 'C0001', null, '10004');
INSERT INTO `act_hi_identitylink` VALUES ('12502', null, 'starter', '5', null, '12500');
INSERT INTO `act_hi_identitylink` VALUES ('12506', null, 'participant', 'C0001', null, '12500');
INSERT INTO `act_hi_identitylink` VALUES ('12509', null, 'starter', '5', null, '12507');
INSERT INTO `act_hi_identitylink` VALUES ('12513', null, 'participant', 'C0001', null, '12507');
INSERT INTO `act_hi_identitylink` VALUES ('12516', null, 'starter', '65', null, '12514');
INSERT INTO `act_hi_identitylink` VALUES ('12520', null, 'participant', 'C0001', null, '12514');
INSERT INTO `act_hi_identitylink` VALUES ('12523', null, 'starter', '65', null, '12521');
INSERT INTO `act_hi_identitylink` VALUES ('12527', null, 'participant', 'C0001', null, '12521');
INSERT INTO `act_hi_identitylink` VALUES ('12530', null, 'starter', '2', null, '12528');
INSERT INTO `act_hi_identitylink` VALUES ('12534', null, 'participant', 'C0001', null, '12528');
INSERT INTO `act_hi_identitylink` VALUES ('12537', null, 'starter', '2', null, '12535');
INSERT INTO `act_hi_identitylink` VALUES ('12541', null, 'participant', 'C0001', null, '12535');
INSERT INTO `act_hi_identitylink` VALUES ('12546', null, 'starter', '65', null, '12544');
INSERT INTO `act_hi_identitylink` VALUES ('12550', null, 'participant', 'C0001', null, '12544');
INSERT INTO `act_hi_identitylink` VALUES ('12553', null, 'starter', '5', null, '12551');
INSERT INTO `act_hi_identitylink` VALUES ('12557', null, 'participant', 'C0001', null, '12551');
INSERT INTO `act_hi_identitylink` VALUES ('12564', null, 'starter', '5', null, '12562');
INSERT INTO `act_hi_identitylink` VALUES ('12568', null, 'participant', 'C0001', null, '12562');
INSERT INTO `act_hi_identitylink` VALUES ('12575', null, 'starter', '5', null, '12573');
INSERT INTO `act_hi_identitylink` VALUES ('12579', null, 'participant', 'C0001', null, '12573');
INSERT INTO `act_hi_identitylink` VALUES ('12584', null, 'starter', '5', null, '12582');
INSERT INTO `act_hi_identitylink` VALUES ('12588', null, 'participant', 'C0001', null, '12582');
INSERT INTO `act_hi_identitylink` VALUES ('12593', null, 'starter', '5', null, '12591');
INSERT INTO `act_hi_identitylink` VALUES ('12597', null, 'participant', 'C0001', null, '12591');
INSERT INTO `act_hi_identitylink` VALUES ('12602', null, 'starter', '1', null, '12600');
INSERT INTO `act_hi_identitylink` VALUES ('12606', null, 'participant', 'C0001', null, '12600');
INSERT INTO `act_hi_identitylink` VALUES ('12609', null, 'starter', '2', null, '12607');
INSERT INTO `act_hi_identitylink` VALUES ('12613', null, 'participant', 'C0001', null, '12607');
INSERT INTO `act_hi_identitylink` VALUES ('12616', null, 'starter', '68', null, '12614');
INSERT INTO `act_hi_identitylink` VALUES ('12620', null, 'participant', 'C0001', null, '12614');
INSERT INTO `act_hi_identitylink` VALUES ('12631', null, 'starter', '1', null, '12629');
INSERT INTO `act_hi_identitylink` VALUES ('12635', null, 'participant', 'C0001', null, '12629');
INSERT INTO `act_hi_identitylink` VALUES ('12638', null, 'starter', '5', null, '12636');
INSERT INTO `act_hi_identitylink` VALUES ('12642', null, 'participant', 'C0001', null, '12636');

-- ----------------------------
-- Table structure for act_hi_procinst
-- ----------------------------
DROP TABLE IF EXISTS `act_hi_procinst`;
CREATE TABLE `act_hi_procinst` (
  `ID_` varchar(64) COLLATE utf8_bin NOT NULL,
  `PROC_INST_ID_` varchar(64) COLLATE utf8_bin NOT NULL,
  `BUSINESS_KEY_` varchar(255) COLLATE utf8_bin DEFAULT NULL,
  `PROC_DEF_ID_` varchar(64) COLLATE utf8_bin NOT NULL,
  `START_TIME_` datetime NOT NULL,
  `END_TIME_` datetime DEFAULT NULL,
  `DURATION_` bigint(20) DEFAULT NULL,
  `START_USER_ID_` varchar(255) COLLATE utf8_bin DEFAULT NULL,
  `START_ACT_ID_` varchar(255) COLLATE utf8_bin DEFAULT NULL,
  `END_ACT_ID_` varchar(255) COLLATE utf8_bin DEFAULT NULL,
  `SUPER_PROCESS_INSTANCE_ID_` varchar(64) COLLATE utf8_bin DEFAULT NULL,
  `DELETE_REASON_` varchar(4000) COLLATE utf8_bin DEFAULT NULL,
  `TENANT_ID_` varchar(255) COLLATE utf8_bin DEFAULT '',
  `NAME_` varchar(255) COLLATE utf8_bin DEFAULT NULL,
  PRIMARY KEY (`ID_`),
  UNIQUE KEY `PROC_INST_ID_` (`PROC_INST_ID_`),
  KEY `ACT_IDX_HI_PRO_INST_END` (`END_TIME_`),
  KEY `ACT_IDX_HI_PRO_I_BUSKEY` (`BUSINESS_KEY_`)
) ENGINE=InnoDB DEFAULT CHARSET=utf8 COLLATE=utf8_bin;

-- ----------------------------
-- Records of act_hi_procinst
-- ----------------------------
INSERT INTO `act_hi_procinst` VALUES ('10004', '10004', 'BUSIKEY-8-1502244883217-product_audit', 'product_audit:1:10003', '2017-08-09 10:14:43', '2017-08-09 10:16:46', '122586', '1', 'startevent1', 'endevent1', null, null, '', null);
INSERT INTO `act_hi_procinst` VALUES ('12500', '12500', 'BUSIKEY-1-1502257595289-product_audit', 'product_audit:1:10003', '2017-08-09 13:46:36', '2017-08-14 09:29:59', '416602585', '5', 'startevent1', 'endevent1', null, null, '', null);
INSERT INTO `act_hi_procinst` VALUES ('12507', '12507', 'BUSIKEY-2-1502258458765-product_audit', 'product_audit:1:10003', '2017-08-09 14:00:59', null, null, '5', 'startevent1', null, null, null, '', null);
INSERT INTO `act_hi_procinst` VALUES ('12514', '12514', 'BUSIKEY-3-1502350173248-product_audit', 'product_audit:1:10003', '2017-08-10 15:29:33', null, null, '65', 'startevent1', null, null, null, '', null);
INSERT INTO `act_hi_procinst` VALUES ('12521', '12521', 'BUSIKEY-4-1502350183973-product_audit', 'product_audit:1:10003', '2017-08-10 15:29:44', '2017-08-10 19:29:23', '14378805', '65', 'startevent1', 'endevent1', null, null, '', null);
INSERT INTO `act_hi_procinst` VALUES ('12528', '12528', 'BUSIKEY-5-1502355317140-product_audit', 'product_audit:1:10003', '2017-08-10 16:55:17', null, null, '2', 'startevent1', null, null, null, '', null);
INSERT INTO `act_hi_procinst` VALUES ('12535', '12535', 'BUSIKEY-6-1502355357651-product_audit', 'product_audit:1:10003', '2017-08-10 16:55:58', '2017-08-10 18:05:11', '4153313', '2', 'startevent1', 'endevent1', null, null, '', null);
INSERT INTO `act_hi_procinst` VALUES ('12544', '12544', 'BUSIKEY-7-1502361811656-product_audit', 'product_audit:1:10003', '2017-08-10 18:43:32', '2017-08-10 19:28:54', '2722478', '65', 'startevent1', 'endevent1', null, null, '', null);
INSERT INTO `act_hi_procinst` VALUES ('12551', '12551', 'BUSIKEY-8-1502364490464-product_audit', 'product_audit:1:10003', '2017-08-10 19:28:10', '2017-08-10 19:30:16', '126088', '5', 'startevent1', 'endevent1', null, null, '', null);
INSERT INTO `act_hi_procinst` VALUES ('12562', '12562', 'BUSIKEY-9-1502364577738-product_audit', 'product_audit:1:10003', '2017-08-10 19:29:38', '2017-08-10 19:30:01', '22763', '5', 'startevent1', 'endevent1', null, null, '', null);
INSERT INTO `act_hi_procinst` VALUES ('12573', '12573', 'BUSIKEY-10-1502366749971-product_audit', 'product_audit:1:10003', '2017-08-10 20:05:50', '2017-08-10 20:06:11', '21145', '5', 'startevent1', 'endevent1', null, null, '', null);
INSERT INTO `act_hi_procinst` VALUES ('12582', '12582', 'BUSIKEY-11-1502367048330-product_audit', 'product_audit:1:10003', '2017-08-10 20:10:48', '2017-08-10 20:11:12', '23703', '5', 'startevent1', 'endevent1', null, null, '', null);
INSERT INTO `act_hi_procinst` VALUES ('12591', '12591', 'BUSIKEY-12-1502367083264-product_audit', 'product_audit:1:10003', '2017-08-10 20:11:23', '2017-08-10 20:11:33', '10233', '5', 'startevent1', 'endevent1', null, null, '', null);
INSERT INTO `act_hi_procinst` VALUES ('12600', '12600', 'BUSIKEY-13-1502416445343-product_audit', 'product_audit:1:10003', '2017-08-11 09:54:05', '2017-08-14 09:51:22', '259037270', '1', 'startevent1', 'endevent1', null, null, '', null);
INSERT INTO `act_hi_procinst` VALUES ('12607', '12607', 'BUSIKEY-14-1502416794652-product_audit', 'product_audit:1:10003', '2017-08-11 09:59:55', '2017-08-14 10:38:36', '261521482', '2', 'startevent1', 'endevent1', null, null, '', null);
INSERT INTO `act_hi_procinst` VALUES ('12614', '12614', 'BUSIKEY-15-1502421104406-product_audit', 'product_audit:1:10003', '2017-08-11 11:11:44', '2017-08-14 10:39:50', '257285543', '68', 'startevent1', 'endevent1', null, null, '', null);
INSERT INTO `act_hi_procinst` VALUES ('12629', '12629', 'BUSIKEY-16-1502689334763-product_audit', 'product_audit:1:10003', '2017-08-14 13:42:15', null, null, '1', 'startevent1', null, null, null, '', null);
INSERT INTO `act_hi_procinst` VALUES ('12636', '12636', 'BUSIKEY-17-1502689636376-product_audit', 'product_audit:1:10003', '2017-08-14 13:47:16', '2017-08-14 13:47:21', '5389', '5', 'startevent1', 'endevent1', null, null, '', null);

-- ----------------------------
-- Table structure for act_hi_taskinst
-- ----------------------------
DROP TABLE IF EXISTS `act_hi_taskinst`;
CREATE TABLE `act_hi_taskinst` (
  `ID_` varchar(64) COLLATE utf8_bin NOT NULL,
  `PROC_DEF_ID_` varchar(64) COLLATE utf8_bin DEFAULT NULL,
  `TASK_DEF_KEY_` varchar(255) COLLATE utf8_bin DEFAULT NULL,
  `PROC_INST_ID_` varchar(64) COLLATE utf8_bin DEFAULT NULL,
  `EXECUTION_ID_` varchar(64) COLLATE utf8_bin DEFAULT NULL,
  `NAME_` varchar(255) COLLATE utf8_bin DEFAULT NULL,
  `PARENT_TASK_ID_` varchar(64) COLLATE utf8_bin DEFAULT NULL,
  `DESCRIPTION_` varchar(4000) COLLATE utf8_bin DEFAULT NULL,
  `OWNER_` varchar(255) COLLATE utf8_bin DEFAULT NULL,
  `ASSIGNEE_` varchar(255) COLLATE utf8_bin DEFAULT NULL,
  `START_TIME_` datetime NOT NULL,
  `CLAIM_TIME_` datetime DEFAULT NULL,
  `END_TIME_` datetime DEFAULT NULL,
  `DURATION_` bigint(20) DEFAULT NULL,
  `DELETE_REASON_` varchar(4000) COLLATE utf8_bin DEFAULT NULL,
  `PRIORITY_` int(11) DEFAULT NULL,
  `DUE_DATE_` datetime DEFAULT NULL,
  `FORM_KEY_` varchar(255) COLLATE utf8_bin DEFAULT NULL,
  `CATEGORY_` varchar(255) COLLATE utf8_bin DEFAULT NULL,
  `TENANT_ID_` varchar(255) COLLATE utf8_bin DEFAULT '',
  PRIMARY KEY (`ID_`),
  KEY `ACT_IDX_HI_TASK_INST_PROCINST` (`PROC_INST_ID_`)
) ENGINE=InnoDB DEFAULT CHARSET=utf8 COLLATE=utf8_bin;

-- ----------------------------
-- Records of act_hi_taskinst
-- ----------------------------
INSERT INTO `act_hi_taskinst` VALUES ('10009', 'product_audit:1:10003', 'usertask1', '10004', '10004', '申请上线', null, null, null, 'C0001', '2017-08-09 10:14:43', null, '2017-08-09 10:16:46', '122560', 'completed', '50', null, null, null, '');
INSERT INTO `act_hi_taskinst` VALUES ('12505', 'product_audit:1:10003', 'usertask1', '12500', '12500', '申请上线', null, null, null, 'C0001', '2017-08-09 13:46:36', null, '2017-08-14 09:29:59', '416602575', 'completed', '50', null, null, null, '');
INSERT INTO `act_hi_taskinst` VALUES ('12512', 'product_audit:1:10003', 'usertask1', '12507', '12507', '申请上线', null, null, null, 'C0001', '2017-08-09 14:00:59', null, null, null, null, '50', null, null, null, '');
INSERT INTO `act_hi_taskinst` VALUES ('12519', 'product_audit:1:10003', 'usertask1', '12514', '12514', '申请上线', null, null, null, 'C0001', '2017-08-10 15:29:33', null, null, null, null, '50', null, null, null, '');
INSERT INTO `act_hi_taskinst` VALUES ('12526', 'product_audit:1:10003', 'usertask1', '12521', '12521', '申请上线', null, null, null, 'C0001', '2017-08-10 15:29:44', null, '2017-08-10 19:29:23', '14378793', 'completed', '50', null, null, null, '');
INSERT INTO `act_hi_taskinst` VALUES ('12533', 'product_audit:1:10003', 'usertask1', '12528', '12528', '申请上线', null, null, null, 'C0001', '2017-08-10 16:55:17', null, null, null, null, '50', null, null, null, '');
INSERT INTO `act_hi_taskinst` VALUES ('12540', 'product_audit:1:10003', 'usertask1', '12535', '12535', '申请上线', null, null, null, 'C0001', '2017-08-10 16:55:58', null, '2017-08-10 18:05:11', '4153292', 'completed', '50', null, null, null, '');
INSERT INTO `act_hi_taskinst` VALUES ('12549', 'product_audit:1:10003', 'usertask1', '12544', '12544', '申请上线', null, null, null, 'C0001', '2017-08-10 18:43:32', null, '2017-08-10 19:28:54', '2722465', 'completed', '50', null, null, null, '');
INSERT INTO `act_hi_taskinst` VALUES ('12556', 'product_audit:1:10003', 'usertask1', '12551', '12551', '申请上线', null, null, null, 'C0001', '2017-08-10 19:28:10', null, '2017-08-10 19:30:16', '126077', 'completed', '50', null, null, null, '');
INSERT INTO `act_hi_taskinst` VALUES ('12567', 'product_audit:1:10003', 'usertask1', '12562', '12562', '申请上线', null, null, null, 'C0001', '2017-08-10 19:29:38', null, '2017-08-10 19:30:01', '22752', 'completed', '50', null, null, null, '');
INSERT INTO `act_hi_taskinst` VALUES ('12578', 'product_audit:1:10003', 'usertask1', '12573', '12573', '申请上线', null, null, null, 'C0001', '2017-08-10 20:05:50', null, '2017-08-10 20:06:11', '21128', 'completed', '50', null, null, null, '');
INSERT INTO `act_hi_taskinst` VALUES ('12587', 'product_audit:1:10003', 'usertask1', '12582', '12582', '申请上线', null, null, null, 'C0001', '2017-08-10 20:10:48', null, '2017-08-10 20:11:12', '23693', 'completed', '50', null, null, null, '');
INSERT INTO `act_hi_taskinst` VALUES ('12596', 'product_audit:1:10003', 'usertask1', '12591', '12591', '申请上线', null, null, null, 'C0001', '2017-08-10 20:11:23', null, '2017-08-10 20:11:33', '10221', 'completed', '50', null, null, null, '');
INSERT INTO `act_hi_taskinst` VALUES ('12605', 'product_audit:1:10003', 'usertask1', '12600', '12600', '申请上线', null, null, null, 'C0001', '2017-08-11 09:54:05', null, '2017-08-14 09:51:22', '259037260', 'completed', '50', null, null, null, '');
INSERT INTO `act_hi_taskinst` VALUES ('12612', 'product_audit:1:10003', 'usertask1', '12607', '12607', '申请上线', null, null, null, 'C0001', '2017-08-11 09:59:55', null, '2017-08-14 10:38:36', '261521472', 'completed', '50', null, null, null, '');
INSERT INTO `act_hi_taskinst` VALUES ('12619', 'product_audit:1:10003', 'usertask1', '12614', '12614', '申请上线', null, null, null, 'C0001', '2017-08-11 11:11:44', null, '2017-08-14 10:39:50', '257285532', 'completed', '50', null, null, null, '');
INSERT INTO `act_hi_taskinst` VALUES ('12634', 'product_audit:1:10003', 'usertask1', '12629', '12629', '申请上线', null, null, null, 'C0001', '2017-08-14 13:42:15', null, null, null, null, '50', null, null, null, '');
INSERT INTO `act_hi_taskinst` VALUES ('12641', 'product_audit:1:10003', 'usertask1', '12636', '12636', '申请上线', null, null, null, 'C0001', '2017-08-14 13:47:16', null, '2017-08-14 13:47:21', '5380', 'completed', '50', null, null, null, '');

-- ----------------------------
-- Table structure for act_hi_varinst
-- ----------------------------
DROP TABLE IF EXISTS `act_hi_varinst`;
CREATE TABLE `act_hi_varinst` (
  `ID_` varchar(64) COLLATE utf8_bin NOT NULL,
  `PROC_INST_ID_` varchar(64) COLLATE utf8_bin DEFAULT NULL,
  `EXECUTION_ID_` varchar(64) COLLATE utf8_bin DEFAULT NULL,
  `TASK_ID_` varchar(64) COLLATE utf8_bin DEFAULT NULL,
  `NAME_` varchar(255) COLLATE utf8_bin NOT NULL,
  `VAR_TYPE_` varchar(100) COLLATE utf8_bin DEFAULT NULL,
  `REV_` int(11) DEFAULT NULL,
  `BYTEARRAY_ID_` varchar(64) COLLATE utf8_bin DEFAULT NULL,
  `DOUBLE_` double DEFAULT NULL,
  `LONG_` bigint(20) DEFAULT NULL,
  `TEXT_` varchar(4000) COLLATE utf8_bin DEFAULT NULL,
  `TEXT2_` varchar(4000) COLLATE utf8_bin DEFAULT NULL,
  `CREATE_TIME_` datetime DEFAULT NULL,
  `LAST_UPDATED_TIME_` datetime DEFAULT NULL,
  PRIMARY KEY (`ID_`),
  KEY `ACT_IDX_HI_PROCVAR_PROC_INST` (`PROC_INST_ID_`),
  KEY `ACT_IDX_HI_PROCVAR_NAME_TYPE` (`NAME_`,`VAR_TYPE_`),
  KEY `ACT_IDX_HI_PROCVAR_TASK_ID` (`TASK_ID_`)
) ENGINE=InnoDB DEFAULT CHARSET=utf8 COLLATE=utf8_bin;

-- ----------------------------
-- Records of act_hi_varinst
-- ----------------------------
INSERT INTO `act_hi_varinst` VALUES ('10005', '10004', '10004', null, 'init_C0001', 'string', '1', null, null, null, '{\"role\":[\"5\"]}', null, '2017-08-09 10:14:43', '2017-08-09 10:16:46');
INSERT INTO `act_hi_varinst` VALUES ('10014', '10004', '10004', null, 'pass', 'boolean', '0', null, null, '1', null, null, '2017-08-09 10:16:46', '2017-08-09 10:16:46');
INSERT INTO `act_hi_varinst` VALUES ('12501', '12500', '12500', null, 'init_C0001', 'string', '1', null, null, null, '{\"role\":[\"5\"]}', null, '2017-08-09 13:46:36', '2017-08-14 09:29:59');
INSERT INTO `act_hi_varinst` VALUES ('12508', '12507', '12507', null, 'init_C0001', 'string', '0', null, null, null, '{\"role\":[\"5\"]}', null, '2017-08-09 14:00:59', '2017-08-09 14:00:59');
INSERT INTO `act_hi_varinst` VALUES ('12515', '12514', '12514', null, 'init_C0001', 'string', '0', null, null, null, '{\"role\":[\"5\"]}', null, '2017-08-10 15:29:33', '2017-08-10 15:29:33');
INSERT INTO `act_hi_varinst` VALUES ('12522', '12521', '12521', null, 'init_C0001', 'string', '1', null, null, null, '{\"role\":[\"5\"]}', null, '2017-08-10 15:29:44', '2017-08-10 19:29:23');
INSERT INTO `act_hi_varinst` VALUES ('12529', '12528', '12528', null, 'init_C0001', 'string', '0', null, null, null, '{\"role\":[\"5\"]}', null, '2017-08-10 16:55:17', '2017-08-10 16:55:17');
INSERT INTO `act_hi_varinst` VALUES ('12536', '12535', '12535', null, 'init_C0001', 'string', '1', null, null, null, '{\"role\":[\"5\"]}', null, '2017-08-10 16:55:58', '2017-08-10 18:05:11');
INSERT INTO `act_hi_varinst` VALUES ('12542', '12535', '12535', null, 'pass', 'boolean', '0', null, null, '0', null, null, '2017-08-10 18:05:11', '2017-08-10 18:05:11');
INSERT INTO `act_hi_varinst` VALUES ('12545', '12544', '12544', null, 'init_C0001', 'string', '1', null, null, null, '{\"role\":[\"5\"]}', null, '2017-08-10 18:43:32', '2017-08-10 19:28:54');
INSERT INTO `act_hi_varinst` VALUES ('12552', '12551', '12551', null, 'init_C0001', 'string', '1', null, null, null, '{\"role\":[\"5\"]}', null, '2017-08-10 19:28:10', '2017-08-10 19:30:16');
INSERT INTO `act_hi_varinst` VALUES ('12558', '12544', '12544', null, 'pass', 'boolean', '0', null, null, '1', null, null, '2017-08-10 19:28:54', '2017-08-10 19:28:54');
INSERT INTO `act_hi_varinst` VALUES ('12560', '12521', '12521', null, 'pass', 'boolean', '0', null, null, '0', null, null, '2017-08-10 19:29:23', '2017-08-10 19:29:23');
INSERT INTO `act_hi_varinst` VALUES ('12563', '12562', '12562', null, 'init_C0001', 'string', '1', null, null, null, '{\"role\":[\"5\"]}', null, '2017-08-10 19:29:38', '2017-08-10 19:30:01');
INSERT INTO `act_hi_varinst` VALUES ('12569', '12562', '12562', null, 'pass', 'boolean', '0', null, null, '1', null, null, '2017-08-10 19:30:01', '2017-08-10 19:30:01');
INSERT INTO `act_hi_varinst` VALUES ('12571', '12551', '12551', null, 'pass', 'boolean', '0', null, null, '1', null, null, '2017-08-10 19:30:16', '2017-08-10 19:30:16');
INSERT INTO `act_hi_varinst` VALUES ('12574', '12573', '12573', null, 'init_C0001', 'string', '1', null, null, null, '{\"role\":[\"5\"]}', null, '2017-08-10 20:05:50', '2017-08-10 20:06:11');
INSERT INTO `act_hi_varinst` VALUES ('12580', '12573', '12573', null, 'pass', 'boolean', '0', null, null, '0', null, null, '2017-08-10 20:06:11', '2017-08-10 20:06:11');
INSERT INTO `act_hi_varinst` VALUES ('12583', '12582', '12582', null, 'init_C0001', 'string', '1', null, null, null, '{\"role\":[\"5\"]}', null, '2017-08-10 20:10:48', '2017-08-10 20:11:12');
INSERT INTO `act_hi_varinst` VALUES ('12589', '12582', '12582', null, 'pass', 'boolean', '0', null, null, '0', null, null, '2017-08-10 20:11:12', '2017-08-10 20:11:12');
INSERT INTO `act_hi_varinst` VALUES ('12592', '12591', '12591', null, 'init_C0001', 'string', '1', null, null, null, '{\"role\":[\"5\"]}', null, '2017-08-10 20:11:23', '2017-08-10 20:11:33');
INSERT INTO `act_hi_varinst` VALUES ('12598', '12591', '12591', null, 'pass', 'boolean', '0', null, null, '1', null, null, '2017-08-10 20:11:33', '2017-08-10 20:11:33');
INSERT INTO `act_hi_varinst` VALUES ('12601', '12600', '12600', null, 'init_C0001', 'string', '1', null, null, null, '{\"role\":[\"5\"]}', null, '2017-08-11 09:54:05', '2017-08-14 09:51:22');
INSERT INTO `act_hi_varinst` VALUES ('12608', '12607', '12607', null, 'init_C0001', 'string', '1', null, null, null, '{\"role\":[\"5\"]}', null, '2017-08-11 09:59:55', '2017-08-14 10:38:36');
INSERT INTO `act_hi_varinst` VALUES ('12615', '12614', '12614', null, 'init_C0001', 'string', '1', null, null, null, '{\"role\":[\"5\"]}', null, '2017-08-11 11:11:44', '2017-08-14 10:39:50');
INSERT INTO `act_hi_varinst` VALUES ('12621', '12500', '12500', null, 'pass', 'boolean', '0', null, null, '0', null, null, '2017-08-14 09:29:59', '2017-08-14 09:29:59');
INSERT INTO `act_hi_varinst` VALUES ('12623', '12600', '12600', null, 'pass', 'boolean', '0', null, null, '0', null, null, '2017-08-14 09:51:22', '2017-08-14 09:51:22');
INSERT INTO `act_hi_varinst` VALUES ('12625', '12607', '12607', null, 'pass', 'boolean', '0', null, null, '0', null, null, '2017-08-14 10:38:36', '2017-08-14 10:38:36');
INSERT INTO `act_hi_varinst` VALUES ('12627', '12614', '12614', null, 'pass', 'boolean', '0', null, null, '0', null, null, '2017-08-14 10:39:50', '2017-08-14 10:39:50');
INSERT INTO `act_hi_varinst` VALUES ('12630', '12629', '12629', null, 'init_C0001', 'string', '0', null, null, null, '{\"role\":[\"5\"]}', null, '2017-08-14 13:42:15', '2017-08-14 13:42:15');
INSERT INTO `act_hi_varinst` VALUES ('12637', '12636', '12636', null, 'init_C0001', 'string', '1', null, null, null, '{\"role\":[\"5\"]}', null, '2017-08-14 13:47:16', '2017-08-14 13:47:21');
INSERT INTO `act_hi_varinst` VALUES ('12643', '12636', '12636', null, 'pass', 'boolean', '0', null, null, '1', null, null, '2017-08-14 13:47:21', '2017-08-14 13:47:21');

-- ----------------------------
-- Table structure for act_id_group
-- ----------------------------
DROP TABLE IF EXISTS `act_id_group`;
CREATE TABLE `act_id_group` (
  `ID_` varchar(64) COLLATE utf8_bin NOT NULL DEFAULT '',
  `REV_` int(11) DEFAULT NULL,
  `NAME_` varchar(255) COLLATE utf8_bin DEFAULT NULL,
  `TYPE_` varchar(255) COLLATE utf8_bin DEFAULT NULL,
  PRIMARY KEY (`ID_`)
) ENGINE=InnoDB DEFAULT CHARSET=utf8 COLLATE=utf8_bin;

-- ----------------------------
-- Records of act_id_group
-- ----------------------------
INSERT INTO `act_id_group` VALUES ('10011', '1', 'C0001', 'product_audit');

-- ----------------------------
-- Table structure for act_id_info
-- ----------------------------
DROP TABLE IF EXISTS `act_id_info`;
CREATE TABLE `act_id_info` (
  `ID_` varchar(64) COLLATE utf8_bin NOT NULL DEFAULT '',
  `REV_` int(11) DEFAULT NULL,
  `USER_ID_` varchar(64) COLLATE utf8_bin DEFAULT NULL,
  `TYPE_` varchar(64) COLLATE utf8_bin DEFAULT NULL,
  `KEY_` varchar(255) COLLATE utf8_bin DEFAULT NULL,
  `VALUE_` varchar(255) COLLATE utf8_bin DEFAULT NULL,
  `PASSWORD_` longblob,
  `PARENT_ID_` varchar(255) COLLATE utf8_bin DEFAULT NULL,
  PRIMARY KEY (`ID_`)
) ENGINE=InnoDB DEFAULT CHARSET=utf8 COLLATE=utf8_bin;

-- ----------------------------
-- Records of act_id_info
-- ----------------------------

-- ----------------------------
-- Table structure for act_id_membership
-- ----------------------------
DROP TABLE IF EXISTS `act_id_membership`;
CREATE TABLE `act_id_membership` (
  `USER_ID_` varchar(64) COLLATE utf8_bin NOT NULL DEFAULT '',
  `GROUP_ID_` varchar(64) COLLATE utf8_bin NOT NULL DEFAULT '',
  PRIMARY KEY (`USER_ID_`,`GROUP_ID_`),
  KEY `ACT_FK_MEMB_GROUP` (`GROUP_ID_`),
  CONSTRAINT `ACT_FK_MEMB_GROUP` FOREIGN KEY (`GROUP_ID_`) REFERENCES `act_id_group` (`ID_`),
  CONSTRAINT `ACT_FK_MEMB_USER` FOREIGN KEY (`USER_ID_`) REFERENCES `act_id_user` (`ID_`)
) ENGINE=InnoDB DEFAULT CHARSET=utf8 COLLATE=utf8_bin;

-- ----------------------------
-- Records of act_id_membership
-- ----------------------------
INSERT INTO `act_id_membership` VALUES ('10012', '10011');

-- ----------------------------
-- Table structure for act_id_user
-- ----------------------------
DROP TABLE IF EXISTS `act_id_user`;
CREATE TABLE `act_id_user` (
  `ID_` varchar(64) COLLATE utf8_bin NOT NULL DEFAULT '',
  `REV_` int(11) DEFAULT NULL,
  `FIRST_` varchar(255) COLLATE utf8_bin DEFAULT NULL,
  `LAST_` varchar(255) COLLATE utf8_bin DEFAULT NULL,
  `EMAIL_` varchar(255) COLLATE utf8_bin DEFAULT NULL,
  `PWD_` varchar(255) COLLATE utf8_bin DEFAULT NULL,
  `PICTURE_ID_` varchar(64) COLLATE utf8_bin DEFAULT NULL,
  PRIMARY KEY (`ID_`)
) ENGINE=InnoDB DEFAULT CHARSET=utf8 COLLATE=utf8_bin;

-- ----------------------------
-- Records of act_id_user
-- ----------------------------
INSERT INTO `act_id_user` VALUES ('10012', '1', '5', 'role', null, null, null);

-- ----------------------------
-- Table structure for act_procdef_info
-- ----------------------------
DROP TABLE IF EXISTS `act_procdef_info`;
CREATE TABLE `act_procdef_info` (
  `ID_` varchar(64) COLLATE utf8_bin NOT NULL,
  `PROC_DEF_ID_` varchar(64) COLLATE utf8_bin NOT NULL,
  `REV_` int(11) DEFAULT NULL,
  `INFO_JSON_ID_` varchar(64) COLLATE utf8_bin DEFAULT NULL,
  PRIMARY KEY (`ID_`),
  UNIQUE KEY `ACT_UNIQ_INFO_PROCDEF` (`PROC_DEF_ID_`),
  KEY `ACT_IDX_INFO_PROCDEF` (`PROC_DEF_ID_`),
  KEY `ACT_FK_INFO_JSON_BA` (`INFO_JSON_ID_`),
  CONSTRAINT `ACT_FK_INFO_JSON_BA` FOREIGN KEY (`INFO_JSON_ID_`) REFERENCES `act_ge_bytearray` (`ID_`),
  CONSTRAINT `ACT_FK_INFO_PROCDEF` FOREIGN KEY (`PROC_DEF_ID_`) REFERENCES `act_re_procdef` (`ID_`)
) ENGINE=InnoDB DEFAULT CHARSET=utf8 COLLATE=utf8_bin;

-- ----------------------------
-- Records of act_procdef_info
-- ----------------------------

-- ----------------------------
-- Table structure for act_re_deployment
-- ----------------------------
DROP TABLE IF EXISTS `act_re_deployment`;
CREATE TABLE `act_re_deployment` (
  `ID_` varchar(64) COLLATE utf8_bin NOT NULL DEFAULT '',
  `NAME_` varchar(255) COLLATE utf8_bin DEFAULT NULL,
  `CATEGORY_` varchar(255) COLLATE utf8_bin DEFAULT NULL,
  `TENANT_ID_` varchar(255) COLLATE utf8_bin DEFAULT '',
  `DEPLOY_TIME_` timestamp(3) NULL DEFAULT NULL,
  PRIMARY KEY (`ID_`)
) ENGINE=InnoDB DEFAULT CHARSET=utf8 COLLATE=utf8_bin;

-- ----------------------------
-- Records of act_re_deployment
-- ----------------------------
INSERT INTO `act_re_deployment` VALUES ('10000', null, null, '', '2017-08-09 10:13:46.484');

-- ----------------------------
-- Table structure for act_re_model
-- ----------------------------
DROP TABLE IF EXISTS `act_re_model`;
CREATE TABLE `act_re_model` (
  `ID_` varchar(64) COLLATE utf8_bin NOT NULL,
  `REV_` int(11) DEFAULT NULL,
  `NAME_` varchar(255) COLLATE utf8_bin DEFAULT NULL,
  `KEY_` varchar(255) COLLATE utf8_bin DEFAULT NULL,
  `CATEGORY_` varchar(255) COLLATE utf8_bin DEFAULT NULL,
  `CREATE_TIME_` timestamp NULL DEFAULT NULL,
  `LAST_UPDATE_TIME_` timestamp NULL DEFAULT NULL,
  `VERSION_` int(11) DEFAULT NULL,
  `META_INFO_` varchar(4000) COLLATE utf8_bin DEFAULT NULL,
  `DEPLOYMENT_ID_` varchar(64) COLLATE utf8_bin DEFAULT NULL,
  `EDITOR_SOURCE_VALUE_ID_` varchar(64) COLLATE utf8_bin DEFAULT NULL,
  `EDITOR_SOURCE_EXTRA_VALUE_ID_` varchar(64) COLLATE utf8_bin DEFAULT NULL,
  `TENANT_ID_` varchar(255) COLLATE utf8_bin DEFAULT '',
  PRIMARY KEY (`ID_`),
  KEY `ACT_FK_MODEL_SOURCE` (`EDITOR_SOURCE_VALUE_ID_`),
  KEY `ACT_FK_MODEL_SOURCE_EXTRA` (`EDITOR_SOURCE_EXTRA_VALUE_ID_`),
  KEY `ACT_FK_MODEL_DEPLOYMENT` (`DEPLOYMENT_ID_`),
  CONSTRAINT `ACT_FK_MODEL_DEPLOYMENT` FOREIGN KEY (`DEPLOYMENT_ID_`) REFERENCES `act_re_deployment` (`ID_`),
  CONSTRAINT `ACT_FK_MODEL_SOURCE` FOREIGN KEY (`EDITOR_SOURCE_VALUE_ID_`) REFERENCES `act_ge_bytearray` (`ID_`),
  CONSTRAINT `ACT_FK_MODEL_SOURCE_EXTRA` FOREIGN KEY (`EDITOR_SOURCE_EXTRA_VALUE_ID_`) REFERENCES `act_ge_bytearray` (`ID_`)
) ENGINE=InnoDB DEFAULT CHARSET=utf8 COLLATE=utf8_bin;

-- ----------------------------
-- Records of act_re_model
-- ----------------------------

-- ----------------------------
-- Table structure for act_re_procdef
-- ----------------------------
DROP TABLE IF EXISTS `act_re_procdef`;
CREATE TABLE `act_re_procdef` (
  `ID_` varchar(64) COLLATE utf8_bin NOT NULL,
  `REV_` int(11) DEFAULT NULL,
  `CATEGORY_` varchar(255) COLLATE utf8_bin DEFAULT NULL,
  `NAME_` varchar(255) COLLATE utf8_bin DEFAULT NULL,
  `KEY_` varchar(255) COLLATE utf8_bin NOT NULL,
  `VERSION_` int(11) NOT NULL,
  `DEPLOYMENT_ID_` varchar(64) COLLATE utf8_bin DEFAULT NULL,
  `RESOURCE_NAME_` varchar(4000) COLLATE utf8_bin DEFAULT NULL,
  `DGRM_RESOURCE_NAME_` varchar(4000) COLLATE utf8_bin DEFAULT NULL,
  `DESCRIPTION_` varchar(4000) COLLATE utf8_bin DEFAULT NULL,
  `HAS_START_FORM_KEY_` tinyint(4) DEFAULT NULL,
  `HAS_GRAPHICAL_NOTATION_` tinyint(4) DEFAULT NULL,
  `SUSPENSION_STATE_` int(11) DEFAULT NULL,
  `TENANT_ID_` varchar(255) COLLATE utf8_bin DEFAULT '',
  PRIMARY KEY (`ID_`),
  UNIQUE KEY `ACT_UNIQ_PROCDEF` (`KEY_`,`VERSION_`,`TENANT_ID_`)
) ENGINE=InnoDB DEFAULT CHARSET=utf8 COLLATE=utf8_bin;

-- ----------------------------
-- Records of act_re_procdef
-- ----------------------------
INSERT INTO `act_re_procdef` VALUES ('product_audit:1:10003', '1', 'http://www.activiti.org/test', 'product_audit', 'product_audit', '1', '10000', 'product_audit.bpmn', 'product_audit.product_audit.png', null, '0', '1', '1', '');

-- ----------------------------
-- Table structure for act_ru_event_subscr
-- ----------------------------
DROP TABLE IF EXISTS `act_ru_event_subscr`;
CREATE TABLE `act_ru_event_subscr` (
  `ID_` varchar(64) COLLATE utf8_bin NOT NULL,
  `REV_` int(11) DEFAULT NULL,
  `EVENT_TYPE_` varchar(255) COLLATE utf8_bin NOT NULL,
  `EVENT_NAME_` varchar(255) COLLATE utf8_bin DEFAULT NULL,
  `EXECUTION_ID_` varchar(64) COLLATE utf8_bin DEFAULT NULL,
  `PROC_INST_ID_` varchar(64) COLLATE utf8_bin DEFAULT NULL,
  `ACTIVITY_ID_` varchar(64) COLLATE utf8_bin DEFAULT NULL,
  `CONFIGURATION_` varchar(255) COLLATE utf8_bin DEFAULT NULL,
  `CREATED_` timestamp NOT NULL DEFAULT CURRENT_TIMESTAMP,
  `PROC_DEF_ID_` varchar(64) COLLATE utf8_bin DEFAULT NULL,
  `TENANT_ID_` varchar(255) COLLATE utf8_bin DEFAULT '',
  PRIMARY KEY (`ID_`),
  KEY `ACT_IDX_EVENT_SUBSCR_CONFIG_` (`CONFIGURATION_`),
  KEY `ACT_FK_EVENT_EXEC` (`EXECUTION_ID_`),
  CONSTRAINT `ACT_FK_EVENT_EXEC` FOREIGN KEY (`EXECUTION_ID_`) REFERENCES `act_ru_execution` (`ID_`)
) ENGINE=InnoDB DEFAULT CHARSET=utf8 COLLATE=utf8_bin;

-- ----------------------------
-- Records of act_ru_event_subscr
-- ----------------------------

-- ----------------------------
-- Table structure for act_ru_execution
-- ----------------------------
DROP TABLE IF EXISTS `act_ru_execution`;
CREATE TABLE `act_ru_execution` (
  `ID_` varchar(64) COLLATE utf8_bin NOT NULL DEFAULT '',
  `REV_` int(11) DEFAULT NULL,
  `PROC_INST_ID_` varchar(64) COLLATE utf8_bin DEFAULT NULL,
  `BUSINESS_KEY_` varchar(255) COLLATE utf8_bin DEFAULT NULL,
  `PARENT_ID_` varchar(64) COLLATE utf8_bin DEFAULT NULL,
  `PROC_DEF_ID_` varchar(64) COLLATE utf8_bin DEFAULT NULL,
  `SUPER_EXEC_` varchar(64) COLLATE utf8_bin DEFAULT NULL,
  `ACT_ID_` varchar(255) COLLATE utf8_bin DEFAULT NULL,
  `IS_ACTIVE_` tinyint(4) DEFAULT NULL,
  `IS_CONCURRENT_` tinyint(4) DEFAULT NULL,
  `IS_SCOPE_` tinyint(4) DEFAULT NULL,
  `IS_EVENT_SCOPE_` tinyint(4) DEFAULT NULL,
  `SUSPENSION_STATE_` int(11) DEFAULT NULL,
  `CACHED_ENT_STATE_` int(11) DEFAULT NULL,
  `TENANT_ID_` varchar(255) COLLATE utf8_bin DEFAULT '',
  `NAME_` varchar(255) COLLATE utf8_bin DEFAULT NULL,
  `LOCK_TIME_` timestamp NULL DEFAULT NULL,
  PRIMARY KEY (`ID_`),
  KEY `ACT_IDX_EXEC_BUSKEY` (`BUSINESS_KEY_`),
  KEY `ACT_FK_EXE_PROCINST` (`PROC_INST_ID_`),
  KEY `ACT_FK_EXE_PARENT` (`PARENT_ID_`),
  KEY `ACT_FK_EXE_SUPER` (`SUPER_EXEC_`),
  KEY `ACT_FK_EXE_PROCDEF` (`PROC_DEF_ID_`),
  CONSTRAINT `ACT_FK_EXE_PARENT` FOREIGN KEY (`PARENT_ID_`) REFERENCES `act_ru_execution` (`ID_`),
  CONSTRAINT `ACT_FK_EXE_PROCDEF` FOREIGN KEY (`PROC_DEF_ID_`) REFERENCES `act_re_procdef` (`ID_`),
  CONSTRAINT `ACT_FK_EXE_PROCINST` FOREIGN KEY (`PROC_INST_ID_`) REFERENCES `act_ru_execution` (`ID_`) ON DELETE CASCADE ON UPDATE CASCADE,
  CONSTRAINT `ACT_FK_EXE_SUPER` FOREIGN KEY (`SUPER_EXEC_`) REFERENCES `act_ru_execution` (`ID_`)
) ENGINE=InnoDB DEFAULT CHARSET=utf8 COLLATE=utf8_bin;

-- ----------------------------
-- Records of act_ru_execution
-- ----------------------------
INSERT INTO `act_ru_execution` VALUES ('12507', '1', '12507', 'BUSIKEY-2-1502258458765-product_audit', null, 'product_audit:1:10003', null, 'usertask1', '1', '0', '1', '0', '1', '2', '', null, null);
INSERT INTO `act_ru_execution` VALUES ('12514', '1', '12514', 'BUSIKEY-3-1502350173248-product_audit', null, 'product_audit:1:10003', null, 'usertask1', '1', '0', '1', '0', '1', '2', '', null, null);
INSERT INTO `act_ru_execution` VALUES ('12528', '1', '12528', 'BUSIKEY-5-1502355317140-product_audit', null, 'product_audit:1:10003', null, 'usertask1', '1', '0', '1', '0', '1', '2', '', null, null);
INSERT INTO `act_ru_execution` VALUES ('12629', '1', '12629', 'BUSIKEY-16-1502689334763-product_audit', null, 'product_audit:1:10003', null, 'usertask1', '1', '0', '1', '0', '1', '2', '', null, null);

-- ----------------------------
-- Table structure for act_ru_identitylink
-- ----------------------------
DROP TABLE IF EXISTS `act_ru_identitylink`;
CREATE TABLE `act_ru_identitylink` (
  `ID_` varchar(64) COLLATE utf8_bin NOT NULL DEFAULT '',
  `REV_` int(11) DEFAULT NULL,
  `GROUP_ID_` varchar(255) COLLATE utf8_bin DEFAULT NULL,
  `TYPE_` varchar(255) COLLATE utf8_bin DEFAULT NULL,
  `USER_ID_` varchar(255) COLLATE utf8_bin DEFAULT NULL,
  `TASK_ID_` varchar(64) COLLATE utf8_bin DEFAULT NULL,
  `PROC_INST_ID_` varchar(64) COLLATE utf8_bin DEFAULT NULL,
  `PROC_DEF_ID_` varchar(64) COLLATE utf8_bin DEFAULT NULL,
  PRIMARY KEY (`ID_`),
  KEY `ACT_IDX_IDENT_LNK_USER` (`USER_ID_`),
  KEY `ACT_IDX_IDENT_LNK_GROUP` (`GROUP_ID_`),
  KEY `ACT_IDX_ATHRZ_PROCEDEF` (`PROC_DEF_ID_`),
  KEY `ACT_FK_TSKASS_TASK` (`TASK_ID_`),
  KEY `ACT_FK_IDL_PROCINST` (`PROC_INST_ID_`),
  CONSTRAINT `ACT_FK_ATHRZ_PROCEDEF` FOREIGN KEY (`PROC_DEF_ID_`) REFERENCES `act_re_procdef` (`ID_`),
  CONSTRAINT `ACT_FK_IDL_PROCINST` FOREIGN KEY (`PROC_INST_ID_`) REFERENCES `act_ru_execution` (`ID_`),
  CONSTRAINT `ACT_FK_TSKASS_TASK` FOREIGN KEY (`TASK_ID_`) REFERENCES `act_ru_task` (`ID_`)
) ENGINE=InnoDB DEFAULT CHARSET=utf8 COLLATE=utf8_bin;

-- ----------------------------
-- Records of act_ru_identitylink
-- ----------------------------
INSERT INTO `act_ru_identitylink` VALUES ('12509', '1', null, 'starter', '5', null, '12507', null);
INSERT INTO `act_ru_identitylink` VALUES ('12513', '1', null, 'participant', 'C0001', null, '12507', null);
INSERT INTO `act_ru_identitylink` VALUES ('12516', '1', null, 'starter', '65', null, '12514', null);
INSERT INTO `act_ru_identitylink` VALUES ('12520', '1', null, 'participant', 'C0001', null, '12514', null);
INSERT INTO `act_ru_identitylink` VALUES ('12530', '1', null, 'starter', '2', null, '12528', null);
INSERT INTO `act_ru_identitylink` VALUES ('12534', '1', null, 'participant', 'C0001', null, '12528', null);
INSERT INTO `act_ru_identitylink` VALUES ('12631', '1', null, 'starter', '1', null, '12629', null);
INSERT INTO `act_ru_identitylink` VALUES ('12635', '1', null, 'participant', 'C0001', null, '12629', null);

-- ----------------------------
-- Table structure for act_ru_job
-- ----------------------------
DROP TABLE IF EXISTS `act_ru_job`;
CREATE TABLE `act_ru_job` (
  `ID_` varchar(64) COLLATE utf8_bin NOT NULL,
  `REV_` int(11) DEFAULT NULL,
  `TYPE_` varchar(255) COLLATE utf8_bin NOT NULL,
  `LOCK_EXP_TIME_` timestamp NULL DEFAULT NULL,
  `LOCK_OWNER_` varchar(255) COLLATE utf8_bin DEFAULT NULL,
  `EXCLUSIVE_` tinyint(1) DEFAULT NULL,
  `EXECUTION_ID_` varchar(64) COLLATE utf8_bin DEFAULT NULL,
  `PROCESS_INSTANCE_ID_` varchar(64) COLLATE utf8_bin DEFAULT NULL,
  `PROC_DEF_ID_` varchar(64) COLLATE utf8_bin DEFAULT NULL,
  `RETRIES_` int(11) DEFAULT NULL,
  `EXCEPTION_STACK_ID_` varchar(64) COLLATE utf8_bin DEFAULT NULL,
  `EXCEPTION_MSG_` varchar(4000) COLLATE utf8_bin DEFAULT NULL,
  `DUEDATE_` timestamp NULL DEFAULT NULL,
  `REPEAT_` varchar(255) COLLATE utf8_bin DEFAULT NULL,
  `HANDLER_TYPE_` varchar(255) COLLATE utf8_bin DEFAULT NULL,
  `HANDLER_CFG_` varchar(4000) COLLATE utf8_bin DEFAULT NULL,
  `TENANT_ID_` varchar(255) COLLATE utf8_bin DEFAULT '',
  PRIMARY KEY (`ID_`),
  KEY `ACT_FK_JOB_EXCEPTION` (`EXCEPTION_STACK_ID_`),
  CONSTRAINT `ACT_FK_JOB_EXCEPTION` FOREIGN KEY (`EXCEPTION_STACK_ID_`) REFERENCES `act_ge_bytearray` (`ID_`)
) ENGINE=InnoDB DEFAULT CHARSET=utf8 COLLATE=utf8_bin;

-- ----------------------------
-- Records of act_ru_job
-- ----------------------------

-- ----------------------------
-- Table structure for act_ru_task
-- ----------------------------
DROP TABLE IF EXISTS `act_ru_task`;
CREATE TABLE `act_ru_task` (
  `ID_` varchar(64) COLLATE utf8_bin NOT NULL DEFAULT '',
  `REV_` int(11) DEFAULT NULL,
  `EXECUTION_ID_` varchar(64) COLLATE utf8_bin DEFAULT NULL,
  `PROC_INST_ID_` varchar(64) COLLATE utf8_bin DEFAULT NULL,
  `PROC_DEF_ID_` varchar(64) COLLATE utf8_bin DEFAULT NULL,
  `NAME_` varchar(255) COLLATE utf8_bin DEFAULT NULL,
  `PARENT_TASK_ID_` varchar(64) COLLATE utf8_bin DEFAULT NULL,
  `DESCRIPTION_` varchar(4000) COLLATE utf8_bin DEFAULT NULL,
  `TASK_DEF_KEY_` varchar(255) COLLATE utf8_bin DEFAULT NULL,
  `OWNER_` varchar(255) COLLATE utf8_bin DEFAULT NULL,
  `ASSIGNEE_` varchar(255) COLLATE utf8_bin DEFAULT NULL,
  `DELEGATION_` varchar(64) COLLATE utf8_bin DEFAULT NULL,
  `PRIORITY_` int(11) DEFAULT NULL,
  `CREATE_TIME_` timestamp(3) NULL DEFAULT NULL,
  `DUE_DATE_` datetime DEFAULT NULL,
  `CATEGORY_` varchar(255) COLLATE utf8_bin DEFAULT NULL,
  `SUSPENSION_STATE_` int(11) DEFAULT NULL,
  `TENANT_ID_` varchar(255) COLLATE utf8_bin DEFAULT '',
  `FORM_KEY_` varchar(255) COLLATE utf8_bin DEFAULT NULL,
  PRIMARY KEY (`ID_`),
  KEY `ACT_IDX_TASK_CREATE` (`CREATE_TIME_`),
  KEY `ACT_FK_TASK_EXE` (`EXECUTION_ID_`),
  KEY `ACT_FK_TASK_PROCINST` (`PROC_INST_ID_`),
  KEY `ACT_FK_TASK_PROCDEF` (`PROC_DEF_ID_`),
  CONSTRAINT `ACT_FK_TASK_EXE` FOREIGN KEY (`EXECUTION_ID_`) REFERENCES `act_ru_execution` (`ID_`),
  CONSTRAINT `ACT_FK_TASK_PROCDEF` FOREIGN KEY (`PROC_DEF_ID_`) REFERENCES `act_re_procdef` (`ID_`),
  CONSTRAINT `ACT_FK_TASK_PROCINST` FOREIGN KEY (`PROC_INST_ID_`) REFERENCES `act_ru_execution` (`ID_`)
) ENGINE=InnoDB DEFAULT CHARSET=utf8 COLLATE=utf8_bin;

-- ----------------------------
-- Records of act_ru_task
-- ----------------------------
INSERT INTO `act_ru_task` VALUES ('12512', '1', '12507', '12507', 'product_audit:1:10003', '申请上线', null, null, 'usertask1', null, 'C0001', null, '50', '2017-08-09 14:00:58.791', null, null, '1', '', null);
INSERT INTO `act_ru_task` VALUES ('12519', '1', '12514', '12514', 'product_audit:1:10003', '申请上线', null, null, 'usertask1', null, 'C0001', null, '50', '2017-08-10 15:29:33.299', null, null, '1', '', null);
INSERT INTO `act_ru_task` VALUES ('12533', '1', '12528', '12528', 'product_audit:1:10003', '申请上线', null, null, 'usertask1', null, 'C0001', null, '50', '2017-08-10 16:55:17.167', null, null, '1', '', null);
INSERT INTO `act_ru_task` VALUES ('12634', '1', '12629', '12629', 'product_audit:1:10003', '申请上线', null, null, 'usertask1', null, 'C0001', null, '50', '2017-08-14 13:42:14.783', null, null, '1', '', null);

-- ----------------------------
-- Table structure for act_ru_variable
-- ----------------------------
DROP TABLE IF EXISTS `act_ru_variable`;
CREATE TABLE `act_ru_variable` (
  `ID_` varchar(64) COLLATE utf8_bin NOT NULL,
  `REV_` int(11) DEFAULT NULL,
  `TYPE_` varchar(255) COLLATE utf8_bin NOT NULL,
  `NAME_` varchar(255) COLLATE utf8_bin NOT NULL,
  `EXECUTION_ID_` varchar(64) COLLATE utf8_bin DEFAULT NULL,
  `PROC_INST_ID_` varchar(64) COLLATE utf8_bin DEFAULT NULL,
  `TASK_ID_` varchar(64) COLLATE utf8_bin DEFAULT NULL,
  `BYTEARRAY_ID_` varchar(64) COLLATE utf8_bin DEFAULT NULL,
  `DOUBLE_` double DEFAULT NULL,
  `LONG_` bigint(20) DEFAULT NULL,
  `TEXT_` varchar(4000) COLLATE utf8_bin DEFAULT NULL,
  `TEXT2_` varchar(4000) COLLATE utf8_bin DEFAULT NULL,
  PRIMARY KEY (`ID_`),
  KEY `ACT_IDX_VARIABLE_TASK_ID` (`TASK_ID_`),
  KEY `ACT_FK_VAR_EXE` (`EXECUTION_ID_`),
  KEY `ACT_FK_VAR_PROCINST` (`PROC_INST_ID_`),
  KEY `ACT_FK_VAR_BYTEARRAY` (`BYTEARRAY_ID_`),
  CONSTRAINT `ACT_FK_VAR_BYTEARRAY` FOREIGN KEY (`BYTEARRAY_ID_`) REFERENCES `act_ge_bytearray` (`ID_`),
  CONSTRAINT `ACT_FK_VAR_EXE` FOREIGN KEY (`EXECUTION_ID_`) REFERENCES `act_ru_execution` (`ID_`),
  CONSTRAINT `ACT_FK_VAR_PROCINST` FOREIGN KEY (`PROC_INST_ID_`) REFERENCES `act_ru_execution` (`ID_`)
) ENGINE=InnoDB DEFAULT CHARSET=utf8 COLLATE=utf8_bin;

-- ----------------------------
-- Records of act_ru_variable
-- ----------------------------
INSERT INTO `act_ru_variable` VALUES ('12508', '1', 'string', 'init_C0001', '12507', '12507', null, null, null, null, '{\"role\":[\"5\"]}', null);
INSERT INTO `act_ru_variable` VALUES ('12515', '1', 'string', 'init_C0001', '12514', '12514', null, null, null, null, '{\"role\":[\"5\"]}', null);
INSERT INTO `act_ru_variable` VALUES ('12529', '1', 'string', 'init_C0001', '12528', '12528', null, null, null, null, '{\"role\":[\"5\"]}', null);
INSERT INTO `act_ru_variable` VALUES ('12630', '1', 'string', 'init_C0001', '12629', '12629', null, null, null, null, '{\"role\":[\"5\"]}', null);

-- ----------------------------
-- Table structure for api_resource
-- ----------------------------
DROP TABLE IF EXISTS `api_resource`;
CREATE TABLE `api_resource` (
  `id` bigint(20) NOT NULL AUTO_INCREMENT COMMENT '主键',
  `tenant_id` bigint(20) DEFAULT NULL COMMENT '租户id',
  `code` varchar(64) DEFAULT NULL COMMENT '编码',
  `system_code` varchar(32) DEFAULT NULL COMMENT '系统编码',
  `name` varchar(32) DEFAULT NULL COMMENT '名字',
  `url` varchar(256) DEFAULT NULL COMMENT '链接',
  `url_type` tinyint(2) DEFAULT '1' COMMENT '链接类型；1：PC，2：APP',
  `is_enabled` tinyint(2) DEFAULT '1' COMMENT '是否启用，0：否，1：是',
  `is_whitelist` tinyint(2) DEFAULT NULL COMMENT '是否白名单',
  `description` varchar(512) DEFAULT NULL COMMENT '描述',
  `create_date` datetime DEFAULT NULL COMMENT '创建日期',
  `create_user_id` bigint(20) DEFAULT NULL COMMENT '创建者id',
  `update_user_id` bigint(20) DEFAULT NULL COMMENT '更新者id',
  `update_date` datetime DEFAULT NULL COMMENT '更新日期',
  `is_delete` tinyint(2) DEFAULT '0' COMMENT '是否删除，0：否，1：是',
  PRIMARY KEY (`id`),
  UNIQUE KEY `unique` (`code`,`url_type`) USING BTREE,
  UNIQUE KEY `code_uq` (`code`)
) ENGINE=InnoDB AUTO_INCREMENT=70 DEFAULT CHARSET=utf8 COMMENT='api资源表';

-- ----------------------------
-- Records of api_resource
-- ----------------------------
INSERT INTO `api_resource` VALUES ('1', null, 'reservation.add', 'WM', '我的预约-->从我的预约页面进行预约', '/reservation/add', '1', '1', '0', null, '2017-12-01 10:10:46', null, null, null, '0');
INSERT INTO `api_resource` VALUES ('2', null, 'reservation.submit_declaration', 'WM', '我的预约-->从我的预约页面提交报单', '/reservation/submit_declaration', '1', '1', '0', null, '2017-12-01 10:10:46', null, null, null, '0');
INSERT INTO `api_resource` VALUES ('3', null, 'reservation.cancel', 'WM', '我的预约-->取消预约', '/reservation/cancel', '1', '1', '0', null, '2017-12-01 10:10:46', null, null, null, '0');
INSERT INTO `api_resource` VALUES ('4', null, 'reservation.again_commit', 'WM', '我的预约-->重新提交', '/reservation/again_commit', '1', '1', '0', null, '2017-12-01 10:10:46', null, null, null, '0');
INSERT INTO `api_resource` VALUES ('5', null, 'reservation.audit.get_page', 'WM', '预约额度审批-->获取预约额度审批分页数据接口', '/reservation/audit/get_page', '1', '1', '0', null, '2017-12-01 10:10:46', null, null, null, '0');
INSERT INTO `api_resource` VALUES ('6', null, 'reservation.audit.do', 'WM', '预约额度审批-->预约额度审批页面，审批操作接口', '/reservation/audit/do', '1', '1', '0', null, '2017-12-01 10:10:46', null, null, null, '0');
INSERT INTO `api_resource` VALUES ('7', null, 'reservation.audit.discard', 'WM', '预约额度审批-->预约作废', '/reservation/audit/discard', '1', '1', '0', null, '2017-12-01 10:10:46', null, null, null, '0');
INSERT INTO `api_resource` VALUES ('8', null, 'reservation.audit.gets_audit_record', 'WM', '预约额度审批-->获取审批记录接口', '/reservation/audit/gets_audit_record', '1', '1', '0', null, '2017-12-01 10:10:46', null, null, null, '0');
INSERT INTO `api_resource` VALUES ('9', null, 'leads.get_page', 'WM', '销售线索管理-->销售线索管理分页接口', '/leads/get_page', '1', '1', '0', null, '2017-12-01 10:10:46', null, null, null, '0');
INSERT INTO `api_resource` VALUES ('10', null, 'leads.customer.get_unallot', 'WM', '销售线索管理-->获取未被分配的销售线索接口', '/leads/customer/get_unallot', '1', '1', '0', null, '2017-12-01 10:10:46', null, null, null, '0');
INSERT INTO `api_resource` VALUES ('11', null, 'leads.allot', 'WM', '销售线索管理-->销售线索分配回访接口', '/leads/allot', '1', '1', '0', null, '2017-12-01 10:10:46', null, null, null, '0');
INSERT INTO `api_resource` VALUES ('12', null, 'leads.try_allot', 'WM', '销售线索管理-->销售线索尝试分配客服', '/leads/try_allot', '1', '1', '0', null, '2017-12-01 10:10:46', null, null, null, '0');
INSERT INTO `api_resource` VALUES ('13', null, 'leads.allot_to_fp', 'WM', '销售线索管理-->销售线索分配给理财师', '/leads/allot_to_fp', '1', '1', '0', null, '2017-12-01 10:10:46', null, null, null, '0');
INSERT INTO `api_resource` VALUES ('14', null, 'receipt.plan.get_page', 'WM', '回款计划管理-->回款计划分页数据接口', '/receipt/plan/get_page', '1', '1', '0', null, '2017-12-01 10:10:46', null, null, null, '0');
INSERT INTO `api_resource` VALUES ('15', null, 'receipt.plan.delete', 'WM', '回款计划管理-->删除回款计划接口', '/receipt/plan/delete', '1', '1', '0', null, '2017-12-01 10:10:46', null, null, null, '0');
INSERT INTO `api_resource` VALUES ('16', null, 'receipt.record.add', 'WM', '回款计划管理-->录入回款接口', '/receipt/record/add', '1', '1', '0', null, '2017-12-01 10:10:46', null, null, null, '0');
INSERT INTO `api_resource` VALUES ('17', null, 'receipt.plan.check_name_exist', 'WM', '回款计划管理-->检查回款计划名称是否存在接口', '/receipt/plan/check_name_exist', '1', '1', '0', null, '2017-12-01 10:10:46', null, null, null, '0');
INSERT INTO `api_resource` VALUES ('18', null, 'product.get_select_option_for_receipt', 'WM', '回款计划管理-->添加回款计划 产品自动补全下拉接口', '/product/get_select_option_for_receipt', '1', '1', '0', null, '2017-12-01 10:10:46', null, null, null, '0');
INSERT INTO `api_resource` VALUES ('19', null, 'receipt.plan.add', 'WM', '回款计划管理-->添加回款计划接口', '/receipt/plan/add', '1', '1', '0', null, '2017-12-01 10:10:46', null, null, null, '0');
INSERT INTO `api_resource` VALUES ('20', null, 'receipt.plan.get', 'WM', '回款计划管理-->获取回款计划详情接口', '/receipt/plan/get', '1', '1', '0', null, '2017-12-01 10:10:46', null, null, null, '0');
INSERT INTO `api_resource` VALUES ('21', null, 'receipt.plan.detail.get_receipts', 'WM', '回款计划管理-->回款计划详情回款记录列表接口', '/receipt/plan/detail/get_receipts', '1', '1', '0', null, '2017-12-01 10:10:46', null, null, null, '0');
INSERT INTO `api_resource` VALUES ('22', null, 'receipt.record.delete', 'WM', '回款计划管理-->回款计划详情 删除回款记录几口', '/receipt/record/delete', '1', '1', '0', null, '2017-12-01 10:10:46', null, null, null, '0');
INSERT INTO `api_resource` VALUES ('23', null, 'receipt.plan.update', 'WM', '回款计划管理-->修改回款计划接口', '/receipt/plan/update', '1', '1', '0', null, '2017-12-01 10:10:46', null, null, null, '0');
INSERT INTO `api_resource` VALUES ('24', null, 'receipt.plan.detail.get_declarations', 'WM', '回款计划管理-->回款计划详情 关联报单列表接口', '/receipt/plan/detail/get_declarations', '1', '1', '0', null, '2017-12-01 10:10:46', null, null, null, '0');
INSERT INTO `api_resource` VALUES ('25', null, 'receipt.plan.delete_declaration_rel', 'WM', '回款计划管理-->回款计划详情 移除关联报单', '/receipt/plan/delete_declaration_rel', '1', '1', '0', null, '2017-12-01 10:10:46', null, null, null, '0');
INSERT INTO `api_resource` VALUES ('26', null, 'receipt.record.get_can_receipt_declarations', 'WM', '回款计划管理-->回款计划详情 获取可新增的关联报单接口', '/receipt/record/get_can_receipt_declarations', '1', '1', '0', null, '2017-12-01 10:10:46', null, null, null, '0');
INSERT INTO `api_resource` VALUES ('27', null, 'receipt.plan.add_declaration_rel', 'WM', '回款计划管理-->回款计划详情 新增关联报单', '/receipt/plan/add_declaration_rel', '1', '1', '0', null, '2017-12-01 10:10:46', null, null, null, '0');
INSERT INTO `api_resource` VALUES ('28', null, 'receipt.plan.check_name_exist_for_update', 'WM', '回款计划管理-->检查回款计划名称是否存在（更新操作使用）', '/receipt/plan/check_name_exist_for_update', '1', '1', '0', null, '2017-12-01 10:10:46', null, null, null, '0');
INSERT INTO `api_resource` VALUES ('29', null, 'receipt.plan.detail.get_supplier', 'WM', '回款计划管理-->获取产品供应商', '/receipt/plan/detail/get_supplier', '1', '1', '0', null, '2017-12-01 10:10:46', null, null, null, '0');
INSERT INTO `api_resource` VALUES ('30', null, 'role.gets', 'WM', '角色权限管理-->获取角色列表接口', '/role/gets', '1', '1', '0', null, '2017-12-01 10:10:46', null, null, null, '0');
INSERT INTO `api_resource` VALUES ('31', null, 'resource.get_by_role_id', 'WM', '角色权限管理-->获取角色对应的资源列表接口', '/resource/get_by_role_id', '1', '1', '0', null, '2017-12-01 10:10:46', null, null, null, '0');
INSERT INTO `api_resource` VALUES ('32', null, 'data.object.gets', 'WM', '角色权限管理-->获取角色对应的数据权限列表接口', '/data/object/gets', '1', '1', '0', null, '2017-12-01 10:10:46', null, null, null, '0');
INSERT INTO `api_resource` VALUES ('33', null, 'user.get_by_role', 'WM', '角色权限管理-->获取角色关联员工列表接口', '/user/get_by_role', '1', '1', '0', null, '2017-12-01 10:10:46', null, null, null, '0');
INSERT INTO `api_resource` VALUES ('34', null, 'role.add', 'WM', '角色权限管理-->添加角色接口', '/role/add', '1', '1', '0', null, '2017-12-01 10:10:46', null, null, null, '0');
INSERT INTO `api_resource` VALUES ('35', null, 'role.update', 'WM', '角色权限管理-->修改角色接口', '/role/update', '1', '1', '0', null, '2017-12-01 10:10:46', null, null, null, '0');
INSERT INTO `api_resource` VALUES ('36', null, 'role.delete', 'WM', '角色权限管理-->删除角色接口', '/role/delete', '1', '1', '0', null, '2017-12-01 10:10:46', null, null, null, '0');
INSERT INTO `api_resource` VALUES ('37', null, 'resource.update_by_role_id', 'WM', '角色权限管理-->修改角色的功能权限接口', '/resource/update_by_role_id', '1', '1', '0', null, '2017-12-01 10:10:46', null, null, null, '0');
INSERT INTO `api_resource` VALUES ('38', null, 'user.get_for_org', 'WM', '角色权限管理-->查看员工详情', '/user/get_for_org', '1', '1', '0', null, '2017-12-01 10:10:46', null, null, null, '0');
INSERT INTO `api_resource` VALUES ('39', null, 'user.modify', 'WM', '角色权限管理&组织架构管理-->编辑用户', '/user/modify', '1', '1', '0', null, '2017-12-01 10:10:46', null, null, null, '0');
INSERT INTO `api_resource` VALUES ('40', null, 'customer.v2.get_page', 'WM', '客户-->获取分页数据', '/customer/v2/get_page', '1', '1', '0', null, '2017-12-01 10:10:46', null, null, null, '0');
INSERT INTO `api_resource` VALUES ('41', null, 'customer.v2.back.apply', 'WM', '客户-->放弃', '/customer/v2/back/apply', '1', '1', '0', null, '2017-12-01 10:10:46', null, null, null, '0');
INSERT INTO `api_resource` VALUES ('42', null, 'customer.v2.add', 'WM', '客户-->新增客户', '/customer/v2/add', '1', '1', '0', null, '2017-12-01 10:10:46', null, null, null, '0');
INSERT INTO `api_resource` VALUES ('43', null, 'customer.v2.import.multi', 'WM', '客户-->批量导入客户', '/customer/v2/import/multi', '1', '1', '0', null, '2017-12-01 10:10:46', null, null, null, '0');
INSERT INTO `api_resource` VALUES ('44', null, 'customer.v2.distribution.allot_to_fp', 'WM', '客户-->调配', '/customer/v2/distribution/allot_to_fp', '1', '1', '0', null, '2017-12-01 10:10:46', null, null, null, '0');
INSERT INTO `api_resource` VALUES ('45', null, 'customer.v2.distribution.recycle', 'WM', '客户-->回收', '/customer/v2/distribution/recycle', '1', '1', '0', null, '2017-12-01 10:10:46', null, null, null, '0');
INSERT INTO `api_resource` VALUES ('46', null, 'customer.v2.distribution.allot_to_cs', 'WM', '客户-->分配回访', '/customer/v2/distribution/allot_to_cs', '1', '1', '0', null, '2017-12-01 10:10:46', null, null, null, '0');
INSERT INTO `api_resource` VALUES ('47', null, 'user.customer.v2.focus', 'WM', '客户-->关注', '/user/customer/v2/focus', '1', '1', '0', null, '2017-12-01 10:10:46', null, null, null, '0');
INSERT INTO `api_resource` VALUES ('48', null, 'customer.validate_mobile', 'WM', '白名单-->验证客户手机号是否可用', '/customer/validate_mobile', '1', '1', '1', null, '2017-12-01 10:10:46', null, null, null, '0');
INSERT INTO `api_resource` VALUES ('49', null, 'customer.update', 'WM', '白名单-->编辑客户基本资料', '/customer/update', '1', '1', '1', null, '2017-12-01 10:10:46', null, null, null, '0');
INSERT INTO `api_resource` VALUES ('50', null, 'customer.update_info', 'WM', '白名单-->编辑客户信息', '/customer/update_info', '1', '1', '1', null, '2017-12-01 10:10:46', null, null, null, '0');
INSERT INTO `api_resource` VALUES ('51', null, 'customer.update_contact', 'WM', '白名单-->编辑客户联系方式', '/customer/update_contact', '1', '1', '1', null, '2017-12-01 10:10:46', null, null, null, '0');
INSERT INTO `api_resource` VALUES ('52', null, 'customer.get_detail', 'WM', '白名单-->获取客户详情', '/customer/get_detail', '1', '1', '1', null, '2017-12-01 10:10:46', null, null, null, '0');
INSERT INTO `api_resource` VALUES ('53', null, 'customer.get_user_customer', 'WM', '白名单-->获取我的客户下拉选项', '/customer/get_user_customer', '1', '1', '1', null, '2017-12-01 10:10:46', null, null, null, '0');
INSERT INTO `api_resource` VALUES ('54', null, 'customer.follow.add', 'WM', '白名单-->添加跟进', '/customer/follow/add', '1', '1', '1', null, '2017-12-01 10:10:46', null, null, null, '0');
INSERT INTO `api_resource` VALUES ('55', null, 'leads.customer.detail.get_page', 'WM', '白名单-->获取客户详情页面销售线索列表', '/leads/customer/detail/get_page', '1', '1', '1', null, '2017-12-01 10:10:46', null, null, null, '0');
INSERT INTO `api_resource` VALUES ('56', null, 'leads.process', 'WM', '白名单-->处理销售线索', '/leads/process', '1', '1', '1', null, '2017-12-01 10:10:46', null, null, null, '0');
INSERT INTO `api_resource` VALUES ('57', null, 'resource.get_menu', 'WM', '白名单-->获取菜单和功能权限', '/resource/get_menu', '1', '1', '1', null, '2017-12-01 10:10:46', null, null, null, '0');
INSERT INTO `api_resource` VALUES ('58', null, 'dictionary.gets', 'WM', '白名单-->获取数据字段', '/dictionary/gets', '1', '1', '1', null, '2017-12-01 10:10:46', null, null, null, '0');
INSERT INTO `api_resource` VALUES ('59', null, 'msg.message.get_unread_count', 'WM', '白名单-->获取消息的个数', '/msg/message/get_unread_count', '1', '1', '1', null, '2017-12-01 10:10:46', null, null, null, '0');
INSERT INTO `api_resource` VALUES ('60', null, 'product.fieldgroup.get_all', 'WM', '白名单-->获取所有产品类别', '/product/fieldgroup/get_all', '1', '1', '1', null, '2017-12-01 10:10:46', null, null, null, '0');
INSERT INTO `api_resource` VALUES ('61', null, 'msg.message.get_my_page', 'WM', '白名单-->分页获取消息列表', '/msg/message/get_my_page', '1', '1', '1', null, '2017-12-01 10:10:46', null, null, null, '0');
INSERT INTO `api_resource` VALUES ('62', null, 'department.gets', 'WM', '组织架构管理-->获取部门接口', '/department/gets', '1', '1', '0', null, '2017-12-01 18:29:58', null, null, null, '0');
INSERT INTO `api_resource` VALUES ('63', null, 'user.get_enabled_users', 'WM', '组织架构管理-->获取在职员工接口', '/user/get_enabled_users', '1', '1', '0', null, '2017-12-01 18:29:58', null, null, null, '0');
INSERT INTO `api_resource` VALUES ('64', null, 'user.get_cease_users', 'WM', '组织架构管理-->获取停用员工接口', '/user/get_cease_users', '1', '1', '0', null, '2017-12-01 18:29:59', null, null, null, '0');
INSERT INTO `api_resource` VALUES ('65', null, 'user.cease', 'WM', '组织架构管理-->停用员工接口', '/user/cease', '1', '1', '0', null, '2017-12-01 18:30:00', null, null, null, '0');
INSERT INTO `api_resource` VALUES ('66', null, 'user.enabled', 'WM', '组织架构管理-->启用员工接口', '/user/enabled', '1', '1', '0', null, '2017-12-01 18:30:01', null, null, null, '0');
INSERT INTO `api_resource` VALUES ('67', null, 'department.add', 'WM', '组织架构管理-->新增部门接口', '/department/add', '1', '1', '0', null, '2017-12-01 18:30:02', null, null, null, '0');
INSERT INTO `api_resource` VALUES ('68', null, 'department.update', 'WM', '组织架构管理-->编辑部门接口', '/department/update', '1', '1', '0', null, '2017-12-01 18:30:02', null, null, null, '0');
INSERT INTO `api_resource` VALUES ('69', null, 'department.delete', 'WM', '组织架构管理-->删除部门接口', '/department/delete', '1', '1', '0', null, '2017-12-01 18:30:03', null, null, null, '0');

-- ----------------------------
-- Table structure for api_resource_rel
-- ----------------------------
DROP TABLE IF EXISTS `api_resource_rel`;
CREATE TABLE `api_resource_rel` (
  `id` bigint(20) NOT NULL AUTO_INCREMENT COMMENT '主键',
  `tenant_id` bigint(20) DEFAULT NULL COMMENT '租户id',
  `resource_id` bigint(20) DEFAULT NULL COMMENT '资源id',
  `api_id` bigint(20) DEFAULT NULL COMMENT 'api资源id',
  `create_date` datetime DEFAULT NULL COMMENT '创建日期',
  `create_user_id` bigint(20) DEFAULT NULL COMMENT '创建者id',
  `update_user_id` bigint(20) DEFAULT NULL COMMENT '更新者id',
  `update_date` datetime DEFAULT NULL COMMENT '更新日期',
  `is_delete` tinyint(2) DEFAULT '0' COMMENT '是否删除，0：否，1：是',
  PRIMARY KEY (`id`),
  KEY `resource_id_index` (`resource_id`),
  KEY `api_id_index` (`api_id`)
) ENGINE=InnoDB AUTO_INCREMENT=72 DEFAULT CHARSET=utf8 COMMENT='api资源关系表';

-- ----------------------------
-- Records of api_resource_rel
-- ----------------------------
INSERT INTO `api_resource_rel` VALUES ('1', null, '55', '1', '2017-12-01 10:10:46', null, null, null, '0');
INSERT INTO `api_resource_rel` VALUES ('2', null, '27', '2', '2017-12-01 10:10:46', null, null, null, '0');
INSERT INTO `api_resource_rel` VALUES ('3', null, '27', '3', '2017-12-01 10:10:46', null, null, null, '0');
INSERT INTO `api_resource_rel` VALUES ('4', null, '27', '4', '2017-12-01 10:10:46', null, null, null, '0');
INSERT INTO `api_resource_rel` VALUES ('5', null, '29', '5', '2017-12-01 10:10:46', null, null, null, '0');
INSERT INTO `api_resource_rel` VALUES ('6', null, '57', '6', '2017-12-01 10:10:46', null, null, null, '0');
INSERT INTO `api_resource_rel` VALUES ('7', null, '65', '7', '2017-12-01 10:10:46', null, null, null, '0');
INSERT INTO `api_resource_rel` VALUES ('8', null, '29', '5', '2017-12-01 10:10:46', null, null, null, '0');
INSERT INTO `api_resource_rel` VALUES ('9', null, '67', '9', '2017-12-01 10:10:46', null, null, null, '0');
INSERT INTO `api_resource_rel` VALUES ('10', null, '68', '10', '2017-12-01 10:10:46', null, null, null, '0');
INSERT INTO `api_resource_rel` VALUES ('11', null, '68', '11', '2017-12-01 10:10:46', null, null, null, '0');
INSERT INTO `api_resource_rel` VALUES ('12', null, '68', '12', '2017-12-01 10:10:46', null, null, null, '0');
INSERT INTO `api_resource_rel` VALUES ('13', null, '69', '13', '2017-12-01 10:10:46', null, null, null, '0');
INSERT INTO `api_resource_rel` VALUES ('14', null, '78', '14', '2017-12-01 10:10:46', null, null, null, '0');
INSERT INTO `api_resource_rel` VALUES ('15', null, '78', '15', '2017-12-01 10:10:46', null, null, null, '0');
INSERT INTO `api_resource_rel` VALUES ('16', null, '78', '16', '2017-12-01 10:10:46', null, null, null, '0');
INSERT INTO `api_resource_rel` VALUES ('17', null, '86', '17', '2017-12-01 10:10:46', null, null, null, '0');
INSERT INTO `api_resource_rel` VALUES ('18', null, '86', '18', '2017-12-01 10:10:46', null, null, null, '0');
INSERT INTO `api_resource_rel` VALUES ('19', null, '86', '19', '2017-12-01 10:10:46', null, null, null, '0');
INSERT INTO `api_resource_rel` VALUES ('20', null, '78', '20', '2017-12-01 10:10:46', null, null, null, '0');
INSERT INTO `api_resource_rel` VALUES ('21', null, '79', '20', '2017-12-01 10:10:46', null, null, null, '0');
INSERT INTO `api_resource_rel` VALUES ('22', null, '78', '21', '2017-12-01 10:10:46', null, null, null, '0');
INSERT INTO `api_resource_rel` VALUES ('23', null, '79', '21', '2017-12-01 10:10:46', null, null, null, '0');
INSERT INTO `api_resource_rel` VALUES ('24', null, '78', '22', '2017-12-01 10:10:46', null, null, null, '0');
INSERT INTO `api_resource_rel` VALUES ('25', null, '79', '22', '2017-12-01 10:10:46', null, null, null, '0');
INSERT INTO `api_resource_rel` VALUES ('26', null, '78', '23', '2017-12-01 10:10:46', null, null, null, '0');
INSERT INTO `api_resource_rel` VALUES ('27', null, '79', '23', '2017-12-01 10:10:46', null, null, null, '0');
INSERT INTO `api_resource_rel` VALUES ('28', null, '78', '24', '2017-12-01 10:10:46', null, null, null, '0');
INSERT INTO `api_resource_rel` VALUES ('29', null, '79', '24', '2017-12-01 10:10:46', null, null, null, '0');
INSERT INTO `api_resource_rel` VALUES ('30', null, '78', '25', '2017-12-01 10:10:46', null, null, null, '0');
INSERT INTO `api_resource_rel` VALUES ('31', null, '79', '25', '2017-12-01 10:10:46', null, null, null, '0');
INSERT INTO `api_resource_rel` VALUES ('32', null, '78', '26', '2017-12-01 10:10:46', null, null, null, '0');
INSERT INTO `api_resource_rel` VALUES ('33', null, '79', '26', '2017-12-01 10:10:46', null, null, null, '0');
INSERT INTO `api_resource_rel` VALUES ('34', null, '78', '27', '2017-12-01 10:10:46', null, null, null, '0');
INSERT INTO `api_resource_rel` VALUES ('35', null, '79', '27', '2017-12-01 10:10:46', null, null, null, '0');
INSERT INTO `api_resource_rel` VALUES ('36', null, '78', '28', '2017-12-01 10:10:46', null, null, null, '0');
INSERT INTO `api_resource_rel` VALUES ('37', null, '79', '28', '2017-12-01 10:10:46', null, null, null, '0');
INSERT INTO `api_resource_rel` VALUES ('38', null, '78', '28', '2017-12-01 10:10:46', null, null, null, '0');
INSERT INTO `api_resource_rel` VALUES ('39', null, '79', '28', '2017-12-01 10:10:46', null, null, null, '0');
INSERT INTO `api_resource_rel` VALUES ('40', null, '2', '30', '2017-12-01 10:10:46', null, null, null, '0');
INSERT INTO `api_resource_rel` VALUES ('41', null, '2', '31', '2017-12-01 10:10:46', null, null, null, '0');
INSERT INTO `api_resource_rel` VALUES ('42', null, '2', '32', '2017-12-01 10:10:46', null, null, null, '0');
INSERT INTO `api_resource_rel` VALUES ('43', null, '2', '33', '2017-12-01 10:10:46', null, null, null, '0');
INSERT INTO `api_resource_rel` VALUES ('44', null, '2', '34', '2017-12-01 10:10:46', null, null, null, '0');
INSERT INTO `api_resource_rel` VALUES ('45', null, '2', '35', '2017-12-01 10:10:46', null, null, null, '0');
INSERT INTO `api_resource_rel` VALUES ('46', null, '2', '36', '2017-12-01 10:10:46', null, null, null, '0');
INSERT INTO `api_resource_rel` VALUES ('47', null, '2', '37', '2017-12-01 10:10:46', null, null, null, '0');
INSERT INTO `api_resource_rel` VALUES ('48', null, '2', '38', '2017-12-01 10:10:46', null, null, null, '0');
INSERT INTO `api_resource_rel` VALUES ('49', null, '2', '39', '2017-12-01 10:10:46', null, null, null, '0');
INSERT INTO `api_resource_rel` VALUES ('50', null, '91', '40', '2017-12-01 10:10:46', null, null, null, '0');
INSERT INTO `api_resource_rel` VALUES ('51', null, '92', '41', '2017-12-01 10:10:46', null, null, null, '0');
INSERT INTO `api_resource_rel` VALUES ('52', null, '93', '42', '2017-12-01 10:10:46', null, null, null, '0');
INSERT INTO `api_resource_rel` VALUES ('53', null, '94', '43', '2017-12-01 10:10:46', null, null, null, '0');
INSERT INTO `api_resource_rel` VALUES ('54', null, '95', '44', '2017-12-01 10:10:46', null, null, null, '0');
INSERT INTO `api_resource_rel` VALUES ('55', null, '96', '45', '2017-12-01 10:10:46', null, null, null, '0');
INSERT INTO `api_resource_rel` VALUES ('56', null, '97', '46', '2017-12-01 10:10:46', null, null, null, '0');
INSERT INTO `api_resource_rel` VALUES ('57', null, '98', '47', '2017-12-01 10:10:46', null, null, null, '0');
INSERT INTO `api_resource_rel` VALUES ('58', null, '78', '29', '2017-12-01 15:47:32', null, null, null, '0');
INSERT INTO `api_resource_rel` VALUES ('59', null, '79', '29', '2017-12-01 15:47:32', null, null, null, '0');
INSERT INTO `api_resource_rel` VALUES ('60', null, '29', '8', '2017-12-01 15:47:32', null, null, null, '0');
INSERT INTO `api_resource_rel` VALUES ('61', null, '6', '62', '2017-12-01 18:29:58', null, null, null, '0');
INSERT INTO `api_resource_rel` VALUES ('62', null, '6', '63', '2017-12-01 18:29:59', null, null, null, '0');
INSERT INTO `api_resource_rel` VALUES ('63', null, '6', '64', '2017-12-01 18:30:00', null, null, null, '0');
INSERT INTO `api_resource_rel` VALUES ('64', null, '6', '65', '2017-12-01 18:30:00', null, null, null, '0');
INSERT INTO `api_resource_rel` VALUES ('65', null, '6', '66', '2017-12-01 18:30:01', null, null, null, '0');
INSERT INTO `api_resource_rel` VALUES ('66', null, '6', '67', '2017-12-01 18:30:02', null, null, null, '0');
INSERT INTO `api_resource_rel` VALUES ('67', null, '6', '68', '2017-12-01 18:30:03', null, null, null, '0');
INSERT INTO `api_resource_rel` VALUES ('68', null, '6', '69', '2017-12-01 18:30:04', null, null, null, '0');
INSERT INTO `api_resource_rel` VALUES ('69', null, '6', '38', '2017-12-01 18:30:04', null, null, null, '0');
INSERT INTO `api_resource_rel` VALUES ('70', null, '6', '39', '2017-12-01 18:30:05', null, null, null, '0');
INSERT INTO `api_resource_rel` VALUES ('71', null, '6', '30', '2017-12-01 18:30:05', null, null, null, '0');

-- ----------------------------
-- Table structure for contract
-- ----------------------------
DROP TABLE IF EXISTS `contract`;
CREATE TABLE `contract` (
  `id` bigint(20) NOT NULL AUTO_INCREMENT COMMENT '主键',
  `tenant_id` bigint(20) DEFAULT NULL COMMENT '租户id',
  `system_code` varchar(32) DEFAULT NULL COMMENT '系统编码',
  `name` varchar(128) DEFAULT NULL COMMENT '名字',
  `serial_number` varchar(32) DEFAULT NULL COMMENT '流水号',
  `begin_date` datetime DEFAULT NULL COMMENT '开始日期',
  `expire_date` datetime DEFAULT NULL COMMENT '到期日期',
  `is_enabled` tinyint(2) DEFAULT '1' COMMENT '是否启用，0：否，1：是',
  `create_date` datetime DEFAULT NULL COMMENT '创建日期',
  `create_user_id` bigint(20) DEFAULT NULL COMMENT '创建者id',
  `update_user_id` bigint(20) DEFAULT NULL COMMENT '更新者id',
  `update_date` datetime DEFAULT NULL COMMENT '更新日期',
  `is_delete` tinyint(2) DEFAULT '0' COMMENT '是否删除，0：否，1：是',
  PRIMARY KEY (`id`),
  KEY `i_tenant_id` (`tenant_id`),
  KEY `i_create_user_id` (`create_user_id`),
  KEY `i_update_user_id` (`update_user_id`),
  CONSTRAINT `FK_tenant_id` FOREIGN KEY (`tenant_id`) REFERENCES `tenant` (`id`)
) ENGINE=InnoDB AUTO_INCREMENT=5 DEFAULT CHARSET=utf8 COMMENT='合同表';

-- ----------------------------
-- Records of contract
-- ----------------------------
INSERT INTO `contract` VALUES ('1', '1', 'WM', '诺赢招财猫合同', 'contract10001', '2017-07-25 14:34:18', '2019-12-25 14:34:22', '1', '2017-07-25 14:35:42', '-1', null, null, '0');
INSERT INTO `contract` VALUES ('4', '2', 'WM', '知人网络合同', 'contract2', '2017-09-21 20:35:20', '2019-12-25 14:34:22', '1', '2017-09-21 20:35:20', '-1', null, null, '0');

-- ----------------------------
-- Table structure for data_source
-- ----------------------------
DROP TABLE IF EXISTS `data_source`;
CREATE TABLE `data_source` (
  `id` bigint(20) NOT NULL AUTO_INCREMENT COMMENT '主键',
  `tenant_id` bigint(20) DEFAULT NULL COMMENT '租户id',
  `system_code` varchar(32) DEFAULT NULL COMMENT '系统编码',
  `name` varchar(64) DEFAULT NULL COMMENT '名字',
  `driver_class_name` varchar(64) DEFAULT NULL COMMENT '驱动类名',
  `url` varchar(1024) DEFAULT NULL COMMENT '数据库链接（加密）',
  `username` varchar(512) DEFAULT NULL COMMENT '用户名（加密）',
  `password` varchar(512) DEFAULT NULL COMMENT '密码（加密）',
  `is_enabled` tinyint(2) DEFAULT '1' COMMENT '是否启用，0：否，1：是',
  `create_date` datetime DEFAULT NULL COMMENT '创建日期',
  `create_user_id` bigint(20) DEFAULT NULL COMMENT '创建者id',
  `update_user_id` bigint(20) DEFAULT NULL COMMENT '更新者id',
  `update_date` datetime DEFAULT NULL COMMENT '更新日期',
  `is_delete` tinyint(2) DEFAULT '0' COMMENT '是否删除，0：否，1：是',
  PRIMARY KEY (`id`),
  KEY `i_tenant_id` (`tenant_id`),
  KEY `i_name` (`name`),
  KEY `i_create_user_id` (`create_user_id`),
  KEY `i_update_user_id` (`update_user_id`)
) ENGINE=InnoDB AUTO_INCREMENT=7 DEFAULT CHARSET=utf8 COMMENT='数据源表';

-- ----------------------------
-- Records of data_source
-- ----------------------------
INSERT INTO `data_source` VALUES ('1', '1', 'WM', '诺赢招财猫数据源', 'com.mysql.jdbc.Driver', 'A51FDA7AA0A59A9AB8F7D25DADB95A70D9E704B9829364942EA1E145CAF4D17489DC780B85ECD4BDDDDF62FF095D90F6BBC0B9898C3C00E9B8C72E8E90B37CF76161F512D20202B17D646CCA2D8239DC5D89A3C35570305E', '2EC80AEBCA850EA7', '55F7C8D51AD921084F56183E87F77113', '1', '2017-06-29 15:37:11', null, null, '2017-12-19 18:48:54', '0');
INSERT INTO `data_source` VALUES ('4', '2', 'WM', '知人网络', 'com.mysql.jdbc.Driver', 'A51FDA7AA0A59A9AB8F7D25DADB95A70D9E704B9829364942EA1E145CAF4D17409F15E7D8BB435BB6A2548FACC31418527C82363B6878D328B0CDAACC2F6439F1E4A7AB456C978AF72575AA69C66B03B0CF41C20B77D31CD', '2EC80AEBCA850EA7', '55F7C8D51AD921084F56183E87F77113', '1', '2017-09-21 20:35:20', null, null, '2017-12-19 18:50:37', '0');
INSERT INTO `data_source` VALUES ('5', '3', 'WM', '测试租户', 'com.mysql.jdbc.Driver', 'A51FDA7AA0A59A9AB8F7D25DADB95A70D9E704B9829364942EA1E145CAF4D174186A09CBBB8287D3609566B03ADB6AEF7E678AD51454F8ED03B511D145230AC8F3B7E8436D6D8024754F2C1072C0444C6936B1ADED453A3F', '2EC80AEBCA850EA7', '55F7C8D51AD921084F56183E87F77113', '1', '2017-11-02 14:55:37', null, null, '2017-12-19 18:51:35', '0');

-- ----------------------------
-- Table structure for department
-- ----------------------------
DROP TABLE IF EXISTS `department`;
CREATE TABLE `department` (
  `id` bigint(20) NOT NULL AUTO_INCREMENT COMMENT '主键',
  `tenant_id` bigint(20) DEFAULT NULL COMMENT '租户id',
  `system_code` varchar(32) DEFAULT NULL COMMENT '系统编码',
  `parent_id` bigint(20) DEFAULT '0' COMMENT '父id',
  `name` varchar(32) DEFAULT NULL COMMENT '名字',
  `code` varchar(64) DEFAULT NULL COMMENT '编码（最小八位数，最大支持八层，从00000001开始）',
  `description` varchar(512) DEFAULT NULL COMMENT '描述',
  `is_enabled` tinyint(2) DEFAULT '1' COMMENT '是否启用，0：否，1：是',
  `sequence` int(11) DEFAULT '1' COMMENT '排序，越小越靠前',
  `create_user_id` bigint(20) DEFAULT NULL COMMENT '创建者id',
  `create_date` datetime DEFAULT NULL COMMENT '创建日期',
  `update_user_id` bigint(20) DEFAULT NULL COMMENT '更新者id',
  `update_date` datetime DEFAULT NULL COMMENT '更新日期',
  `is_delete` tinyint(2) DEFAULT '0' COMMENT '是否删除，0：否，1：是',
  PRIMARY KEY (`id`),
  KEY `i_tenant_id` (`tenant_id`),
  KEY `i_parent_id` (`parent_id`),
  KEY `i_name` (`name`),
  KEY `i_create_user_id` (`create_user_id`),
  KEY `i_update_user_id` (`update_user_id`)
) ENGINE=InnoDB DEFAULT CHARSET=utf8 COMMENT='部门表';

-- ----------------------------
-- Records of department
-- ----------------------------

-- ----------------------------
-- Table structure for domain_name
-- ----------------------------
DROP TABLE IF EXISTS `domain_name`;
CREATE TABLE `domain_name` (
  `id` bigint(20) NOT NULL AUTO_INCREMENT COMMENT '主键',
  `tenant_id` bigint(20) DEFAULT NULL COMMENT '租户id',
  `system_code` varchar(32) DEFAULT NULL COMMENT '系统编码',
  `url` varchar(512) DEFAULT NULL COMMENT '域名链接',
  `status` tinyint(2) DEFAULT '1' COMMENT '状态（1：正常，2：急需续费，3：急需赎回，4：正在转出，5：域名持有者信息修改中，6：未实名认证，7：审核失败，重新实名认证，8：审核中）',
  `register_date` datetime DEFAULT NULL COMMENT '注册日期',
  `expire_date` datetime DEFAULT NULL COMMENT '到期日期',
  `is_enabled` tinyint(2) DEFAULT '1' COMMENT '是否启用，0：否，1：是',
  `create_date` datetime DEFAULT NULL COMMENT '创建日期',
  `create_user_id` bigint(20) DEFAULT NULL COMMENT '创建者id',
  `update_user_id` bigint(20) DEFAULT NULL COMMENT '更新者id',
  `update_date` datetime DEFAULT NULL COMMENT '更新日期',
  `is_delete` tinyint(2) DEFAULT '0' COMMENT '是否删除，0：否，1：是',
  `platform_code` varchar(64) DEFAULT NULL COMMENT '域名类型',
  PRIMARY KEY (`id`),
  KEY `i_tenant_id` (`tenant_id`),
  KEY `i_create_user_id` (`create_user_id`),
  KEY `i_update_user_id` (`update_user_id`)
) ENGINE=InnoDB AUTO_INCREMENT=11 DEFAULT CHARSET=utf8 COMMENT='域名表';

-- ----------------------------
-- Records of domain_name
-- ----------------------------
INSERT INTO `domain_name` VALUES ('1', '1', 'WM', 'zcmall.yundaojishu.com', '1', '2017-06-26 00:00:00', '2018-06-26 00:00:00', '1', '2017-06-26 16:16:33', null, null, null, '0', 'website');
INSERT INTO `domain_name` VALUES ('2', '1', 'WM', 'test.yundaojishu.com', '1', '2017-06-26 00:00:00', '2018-06-26 00:00:00', '1', '2017-06-26 16:16:33', null, null, null, '0', 'website');
INSERT INTO `domain_name` VALUES ('4', '1', 'WM', 'h5.yundaojishu.com', '1', '2017-09-14 13:59:51', '2019-09-14 13:59:53', '1', '2017-09-14 13:59:59', null, null, null, '0', 'service_number');
INSERT INTO `domain_name` VALUES ('6', '2', 'WM', 'zr.yundaojishu.com', '1', '2017-09-21 20:35:20', '2018-06-26 00:00:00', '1', '2017-09-21 20:35:20', null, null, '2017-09-21 20:48:31', '0', 'website');
INSERT INTO `domain_name` VALUES ('7', '2', 'WM', 'h5zr.yundaojishu.com', '1', '2017-09-21 20:48:19', '2017-09-21 20:48:22', '1', '2017-09-21 20:48:24', null, null, null, '0', 'service_number');
INSERT INTO `domain_name` VALUES ('8', '1', 'WM', '116.62.135.193:8211', '1', '2017-10-27 16:09:14', null, '1', null, null, null, null, '0', 'website');
INSERT INTO `domain_name` VALUES ('10', '3', 'WM', 'test1.yundaojishu.com', '1', '2017-10-17 16:31:40', '2027-10-17 16:31:40', '1', '2017-11-02 14:55:37', '1', null, null, '0', null);

-- ----------------------------
-- Table structure for key_pair
-- ----------------------------
DROP TABLE IF EXISTS `key_pair`;
CREATE TABLE `key_pair` (
  `id` bigint(20) NOT NULL AUTO_INCREMENT COMMENT '主键ID',
  `tenant_id` bigint(20) NOT NULL COMMENT '-1：代表所有租户默认 ,>0 代表租户Id',
  `area` varchar(20) DEFAULT NULL COMMENT 'tran:传输，db:数据库数据，default:默认',
  `key_pair` blob COMMENT '密钥对值',
  `is_enabled` tinyint(2) DEFAULT '1' COMMENT '是否启用，0：否，1：是',
  `create_date` datetime DEFAULT NULL COMMENT '创建时间',
  `create_user_id` bigint(20) DEFAULT NULL COMMENT '创建人',
  `update_user_id` bigint(20) DEFAULT NULL COMMENT '修改人',
  `update_date` datetime DEFAULT NULL COMMENT '修改时间',
  `is_delete` tinyint(2) DEFAULT '0' COMMENT '是否可删除，0：否，1：是',
  PRIMARY KEY (`id`)
) ENGINE=InnoDB AUTO_INCREMENT=3 DEFAULT CHARSET=utf8 COMMENT='密钥对表';

-- ----------------------------
-- Records of key_pair
-- ----------------------------
INSERT INTO `key_pair` VALUES ('1', '-1', 'db', 0xACED0005737200156A6176612E73656375726974792E4B65795061697297030C3AD2CD12930200024C000A707269766174654B657974001A4C6A6176612F73656375726974792F507269766174654B65793B4C00097075626C69634B65797400194C6A6176612F73656375726974792F5075626C69634B65793B7870737200426F72672E626F756E6379636173746C652E6A63616A63652E70726F76696465722E6173796D6D65747269632E7273612E4243525341507269766174654372744B65796CBA87CE0273552E0200064C000E637274436F656666696369656E747400164C6A6176612F6D6174682F426967496E74656765723B4C000E7072696D654578706F6E656E745071007E00054C000E7072696D654578706F6E656E745171007E00054C00067072696D655071007E00054C00067072696D655171007E00054C000E7075626C69634578706F6E656E7471007E00057872003F6F72672E626F756E6379636173746C652E6A63616A63652E70726F76696465722E6173796D6D65747269632E7273612E4243525341507269766174654B657946EB09C007CF411C0300024C00076D6F64756C757371007E00054C000F707269766174654578706F6E656E7471007E00057870737200146A6176612E6D6174682E426967496E74656765728CFC9F1FA93BFB1D030006490008626974436F756E744900096269744C656E67746849001366697273744E6F6E7A65726F427974654E756D49000C6C6F776573745365744269744900067369676E756D5B00096D61676E69747564657400025B42787200106A6176612E6C616E672E4E756D62657286AC951D0B94E08B0200007870FFFFFFFFFFFFFFFFFFFFFFFEFFFFFFFE00000001757200025B42ACF317F8060854E0020000787000000080B6077EC99DDDCD77962C60CE0B3A7CB7779F94DEE01305EF8743626BD8A1F517ED11298ABFB7478E37122F5988C65844B31C97CCD773A0287D875DDF21318D75C98BE8EBFCFD1A5972E4308BA96515DAF400A8A5CF57FF7BF6473E81008F065A4BCAEA5B55C808EB213906F4A313D58B7FA6811F2E276F109673C62A4BDB041B787371007E0008FFFFFFFFFFFFFFFFFFFFFFFEFFFFFFFE000000017571007E000C0000008040EB2967A45AAF659FF451CE0A2920C399F11AF9E5B6431EAB01F83EF832C2A376D3F119DFC7F0C82291E4BB2CD17837801D8971EFC0F7F498D8473D45AC53837D1537246D6EFCCC54A76A75C20FF5D83FC41D95198C45426DCC6DFC76AEDBD8FBAACC10911790AADED781CFCF476C0F3FF7BA3DC2D4A7949DBF2DF23E4E944978787371007E0008FFFFFFFFFFFFFFFFFFFFFFFEFFFFFFFE000000017571007E000C000000401EB8DFF70B20AB0BE1ADBEE40234B4CE2DC072760E1056ACB4E1911A1693620EC64E421A5F327464AF1E3E631C5D9C02FE8B45FDA006CA417BC370150E2BE9B2787371007E0008FFFFFFFFFFFFFFFFFFFFFFFEFFFFFFFE000000017571007E000C0000003F3500FDA87A6E9C16D44E4FCE6F978BE7910848F044F582957ECA6BA4021853052CF5B2B9408128FA12732C4E1037D46134CAC4E913BB4AD6A37AF965F5ACFD787371007E0008FFFFFFFFFFFFFFFFFFFFFFFEFFFFFFFE000000017571007E000C0000004084B5A0455A382ADB740CC81493FE8A806804C2925EEE6B6147C0320C712753C9400783224D183180ED8807E7395717D93F7F111E47081BB12864852B46917E5D787371007E0008FFFFFFFFFFFFFFFFFFFFFFFEFFFFFFFE000000017571007E000C00000040E9F3A1D184CFD629A977CB87B6B94D39E0D334D64EFF06CF78D37D7D7A6B66069ECEE41EAD252105703A76171CCA8FE142F7105798E725D38EA603E0CFC66417787371007E0008FFFFFFFFFFFFFFFFFFFFFFFEFFFFFFFE000000017571007E000C00000040C72F2C10983B2C83A027F033A9E1BA30EC2343304D04C4AF2108AE81333BDBE970548975647F5B0CDFFD1FB8270F59977C4CAA73A69E22DE248902F2A318AE9D787371007E0008FFFFFFFFFFFFFFFFFFFFFFFEFFFFFFFE000000017571007E000C00000003010001787372003E6F72672E626F756E6379636173746C652E6A63616A63652E70726F76696465722E6173796D6D65747269632E7273612E42435253415075626C69634B657925226A0E5BFA6C840300024C00076D6F64756C757371007E00054C000E7075626C69634578706F6E656E7471007E0005787071007E000B71007E001A78, '1', '2017-07-15 15:25:10', null, null, null, '0');
INSERT INTO `key_pair` VALUES ('2', '-1', 'tran', 0xACED0005737200156A6176612E73656375726974792E4B65795061697297030C3AD2CD12930200024C000A707269766174654B657974001A4C6A6176612F73656375726974792F507269766174654B65793B4C00097075626C69634B65797400194C6A6176612F73656375726974792F5075626C69634B65793B7870737200426F72672E626F756E6379636173746C652E6A63616A63652E70726F76696465722E6173796D6D65747269632E7273612E4243525341507269766174654372744B65796CBA87CE0273552E0200064C000E637274436F656666696369656E747400164C6A6176612F6D6174682F426967496E74656765723B4C000E7072696D654578706F6E656E745071007E00054C000E7072696D654578706F6E656E745171007E00054C00067072696D655071007E00054C00067072696D655171007E00054C000E7075626C69634578706F6E656E7471007E00057872003F6F72672E626F756E6379636173746C652E6A63616A63652E70726F76696465722E6173796D6D65747269632E7273612E4243525341507269766174654B657946EB09C007CF411C0300024C00076D6F64756C757371007E00054C000F707269766174654578706F6E656E7471007E00057870737200146A6176612E6D6174682E426967496E74656765728CFC9F1FA93BFB1D030006490008626974436F756E744900096269744C656E67746849001366697273744E6F6E7A65726F427974654E756D49000C6C6F776573745365744269744900067369676E756D5B00096D61676E69747564657400025B42787200106A6176612E6C616E672E4E756D62657286AC951D0B94E08B0200007870FFFFFFFFFFFFFFFFFFFFFFFEFFFFFFFE00000001757200025B42ACF317F8060854E0020000787000000080D6B0AA813D7434D39B57EF282FA14A95C130B89DD82563413531E9A68A496772A3D50D8C37D87A16003F613F847B6CB87A309D75355E8927AA78D86B00A03EBDF777F73A3BC343D58D237159D6B0C90A5C9AF847AFEF38C80BE993494CD29E4BF4DF1CCF4FFE7029D4660B7F8C073D812D44EE514E25F01E8851C630C2101053787371007E0008FFFFFFFFFFFFFFFFFFFFFFFEFFFFFFFE000000017571007E000C000000805555A478397692B6D784C4CD5ADD47F9AD7011B9BFDBE08F5F370731C8BEB38D383CABA563DF3A6BBB4E75F79ACFBA5FBB45CE98738DAF83A2396580669FCB3FD976283D859DF3AAD0E824CA35A0AC34106BB207FAAABCF49C7196D8F3C1B9D1758B800B2128A44C1B054F5A26E9C19054ED7F179C3FF1171A6F2D2F080029BD78787371007E0008FFFFFFFFFFFFFFFFFFFFFFFEFFFFFFFE000000017571007E000C000000400DD31FD9B1F35DF06D4249D04D0508AFC1E69885F663B1E26BF2F6921A37E0A8E694FFCEA86F4EC066320C668F9F0C7B59D6E28166B9184503246A7CD8B8A672787371007E0008FFFFFFFFFFFFFFFFFFFFFFFEFFFFFFFE000000017571007E000C00000040E5F3D7DFF7E85289D9B0ABA9F0DA718935981448CA8E8B29C9D6C508C09CF6F452F8F1D8326CCA75551A6903EEDD5777E7C8BE09F7E614B61B0E2DD2B1D63EC5787371007E0008FFFFFFFFFFFFFFFFFFFFFFFEFFFFFFFE000000017571007E000C00000040420EA4341919FE7CD7C4E143103472ED98CF082FC8033D51B26FE5FF77182BA0AF04F1D408BC204D260DA5140A8CB43EE17FFAC7939E5A199FB49A1BF6BD2A01787371007E0008FFFFFFFFFFFFFFFFFFFFFFFEFFFFFFFE000000017571007E000C00000040F3C0469244F99F0737CE0979E7B6819732BB4D93D5B6AD669CAC7DFCDE4614EE8E2F47D4DB30AD1E4FB8C62D9A9A326128EEAFFE912D6BAD3CAC55B6B7EFDEED787371007E0008FFFFFFFFFFFFFFFFFFFFFFFEFFFFFFFE000000017571007E000C00000040E17A896C565FE34A8968DDF8FAC44EF5EA9F28F1B59641FC5EBDC40B7B31F4CFB71D738875F9B87193FBE1BAA96587D59F8EE23BECE1094798EFB44632AE843F787371007E0008FFFFFFFFFFFFFFFFFFFFFFFEFFFFFFFE000000017571007E000C00000003010001787372003E6F72672E626F756E6379636173746C652E6A63616A63652E70726F76696465722E6173796D6D65747269632E7273612E42435253415075626C69634B657925226A0E5BFA6C840300024C00076D6F64756C757371007E00054C000E7075626C69634578706F6E656E7471007E0005787071007E000B71007E001A78, '1', '2017-07-17 21:01:28', null, null, null, '0');

-- ----------------------------
-- Table structure for qrtz_blob_triggers
-- ----------------------------
DROP TABLE IF EXISTS `qrtz_blob_triggers`;
CREATE TABLE `qrtz_blob_triggers` (
  `SCHED_NAME` varchar(120) NOT NULL,
  `TRIGGER_NAME` varchar(200) NOT NULL,
  `TRIGGER_GROUP` varchar(200) NOT NULL,
  `BLOB_DATA` blob,
  PRIMARY KEY (`SCHED_NAME`,`TRIGGER_NAME`,`TRIGGER_GROUP`),
  KEY `SCHED_NAME` (`SCHED_NAME`,`TRIGGER_NAME`,`TRIGGER_GROUP`),
  CONSTRAINT `qrtz_blob_triggers_ibfk_1` FOREIGN KEY (`SCHED_NAME`, `TRIGGER_NAME`, `TRIGGER_GROUP`) REFERENCES `qrtz_triggers` (`SCHED_NAME`, `TRIGGER_NAME`, `TRIGGER_GROUP`)
) ENGINE=InnoDB DEFAULT CHARSET=utf8;

-- ----------------------------
-- Records of qrtz_blob_triggers
-- ----------------------------

-- ----------------------------
-- Table structure for qrtz_calendars
-- ----------------------------
DROP TABLE IF EXISTS `qrtz_calendars`;
CREATE TABLE `qrtz_calendars` (
  `SCHED_NAME` varchar(120) NOT NULL,
  `CALENDAR_NAME` varchar(200) NOT NULL,
  `CALENDAR` blob NOT NULL,
  PRIMARY KEY (`SCHED_NAME`,`CALENDAR_NAME`)
) ENGINE=InnoDB DEFAULT CHARSET=utf8;

-- ----------------------------
-- Records of qrtz_calendars
-- ----------------------------

-- ----------------------------
-- Table structure for qrtz_cron_triggers
-- ----------------------------
DROP TABLE IF EXISTS `qrtz_cron_triggers`;
CREATE TABLE `qrtz_cron_triggers` (
  `SCHED_NAME` varchar(120) NOT NULL,
  `TRIGGER_NAME` varchar(200) NOT NULL,
  `TRIGGER_GROUP` varchar(200) NOT NULL,
  `CRON_EXPRESSION` varchar(120) NOT NULL,
  `TIME_ZONE_ID` varchar(80) DEFAULT NULL,
  PRIMARY KEY (`SCHED_NAME`,`TRIGGER_NAME`,`TRIGGER_GROUP`),
  CONSTRAINT `qrtz_cron_triggers_ibfk_1` FOREIGN KEY (`SCHED_NAME`, `TRIGGER_NAME`, `TRIGGER_GROUP`) REFERENCES `qrtz_triggers` (`SCHED_NAME`, `TRIGGER_NAME`, `TRIGGER_GROUP`)
) ENGINE=InnoDB DEFAULT CHARSET=utf8;

-- ----------------------------
-- Records of qrtz_cron_triggers
-- ----------------------------

-- ----------------------------
-- Table structure for qrtz_fired_triggers
-- ----------------------------
DROP TABLE IF EXISTS `qrtz_fired_triggers`;
CREATE TABLE `qrtz_fired_triggers` (
  `SCHED_NAME` varchar(120) NOT NULL,
  `ENTRY_ID` varchar(95) NOT NULL,
  `TRIGGER_NAME` varchar(200) NOT NULL,
  `TRIGGER_GROUP` varchar(200) NOT NULL,
  `INSTANCE_NAME` varchar(200) NOT NULL,
  `FIRED_TIME` bigint(13) NOT NULL,
  `SCHED_TIME` bigint(13) NOT NULL,
  `PRIORITY` int(11) NOT NULL,
  `STATE` varchar(16) NOT NULL,
  `JOB_NAME` varchar(200) DEFAULT NULL,
  `JOB_GROUP` varchar(200) DEFAULT NULL,
  `IS_NONCONCURRENT` varchar(1) DEFAULT NULL,
  `REQUESTS_RECOVERY` varchar(1) DEFAULT NULL,
  PRIMARY KEY (`SCHED_NAME`,`ENTRY_ID`),
  KEY `IDX_QRTZ_FT_TRIG_INST_NAME` (`SCHED_NAME`,`INSTANCE_NAME`),
  KEY `IDX_QRTZ_FT_INST_JOB_REQ_RCVRY` (`SCHED_NAME`,`INSTANCE_NAME`,`REQUESTS_RECOVERY`),
  KEY `IDX_QRTZ_FT_J_G` (`SCHED_NAME`,`JOB_NAME`,`JOB_GROUP`),
  KEY `IDX_QRTZ_FT_JG` (`SCHED_NAME`,`JOB_GROUP`),
  KEY `IDX_QRTZ_FT_T_G` (`SCHED_NAME`,`TRIGGER_NAME`,`TRIGGER_GROUP`),
  KEY `IDX_QRTZ_FT_TG` (`SCHED_NAME`,`TRIGGER_GROUP`)
) ENGINE=InnoDB DEFAULT CHARSET=utf8;

-- ----------------------------
-- Records of qrtz_fired_triggers
-- ----------------------------

-- ----------------------------
-- Table structure for qrtz_job_details
-- ----------------------------
DROP TABLE IF EXISTS `qrtz_job_details`;
CREATE TABLE `qrtz_job_details` (
  `SCHED_NAME` varchar(120) NOT NULL,
  `JOB_NAME` varchar(200) NOT NULL,
  `JOB_GROUP` varchar(200) NOT NULL,
  `DESCRIPTION` varchar(250) DEFAULT NULL,
  `JOB_CLASS_NAME` varchar(250) NOT NULL,
  `IS_DURABLE` varchar(1) NOT NULL,
  `IS_NONCONCURRENT` varchar(1) NOT NULL,
  `IS_UPDATE_DATA` varchar(1) NOT NULL,
  `REQUESTS_RECOVERY` varchar(1) NOT NULL,
  `JOB_DATA` blob,
  PRIMARY KEY (`SCHED_NAME`,`JOB_NAME`,`JOB_GROUP`),
  KEY `IDX_QRTZ_J_REQ_RECOVERY` (`SCHED_NAME`,`REQUESTS_RECOVERY`),
  KEY `IDX_QRTZ_J_GRP` (`SCHED_NAME`,`JOB_GROUP`)
) ENGINE=InnoDB DEFAULT CHARSET=utf8;

-- ----------------------------
-- Records of qrtz_job_details
-- ----------------------------

-- ----------------------------
-- Table structure for qrtz_locks
-- ----------------------------
DROP TABLE IF EXISTS `qrtz_locks`;
CREATE TABLE `qrtz_locks` (
  `SCHED_NAME` varchar(120) NOT NULL,
  `LOCK_NAME` varchar(40) NOT NULL,
  PRIMARY KEY (`SCHED_NAME`,`LOCK_NAME`)
) ENGINE=InnoDB DEFAULT CHARSET=utf8;

-- ----------------------------
-- Records of qrtz_locks
-- ----------------------------
INSERT INTO `qrtz_locks` VALUES ('quartzScheduler', 'STATE_ACCESS');
INSERT INTO `qrtz_locks` VALUES ('quartzScheduler', 'TRIGGER_ACCESS');

-- ----------------------------
-- Table structure for qrtz_paused_trigger_grps
-- ----------------------------
DROP TABLE IF EXISTS `qrtz_paused_trigger_grps`;
CREATE TABLE `qrtz_paused_trigger_grps` (
  `SCHED_NAME` varchar(120) NOT NULL,
  `TRIGGER_GROUP` varchar(200) NOT NULL,
  PRIMARY KEY (`SCHED_NAME`,`TRIGGER_GROUP`)
) ENGINE=InnoDB DEFAULT CHARSET=utf8;

-- ----------------------------
-- Records of qrtz_paused_trigger_grps
-- ----------------------------

-- ----------------------------
-- Table structure for qrtz_scheduler_state
-- ----------------------------
DROP TABLE IF EXISTS `qrtz_scheduler_state`;
CREATE TABLE `qrtz_scheduler_state` (
  `SCHED_NAME` varchar(120) NOT NULL,
  `INSTANCE_NAME` varchar(200) NOT NULL,
  `LAST_CHECKIN_TIME` bigint(13) NOT NULL,
  `CHECKIN_INTERVAL` bigint(13) NOT NULL,
  PRIMARY KEY (`SCHED_NAME`,`INSTANCE_NAME`)
) ENGINE=InnoDB DEFAULT CHARSET=utf8;

-- ----------------------------
-- Records of qrtz_scheduler_state
-- ----------------------------
INSERT INTO `qrtz_scheduler_state` VALUES ('quartzScheduler', 'LAPTOP-SLVVIUB61513681457865', '1513682756986', '20000');

-- ----------------------------
-- Table structure for qrtz_simple_triggers
-- ----------------------------
DROP TABLE IF EXISTS `qrtz_simple_triggers`;
CREATE TABLE `qrtz_simple_triggers` (
  `SCHED_NAME` varchar(120) NOT NULL,
  `TRIGGER_NAME` varchar(200) NOT NULL,
  `TRIGGER_GROUP` varchar(200) NOT NULL,
  `REPEAT_COUNT` bigint(7) NOT NULL,
  `REPEAT_INTERVAL` bigint(12) NOT NULL,
  `TIMES_TRIGGERED` bigint(10) NOT NULL,
  PRIMARY KEY (`SCHED_NAME`,`TRIGGER_NAME`,`TRIGGER_GROUP`),
  CONSTRAINT `qrtz_simple_triggers_ibfk_1` FOREIGN KEY (`SCHED_NAME`, `TRIGGER_NAME`, `TRIGGER_GROUP`) REFERENCES `qrtz_triggers` (`SCHED_NAME`, `TRIGGER_NAME`, `TRIGGER_GROUP`)
) ENGINE=InnoDB DEFAULT CHARSET=utf8;

-- ----------------------------
-- Records of qrtz_simple_triggers
-- ----------------------------

-- ----------------------------
-- Table structure for qrtz_simprop_triggers
-- ----------------------------
DROP TABLE IF EXISTS `qrtz_simprop_triggers`;
CREATE TABLE `qrtz_simprop_triggers` (
  `SCHED_NAME` varchar(120) NOT NULL,
  `TRIGGER_NAME` varchar(200) NOT NULL,
  `TRIGGER_GROUP` varchar(200) NOT NULL,
  `STR_PROP_1` varchar(512) DEFAULT NULL,
  `STR_PROP_2` varchar(512) DEFAULT NULL,
  `STR_PROP_3` varchar(512) DEFAULT NULL,
  `INT_PROP_1` int(11) DEFAULT NULL,
  `INT_PROP_2` int(11) DEFAULT NULL,
  `LONG_PROP_1` bigint(20) DEFAULT NULL,
  `LONG_PROP_2` bigint(20) DEFAULT NULL,
  `DEC_PROP_1` decimal(13,4) DEFAULT NULL,
  `DEC_PROP_2` decimal(13,4) DEFAULT NULL,
  `BOOL_PROP_1` varchar(1) DEFAULT NULL,
  `BOOL_PROP_2` varchar(1) DEFAULT NULL,
  PRIMARY KEY (`SCHED_NAME`,`TRIGGER_NAME`,`TRIGGER_GROUP`),
  CONSTRAINT `qrtz_simprop_triggers_ibfk_1` FOREIGN KEY (`SCHED_NAME`, `TRIGGER_NAME`, `TRIGGER_GROUP`) REFERENCES `qrtz_triggers` (`SCHED_NAME`, `TRIGGER_NAME`, `TRIGGER_GROUP`)
) ENGINE=InnoDB DEFAULT CHARSET=utf8;

-- ----------------------------
-- Records of qrtz_simprop_triggers
-- ----------------------------

-- ----------------------------
-- Table structure for qrtz_triggers
-- ----------------------------
DROP TABLE IF EXISTS `qrtz_triggers`;
CREATE TABLE `qrtz_triggers` (
  `SCHED_NAME` varchar(120) NOT NULL,
  `TRIGGER_NAME` varchar(200) NOT NULL,
  `TRIGGER_GROUP` varchar(200) NOT NULL,
  `JOB_NAME` varchar(200) NOT NULL,
  `JOB_GROUP` varchar(200) NOT NULL,
  `DESCRIPTION` varchar(250) DEFAULT NULL,
  `NEXT_FIRE_TIME` bigint(13) DEFAULT NULL,
  `PREV_FIRE_TIME` bigint(13) DEFAULT NULL,
  `PRIORITY` int(11) DEFAULT NULL,
  `TRIGGER_STATE` varchar(16) NOT NULL,
  `TRIGGER_TYPE` varchar(8) NOT NULL,
  `START_TIME` bigint(13) NOT NULL,
  `END_TIME` bigint(13) DEFAULT NULL,
  `CALENDAR_NAME` varchar(200) DEFAULT NULL,
  `MISFIRE_INSTR` smallint(2) DEFAULT NULL,
  `JOB_DATA` blob,
  PRIMARY KEY (`SCHED_NAME`,`TRIGGER_NAME`,`TRIGGER_GROUP`),
  KEY `IDX_QRTZ_T_J` (`SCHED_NAME`,`JOB_NAME`,`JOB_GROUP`),
  KEY `IDX_QRTZ_T_JG` (`SCHED_NAME`,`JOB_GROUP`),
  KEY `IDX_QRTZ_T_C` (`SCHED_NAME`,`CALENDAR_NAME`),
  KEY `IDX_QRTZ_T_G` (`SCHED_NAME`,`TRIGGER_GROUP`),
  KEY `IDX_QRTZ_T_STATE` (`SCHED_NAME`,`TRIGGER_STATE`),
  KEY `IDX_QRTZ_T_N_STATE` (`SCHED_NAME`,`TRIGGER_NAME`,`TRIGGER_GROUP`,`TRIGGER_STATE`),
  KEY `IDX_QRTZ_T_N_G_STATE` (`SCHED_NAME`,`TRIGGER_GROUP`,`TRIGGER_STATE`),
  KEY `IDX_QRTZ_T_NEXT_FIRE_TIME` (`SCHED_NAME`,`NEXT_FIRE_TIME`),
  KEY `IDX_QRTZ_T_NFT_ST` (`SCHED_NAME`,`TRIGGER_STATE`,`NEXT_FIRE_TIME`),
  KEY `IDX_QRTZ_T_NFT_MISFIRE` (`SCHED_NAME`,`MISFIRE_INSTR`,`NEXT_FIRE_TIME`),
  KEY `IDX_QRTZ_T_NFT_ST_MISFIRE` (`SCHED_NAME`,`MISFIRE_INSTR`,`NEXT_FIRE_TIME`,`TRIGGER_STATE`),
  KEY `IDX_QRTZ_T_NFT_ST_MISFIRE_GRP` (`SCHED_NAME`,`MISFIRE_INSTR`,`NEXT_FIRE_TIME`,`TRIGGER_GROUP`,`TRIGGER_STATE`),
  CONSTRAINT `qrtz_triggers_ibfk_1` FOREIGN KEY (`SCHED_NAME`, `JOB_NAME`, `JOB_GROUP`) REFERENCES `qrtz_job_details` (`SCHED_NAME`, `JOB_NAME`, `JOB_GROUP`)
) ENGINE=InnoDB DEFAULT CHARSET=utf8;

-- ----------------------------
-- Records of qrtz_triggers
-- ----------------------------

-- ----------------------------
-- Table structure for qrtz_yd_groups
-- ----------------------------
DROP TABLE IF EXISTS `qrtz_yd_groups`;
CREATE TABLE `qrtz_yd_groups` (
  `id` int(11) NOT NULL AUTO_INCREMENT COMMENT '主键',
  `code` varchar(64) NOT NULL COMMENT '编码',
  `name` varchar(64) NOT NULL COMMENT '名称',
  `description` varchar(128) DEFAULT NULL COMMENT '描述',
  `create_user_id` bigint(20) DEFAULT NULL COMMENT '创建者id',
  `create_date` datetime DEFAULT NULL COMMENT '创建日期',
  `update_user_id` bigint(20) DEFAULT NULL COMMENT '更新者id',
  `update_date` datetime DEFAULT NULL COMMENT '更新日期',
  `status` tinyint(2) DEFAULT '1' COMMENT '状态，0：无效，1：有效',
  `type` tinyint(2) DEFAULT '1' COMMENT '状态，0：触发器组，1：任务组',
  PRIMARY KEY (`id`),
  UNIQUE KEY `ui_code` (`code`)
) ENGINE=InnoDB AUTO_INCREMENT=9 DEFAULT CHARSET=utf8 COMMENT='任务组或触发器组';

-- ----------------------------
-- Records of qrtz_yd_groups
-- ----------------------------

-- ----------------------------
-- Table structure for qrtz_yd_jobs
-- ----------------------------
DROP TABLE IF EXISTS `qrtz_yd_jobs`;
CREATE TABLE `qrtz_yd_jobs` (
  `id` int(11) NOT NULL AUTO_INCREMENT COMMENT '主键',
  `code` varchar(64) NOT NULL COMMENT '编码',
  `name` varchar(64) NOT NULL COMMENT '任务名称',
  `job_group_id` int(11) NOT NULL COMMENT '工作组主键',
  `trigger_group_id` int(11) NOT NULL COMMENT '触发器组主键',
  `job_class` varchar(256) NOT NULL COMMENT '任务类',
  `description` varchar(128) DEFAULT NULL COMMENT '描述',
  `create_user_id` bigint(20) DEFAULT NULL COMMENT '创建者id',
  `create_date` datetime DEFAULT NULL COMMENT '创建日期',
  `update_user_id` bigint(20) DEFAULT NULL COMMENT '更新者id',
  `update_date` datetime DEFAULT NULL COMMENT '更新日期',
  `status` tinyint(2) DEFAULT '1' COMMENT '状态，0：无效，1：有效',
  `start_time` datetime DEFAULT NULL COMMENT '开始时间',
  `end_time` datetime DEFAULT NULL COMMENT '结束时间',
  PRIMARY KEY (`id`),
  UNIQUE KEY `ui_code` (`code`)
) ENGINE=InnoDB AUTO_INCREMENT=5 DEFAULT CHARSET=utf8 COMMENT='任务';

-- ----------------------------
-- Records of qrtz_yd_jobs
-- ----------------------------

-- ----------------------------
-- Table structure for qrtz_yd_jobs_props
-- ----------------------------
DROP TABLE IF EXISTS `qrtz_yd_jobs_props`;
CREATE TABLE `qrtz_yd_jobs_props` (
  `id` int(11) NOT NULL AUTO_INCREMENT COMMENT '主键',
  `jobs_id` int(11) NOT NULL COMMENT '任务主键',
  `prop_name` varchar(64) NOT NULL COMMENT '属性名',
  `prop_value` varchar(512) NOT NULL COMMENT '属性值',
  `create_user_id` bigint(20) DEFAULT NULL COMMENT '创建者id',
  `create_date` datetime DEFAULT NULL COMMENT '创建日期',
  `update_user_id` bigint(20) DEFAULT NULL COMMENT '更新者id',
  `update_date` datetime DEFAULT NULL COMMENT '更新日期',
  `status` tinyint(2) DEFAULT '1' COMMENT '状态，0：无效，1：有效',
  PRIMARY KEY (`id`),
  UNIQUE KEY `ui_jobs_id_props_name` (`jobs_id`,`prop_name`)
) ENGINE=InnoDB AUTO_INCREMENT=5 DEFAULT CHARSET=utf8 COMMENT='任务属性';

-- ----------------------------
-- Records of qrtz_yd_jobs_props
-- ----------------------------

-- ----------------------------
-- Table structure for qrtz_yd_triggers
-- ----------------------------
DROP TABLE IF EXISTS `qrtz_yd_triggers`;
CREATE TABLE `qrtz_yd_triggers` (
  `id` int(11) NOT NULL AUTO_INCREMENT COMMENT '主键',
  `code` varchar(64) NOT NULL COMMENT '编码',
  `name` varchar(64) NOT NULL COMMENT '名称',
  `cron_expression` varchar(64) DEFAULT NULL COMMENT '正则表达式',
  `start_time` datetime DEFAULT NULL COMMENT '开始时间',
  `end_time` datetime DEFAULT NULL COMMENT '结束时间',
  `repeat_number` int(11) DEFAULT '-1' COMMENT '重复次数',
  `repeat_interval` int(11) DEFAULT '-1' COMMENT '重复间隔',
  `description` varchar(128) DEFAULT NULL COMMENT '描述',
  `create_user_id` bigint(20) DEFAULT NULL COMMENT '创建者id',
  `create_date` datetime DEFAULT NULL COMMENT '创建日期',
  `update_user_id` bigint(20) DEFAULT NULL COMMENT '更新者id',
  `update_date` datetime DEFAULT NULL COMMENT '更新日期',
  `status` tinyint(2) DEFAULT '1' COMMENT '状态，0：无效，1：有效',
  `trigger_group_id` int(11) NOT NULL COMMENT '触发器组主键',
  PRIMARY KEY (`id`),
  UNIQUE KEY `ui_code` (`code`)
) ENGINE=InnoDB AUTO_INCREMENT=5 DEFAULT CHARSET=utf8 COMMENT='触发器';

-- ----------------------------
-- Records of qrtz_yd_triggers
-- ----------------------------

-- ----------------------------
-- Table structure for resource
-- ----------------------------
DROP TABLE IF EXISTS `resource`;
CREATE TABLE `resource` (
  `id` bigint(20) NOT NULL AUTO_INCREMENT COMMENT '主键',
  `tenant_id` bigint(20) DEFAULT NULL COMMENT '租户id',
  `system_code` varchar(32) DEFAULT NULL COMMENT '系统编码',
  `code` varchar(64) DEFAULT NULL COMMENT 'code值，比如100000011000000000',
  `parent_id` bigint(20) DEFAULT '0' COMMENT '父id',
  `name` varchar(32) DEFAULT NULL COMMENT '名字',
  `url` varchar(256) DEFAULT NULL COMMENT '链接',
  `is_share` tinyint(2) DEFAULT '1' COMMENT '是否共用，0：否，1：是',
  `is_menu` tinyint(2) DEFAULT '1' COMMENT '是否菜单，0：否，1：是',
  `is_enabled` tinyint(2) DEFAULT '1' COMMENT '是否启用，0：否，1：是',
  `is_deplay` tinyint(2) DEFAULT '1' COMMENT '是否显示',
  `description` varchar(512) DEFAULT NULL COMMENT '描述',
  `sequence` int(11) DEFAULT '1' COMMENT '排序，越小越靠前',
  `create_user_id` bigint(20) DEFAULT NULL COMMENT '创建者id',
  `create_date` datetime DEFAULT NULL COMMENT '创建日期',
  `update_user_id` bigint(20) DEFAULT NULL COMMENT '更新者id',
  `update_date` datetime DEFAULT NULL COMMENT '更新日期',
  `is_delete` tinyint(2) DEFAULT '0' COMMENT '是否删除，0：否，1：是',
  PRIMARY KEY (`id`),
  KEY `i_tenant_id` (`tenant_id`),
  KEY `i_name` (`name`),
  KEY `i_parent_id` (`parent_id`),
  KEY `i_create_user_id` (`create_user_id`),
  KEY `i_update_user_id` (`update_user_id`)
) ENGINE=InnoDB AUTO_INCREMENT=134 DEFAULT CHARSET=utf8 COMMENT='资源表';

-- ----------------------------
-- Records of resource
-- ----------------------------
INSERT INTO `resource` VALUES ('1', null, 'WM', 'system', '118', '系统管理', '/system', '1', '1', '1', null, '系统管理', '1000', null, null, null, null, '0');
INSERT INTO `resource` VALUES ('2', null, 'WM', 'system.role.role_page', '1', '角色权限管理', '/system/config/role', '1', '1', '1', null, '角色权限管理', '10', null, null, null, null, '0');
INSERT INTO `resource` VALUES ('4', null, 'WM', 'proconf', '118', '基金产品配置', '/proconf/', '1', '1', '1', null, '产品配置', '20', null, null, null, null, '0');
INSERT INTO `resource` VALUES ('5', null, 'WM', 'proconf.product.config.elements', '4', '要素配置', '/product/config/elements', '1', '1', '1', null, '产品要素配置', '10', null, null, null, null, '0');
INSERT INTO `resource` VALUES ('6', null, 'WM', 'system.config.organization', '1', '组织结构管理', '/system/config/organization', '1', '1', '1', null, '组织架构管理', '20', null, null, null, null, '0');
INSERT INTO `resource` VALUES ('7', null, 'WM', 'proconf.product.config.type', '4', '产品类别管理', '/product/config/category', '1', '1', '1', null, '产品类别管理', '20', null, null, null, null, '0');
INSERT INTO `resource` VALUES ('8', null, 'WM', 'product.control', '117', '产品管理', '/product/control/', '1', '1', '1', null, '产品管理', '30', null, null, null, null, '0');
INSERT INTO `resource` VALUES ('9', null, 'WM', 'product.control.index', '8', '产品管理', '/product/control/index', '1', '1', '1', null, '产品管理', '10', null, null, null, null, '0');
INSERT INTO `resource` VALUES ('10', null, 'WM', 'product.control.audit', '8', '产品审批', '/product/control/audit', '1', '1', '1', null, '产品审核', '20', null, null, null, null, '0');
INSERT INTO `resource` VALUES ('11', null, 'WM', 'product.control.new', '9', '新增产品', '/product/add', '1', '0', '1', null, '新增产品', '30', null, null, null, null, '0');
INSERT INTO `resource` VALUES ('13', null, 'WM', 'product.notice.index', '8', '公告管理', '/product/notice/index', '1', '1', '1', null, '公告管理', '40', null, null, null, null, '0');
INSERT INTO `resource` VALUES ('14', null, 'WM', 'product.notice.audit', '8', '公告审批', '/product/notice/audit', '1', '1', '1', null, '公告审核', '50', null, null, null, null, '0');
INSERT INTO `resource` VALUES ('15', null, 'WM', 'product.element.add', '5', '新增要素', '/product/element/add', '1', '0', '1', null, '新增产品要素', '1', null, null, null, null, '0');
INSERT INTO `resource` VALUES ('16', null, 'WM', 'product.fieldgroup.add', '7', '新增类别', '/product/fieldgroup/add', '1', '0', '1', null, '新增产品类别', '1', null, null, null, null, '0');
INSERT INTO `resource` VALUES ('17', null, 'WM', 'product.examine.audit', '10', '产品上线审批', '/product/control/audit/do', '1', '0', '1', null, '产品上线审核', '1', null, null, null, null, '0');
INSERT INTO `resource` VALUES ('19', null, 'WM', 'product.notice.add', '13', '新增产品公告', '/product/notice/add', '1', '0', '1', null, '新增产品公告', '1', null, null, null, null, '0');
INSERT INTO `resource` VALUES ('20', null, 'WM', 'product.notice.flow', '14', '产品公告审批', '/product/notice/flow', '1', '0', '1', null, '产品公告审核', '1', null, null, null, null, '0');
INSERT INTO `resource` VALUES ('21', null, 'WM', 'product.center', '117', '产品中心', '/product/center', '1', '1', '1', null, '产品中心', '0', null, null, null, null, '0');
INSERT INTO `resource` VALUES ('22', null, 'WM', 'customer', '117', '客户管理', '/customer', '1', '1', '1', null, '客户管理', '40', null, null, null, null, '0');
INSERT INTO `resource` VALUES ('26', null, 'WM', 'sale', '117', '销售管理', '/sale', '1', '1', '1', null, '销售管理', '50', null, null, null, null, '0');
INSERT INTO `resource` VALUES ('27', null, 'WM', 'sale.appointment', '26', '我的预约', '/sale/appointment', '1', '1', '1', null, '我的预约', '20', null, null, null, null, '0');
INSERT INTO `resource` VALUES ('28', null, 'WM', 'sale.declaration', '26', '我的报单', '/sale/declaration', '1', '1', '1', null, '我的报单', '30', null, null, null, null, '0');
INSERT INTO `resource` VALUES ('29', null, 'WM', 'sale.appointment.audit', '26', '预约额度审批', '/sale/appointment/audit', '1', '1', '1', null, '预约额度确认', '40', null, null, null, null, '0');
INSERT INTO `resource` VALUES ('30', null, 'WM', 'sale.declaration.audit', '26', '报单审批', '/sale/declaration/audit', '1', '1', '1', null, '报单审核', '50', null, null, null, null, '0');
INSERT INTO `resource` VALUES ('34', null, 'WM', 'operation.allot', '22', '回访管理', '/operation/allot', '1', '1', '1', null, '回访管理', '40', null, null, null, null, '0');
INSERT INTO `resource` VALUES ('36', null, 'WM', 'product.center.reservation', '21', '预约', '/product/center/reservation', '1', '0', '1', null, '产品中心 预约', '1', null, null, null, null, '0');
INSERT INTO `resource` VALUES ('37', null, 'WM', 'product.center.declaration', '21', '报单', '/declaration/pc_add', '1', '0', '1', null, '产品中心 报单', '1', null, null, null, null, '0');
INSERT INTO `resource` VALUES ('55', null, 'WM', 'sale.appointment.add', '27', '新增预约', '/reservation/add', '1', '0', '1', null, '销售管理 - 我的预约 新增预约', '1', null, null, null, null, '0');
INSERT INTO `resource` VALUES ('56', null, 'WM', 'sale.declaration.add', '28', '新增报单', '/declaration/add', '1', '0', '1', null, '销售管理 - 我的报单 新增报单', '1', null, null, null, null, '0');
INSERT INTO `resource` VALUES ('57', null, 'WM', 'reservation.audit.do', '29', '预约额度审批', '/reservation/audit/do', '1', '0', '1', null, '销售管理 - 预约额度确认 预约额度审核', '1', null, null, null, null, '0');
INSERT INTO `resource` VALUES ('59', null, 'WM', 'declaration.audit.do', '30', '报单审批', '/declaration/audit/do', '1', '0', '1', null, '销售管理 - 报单审核 预约额度审核', '1', null, null, null, null, '0');
INSERT INTO `resource` VALUES ('65', null, 'WM', 'reservation.audit.discard', '29', '预约作废', '/reservation/audit/discard', '1', '0', '1', null, '销售管理 - 预约额度确认 作废', '1', null, null, null, null, '0');
INSERT INTO `resource` VALUES ('66', null, 'WM', 'declaration.audit.discard', '30', '报单作废', '/declaration/audit/discard', '1', '0', '1', null, '销售管理 - 报单审核 作废', '1', null, null, null, null, '0');
INSERT INTO `resource` VALUES ('67', null, 'WM', 'leads.get_page', '26', '销售线索管理', '/operation/clue', '1', '1', '1', null, '销售线索管理', '10', null, null, null, null, '0');
INSERT INTO `resource` VALUES ('68', null, 'WM', 'leads.try_allot', '67', '分配客服回访', '/leads/try_allot', '1', '0', '1', null, '分配客服回访', '0', null, null, null, null, '0');
INSERT INTO `resource` VALUES ('69', null, 'WM', 'leads.allot_to_fp', '67', '分配理财师', '/leads/allot_to_fp', '1', '0', '1', null, '销售线索管理-分配理财师', '2', null, null, null, null, '0');
INSERT INTO `resource` VALUES ('72', null, 'WM', 'customer.update.status', '22', '修改客户有效性', '/customer/update_status', '1', '0', '1', null, '客户管理 - 修改客户有效性', '100', null, null, null, null, '0');
INSERT INTO `resource` VALUES ('73', null, 'WM', 'customer.highseas', '22', '客户公海', '/customer/highseas', '1', '1', '1', null, '客户管理 - 客户公海', '25', null, null, null, null, '0');
INSERT INTO `resource` VALUES ('74', null, 'WM', 'customer.opensea.receive_customer', '73', '领取', '/customer/opensea/receive_customer', '1', '0', '1', null, '客户管理 - 客户公海- 领取', '10', null, null, null, null, '0');
INSERT INTO `resource` VALUES ('75', null, 'WM', 'customer.add_opensea', '73', '新增客户', '/customer/add_opensea', '1', '0', '1', null, '客户管理 - 客户公海- 新增客户', '20', null, null, null, null, '0');
INSERT INTO `resource` VALUES ('76', null, 'WM', 'customer.import.multi_from_opensea', '73', '批量导入客户', '/customer/import/multi_from_opensea', '1', '0', '1', null, '客户管理 - 客户公海- 批量导入客户', '30', null, null, null, null, '0');
INSERT INTO `resource` VALUES ('77', null, 'WM', 'finance', '117', '财务管理', '/finance/', '1', '1', '1', null, '财务管理', '60', '-1', '2017-10-12 15:11:51', null, null, '0');
INSERT INTO `resource` VALUES ('78', null, 'WM', 'finance.paymentplan', '77', '回款计划管理', '/finance/receiptplan', '1', '1', '1', null, '回款计划管理', '10', '-1', '2017-10-12 15:11:51', null, null, '0');
INSERT INTO `resource` VALUES ('79', null, 'WM', 'finance.knotcommission', '77', '结佣管理', '/finance/knotcommission', '1', '1', '1', null, '结佣管理', '20', '-1', '2017-10-12 15:11:51', null, null, '0');
INSERT INTO `resource` VALUES ('80', null, 'WM', 'finance.knotcommission.audit', '77', '结佣审批', '/finance/knotcommission/audit', '1', '1', '1', null, '结佣审批', '20', '-1', '2017-10-12 15:11:51', null, null, '0');
INSERT INTO `resource` VALUES ('81', null, 'WM', 'sale.refunds', '26', '我的退款', '/sale/refunds', '1', '1', '1', null, '我的退款', '31', '-1', '2017-10-12 15:11:51', null, null, '0');
INSERT INTO `resource` VALUES ('82', null, 'WM', 'sale.refunds.audit', '26', '退款审批', '/sale/refunds/audit', '1', '1', '1', null, '退款审批', '51', '-1', '2017-10-12 15:11:51', null, null, '0');
INSERT INTO `resource` VALUES ('83', null, 'WM', 'refund.audit.do', '82', '退款审批', '/refund/audit/do', '1', '0', '1', null, '退款审批', '51', '-1', '2017-10-18 16:59:29', null, null, '0');
INSERT INTO `resource` VALUES ('85', null, 'WM', 'declaration.apply_refund', '81', '申请退款', '/declaration/apply_refund', '1', '0', '1', null, '申请退款', '51', '-1', '2017-10-18 16:59:29', null, null, '0');
INSERT INTO `resource` VALUES ('87', null, 'WM', 'content.manager.menu', '118', '内容配置', '', '1', '1', '1', null, '内容配置', '1050', '-1', '2017-10-27 19:45:12', null, null, '0');
INSERT INTO `resource` VALUES ('88', null, 'WM', 'cms.product.recommend', '87', '产品推荐配置', '/cms/product/recommend', '1', '1', '1', null, '产品推荐配置', '10', '-1', '2017-10-27 19:45:12', null, null, '0');
INSERT INTO `resource` VALUES ('89', null, 'WM', 'cms.news.column', '87', '文章栏目配置', '/cms/news/column', '1', '1', '1', null, '文章栏目配置', '30', '-1', '2017-10-30 15:19:52', null, null, '0');
INSERT INTO `resource` VALUES ('90', null, 'WM', 'cms.news.list', '87', '文章内容配置', '/cms/news/list', '1', '1', '1', null, '文章内容配置', '40', '-1', '2017-10-30 15:19:52', null, null, '0');
INSERT INTO `resource` VALUES ('91', null, 'WM', 'customer.index', '22', '客户', '/customer/index', '1', '1', '1', '1', '客户（我的客户和全部客户合并）', '10', '-1', '2017-11-04 18:45:43', null, null, '0');
INSERT INTO `resource` VALUES ('92', null, 'WM', 'customer.v2.back.apply', '91', '放弃', '/customer/v2/back/apply', '1', '0', '1', '0', '客户管理 - 客户 放弃(回退)', '2', '-1', '2017-11-04 18:45:43', null, null, '0');
INSERT INTO `resource` VALUES ('93', null, 'WM', 'customer.v2.add', '91', '新增客户', '/customer/v2/add', '1', '0', '1', '0', '客户管理 - 客户 新增客户', '6', '-1', '2017-11-04 18:45:43', null, null, '0');
INSERT INTO `resource` VALUES ('94', null, 'WM', 'customer.v2.import.multi', '91', '批量导入客户', '/customer/v2/import/multi', '1', '0', '1', '0', '客户管理 - 客户 批量导入客户', '7', '-1', '2017-11-04 18:45:43', null, null, '0');
INSERT INTO `resource` VALUES ('95', null, 'WM', 'customer.v2.distribution.allot_to_fp', '91', '调配', '/customer/v2/distribution/allot_to_fp', '1', '0', '1', '0', '客户管理 - 客户 调配', '3', '-1', '2017-11-04 18:45:43', null, null, '0');
INSERT INTO `resource` VALUES ('96', null, 'WM', 'customer.v2.distribution.recycle', '91', '回收', '/customer/v2/distribution/recycle', '1', '0', '1', '0', '客户管理 - 客户 回收', '4', '-1', '2017-11-04 18:45:43', null, null, '0');
INSERT INTO `resource` VALUES ('97', null, 'WM', 'customer.v2.distribution.allot_to_cs', '91', '分配回访', '/customer/v2/distribution/allot_to_cs', '1', '0', '1', '0', '客户管理 - 客户 分配回访', '5', '-1', '2017-11-04 18:45:43', null, null, '0');
INSERT INTO `resource` VALUES ('98', null, 'WM', 'user.customer.v2.focus', '91', '关注', '/user/customer/v2/focus', '1', '0', '1', '0', '客户管理 - 客户 关注', '1', '-1', '2017-11-04 18:45:43', null, null, '0');
INSERT INTO `resource` VALUES ('99', null, 'WM', 'report', '0', '数据报表(APP)', '/report/', '1', '1', '1', '0', '数据报表(APP)', '1060', '-1', '2017-11-15 16:22:06', null, null, '0');
INSERT INTO `resource` VALUES ('100', null, 'WM', 'report.declaration.company', '99', '公司业绩走势', '/report/declaration/company/', '1', '1', '1', '0', '数据报表(APP)-->公司业绩走势', '10', '-1', '2017-11-15 16:22:06', null, null, '0');
INSERT INTO `resource` VALUES ('101', null, 'WM', 'report.declaration.user.top', '99', '员工业绩Top榜', '/report/declaration/user/top', '1', '1', '1', '0', '数据报表(APP)-->员工业绩Top榜', '20', '-1', '2017-11-15 16:22:06', null, null, '0');
INSERT INTO `resource` VALUES ('102', null, 'WM', 'report.declaration', '99', '业绩报表', '/report/declaration', '1', '1', '1', '0', '数据报表(APP)-->业绩报表', '30', '-1', '2017-11-15 16:22:06', null, null, '0');
INSERT INTO `resource` VALUES ('103', null, 'WM', 'report.declaration.department', '102', '部门业绩', '/report/declaration/department', '1', '0', '1', '0', '数据报表(APP)-->业绩报表-->部门业绩', '10', '-1', '2017-11-15 16:22:06', null, null, '0');
INSERT INTO `resource` VALUES ('104', null, 'WM', 'report.declaration.user', '102', '员工业绩', '/report/declaration/user', '1', '0', '1', '0', '数据报表(APP)-->业绩报表-->员工业绩', '20', '-1', '2017-11-15 16:22:06', null, null, '0');
INSERT INTO `resource` VALUES ('105', null, 'WM', 'report.declaration.customer', '99', '客户成交', '/report/declaration/customer', '1', '1', '1', '0', '数据报表(APP)-->客户成交', '50', '-1', '2017-11-15 16:22:06', null, null, '0');
INSERT INTO `resource` VALUES ('106', null, 'WM', 'system.config.sale', '1', '销售管理配置', '/system/config/sale', '1', '1', '1', '1', '销售管理配置', '30', '-1', '2017-11-04 18:45:43', null, null, '0');
INSERT INTO `resource` VALUES ('107', null, 'WM', 'cms.roadshow.list', '87', '路演内容配置', '/cms/roadshow/list', '1', '1', '1', '1', '内容配置-->路演内容配置', '60', '-1', '2017-11-15 16:22:06', null, null, '0');
INSERT INTO `resource` VALUES ('108', null, 'WM', 'cms.roadshow.column', '87', '路演栏目配置', '/cms/roadshow/column', '1', '1', '1', '1', '内容配置-->路演栏目配置', '50', '-1', '2017-11-15 16:22:06', null, null, '0');
INSERT INTO `resource` VALUES ('109', null, 'WM', 'cms.video.list', '87', '路演视频管理', '/cms/video/list', '1', '1', '1', '1', '内容配置-->路演视频管理', '70', '-1', '2017-11-15 16:22:06', null, null, '0');
INSERT INTO `resource` VALUES ('110', null, 'WM', 'investment', '0', '投资管理', '/investment', '1', '1', '1', '1', '投资管理', '0', '-1', '2017-11-26 14:10:58', null, null, '0');
INSERT INTO `resource` VALUES ('111', null, 'WM', 'assets.index', '110', '首页', '/assets/index', '1', '1', '1', '1', '首页', '10', '-1', '2017-11-26 14:10:58', null, null, '0');
INSERT INTO `resource` VALUES ('112', null, 'WM', 'assets.project', '110', '项目', '/assets/project', '1', '1', '1', '1', '项目', '20', '-1', '2017-11-26 14:10:58', null, null, '0');
INSERT INTO `resource` VALUES ('113', null, 'WM', 'assets.investment', '110', '投资管理', '/assets/investment', '1', '1', '1', '1', '投资管理', '30', '-1', '2017-11-26 14:10:58', null, null, '0');
INSERT INTO `resource` VALUES ('114', null, 'WM', 'assets.withdrawal', '110', '退出管理', '/assets/withdrawal', '1', '1', '1', '1', '退出管理', '40', '-1', '2017-11-26 14:10:58', null, null, '0');
INSERT INTO `resource` VALUES ('115', null, 'WM', 'assets.fund', '110', '基金', '/assets/fund', '1', '1', '1', '1', '基金', '25', '-1', '2017-11-26 14:10:58', null, null, '0');
INSERT INTO `resource` VALUES ('117', null, 'WM', 'wealth', '0', '财富管理', '/wealth', '1', '1', '1', '1', '财富管理', '20', '-1', '2017-11-26 14:10:58', null, null, '0');
INSERT INTO `resource` VALUES ('118', null, 'WM', 'backstage', '0', '后台管理', '/backstage', '1', '1', '1', '1', '后台管理', '30', '-1', '2017-11-26 14:10:58', null, null, '0');
INSERT INTO `resource` VALUES ('119', null, 'WM', 'assets.index.audit.todo', '111', '待我审批', '/assets/index/audit/todo', '1', '0', '1', '1', '待我审批', '10', '-1', '2017-11-26 14:10:58', null, null, '0');
INSERT INTO `resource` VALUES ('120', null, 'WM', 'assets.index.audit_history.get_page', '111', '审批历史', '/assets/index/audit_history/get_page', '1', '0', '1', '1', '审批历史', '20', '-1', '2017-11-26 14:10:58', null, null, '0');
INSERT INTO `resource` VALUES ('121', null, 'WM', 'assets.index.report', '111', '资产管理概况', '/assets/index/report', '1', '0', '1', '1', '资产管理概况', '30', '-1', '2017-11-26 14:10:58', null, null, '0');
INSERT INTO `resource` VALUES ('122', null, 'WM', 'assets.project.add', '112', '新增项目', '/assets/project/add', '1', '0', '1', '1', '新增项目', '10', '-1', '2017-11-26 14:10:58', null, null, '0');
INSERT INTO `resource` VALUES ('123', null, 'WM', 'assets.project.decision.audit_decisioning', '112', '立项会审批', '/assets/project/decision/audit_decisioning', '1', '0', '1', '1', '立项会审批', '20', '-1', '2017-11-26 14:10:58', null, null, '0');
INSERT INTO `resource` VALUES ('124', null, 'WM', 'assets.project.decision.audit_due_diligence', '112', '尽职调查审批', '/assets/project/decision/audit_due_diligence', '1', '0', '1', '1', '尽职调查审批', '30', '-1', '2017-11-26 14:10:58', null, null, '0');
INSERT INTO `resource` VALUES ('125', null, 'WM', 'assets.project.decision.audit_first_trial', '112', '初审审批', '/assets/project/decision/audit_first_trial', '1', '0', '1', '1', '初审审批', '40', '-1', '2017-11-26 14:10:58', null, null, '0');
INSERT INTO `resource` VALUES ('126', null, 'WM', 'assets.project.decision.audit_investment_commission', '112', '投委会审批', '/assets/project/decision/audit_investment_commission', '1', '0', '1', '1', '投委会审批', '50', '-1', '2017-11-26 14:10:58', null, null, '0');
INSERT INTO `resource` VALUES ('127', null, 'WM', 'assets.project.decision.audit_invest', '112', '出资审批', '/assets/project/decision/audit_invest', '1', '0', '1', '1', '出资审批', '60', '-1', '2017-11-26 14:10:58', null, null, '0');
INSERT INTO `resource` VALUES ('128', null, 'WM', 'assets.fund.add', '115', '新增基金', '/assets/fund/add', '1', '0', '1', '1', '新增基金', '10', '-1', '2017-11-26 14:10:58', null, null, '0');
INSERT INTO `resource` VALUES ('129', null, 'WM', 'assets.investment.add', '113', '新增出资', '/assets/investment/add', '1', '0', '1', '1', '新增出资', '10', '-1', '2017-11-26 14:10:58', null, null, '0');
INSERT INTO `resource` VALUES ('130', null, 'WM', 'assets.withdrawal.add', '114', '新增退出', '/assets/withdrawal/add', '1', '0', '1', '1', '新增退出', '10', '-1', '2017-11-26 14:10:58', null, null, '0');
INSERT INTO `resource` VALUES ('131', null, 'WM', 'report.customer', '99', '客户新增', '/report/customer', '1', '1', '1', '0', '数据报表(APP)-->客户新增', '40', '-1', '2017-12-07 19:04:36', null, null, '0');
INSERT INTO `resource` VALUES ('132', null, 'WM', 'report.customer.get_department', '131', '部门新增', '/report/customer/get_department', '1', '0', '1', '0', '数据报表(APP)-->客户新增-->部门新增', '10', '-1', '2017-12-07 19:04:36', null, null, '0');
INSERT INTO `resource` VALUES ('133', null, 'WM', 'report.customer.get_user_rank_page', '131', '员工新增', '/report/customer/get_user_rank_page', '1', '0', '1', '0', '数据报表(APP)-->客户新增-->员工新增', '20', '-1', '2017-12-07 19:04:36', null, null, '0');

-- ----------------------------
-- Table structure for role
-- ----------------------------
DROP TABLE IF EXISTS `role`;
CREATE TABLE `role` (
  `id` bigint(20) NOT NULL AUTO_INCREMENT COMMENT '主键',
  `tenant_id` bigint(20) DEFAULT NULL COMMENT '租户id',
  `parent_id` bigint(20) DEFAULT '0' COMMENT '父id',
  `name` varchar(32) DEFAULT NULL COMMENT '名字',
  `description` varchar(512) DEFAULT NULL COMMENT '描述',
  `is_share` tinyint(2) DEFAULT '0' COMMENT '是否共用，0：否，1：是',
  `is_delete` tinyint(2) DEFAULT '0' COMMENT '是否可删除，0：否，1：是',
  `is_enabled` tinyint(2) DEFAULT '1' COMMENT '是否启用，0：否，1：是',
  `is_system` tinyint(2) DEFAULT '0' COMMENT '是否系统预置，0：否，1：是',
  `sequence` int(11) DEFAULT '1' COMMENT '排序，越小越靠前',
  `create_user_id` bigint(20) DEFAULT NULL COMMENT '创建者id',
  `create_date` datetime DEFAULT NULL COMMENT '创建日期',
  `update_user_id` bigint(20) DEFAULT NULL COMMENT '更新者id',
  `update_date` datetime DEFAULT NULL COMMENT '更新日期',
  PRIMARY KEY (`id`),
  KEY `i_tenant_id` (`tenant_id`),
  KEY `i_parent_id` (`parent_id`),
  KEY `i_name` (`name`),
  KEY `i_create_user_id` (`create_user_id`),
  KEY `i_update_user_id` (`update_user_id`)
) ENGINE=InnoDB AUTO_INCREMENT=13 DEFAULT CHARSET=utf8 COMMENT='角色表';

-- ----------------------------
-- Records of role
-- ----------------------------
INSERT INTO `role` VALUES ('1', null, '0', '超级管理员', '系统管理员', '0', '0', '1', '1', '100', null, null, null, null);
INSERT INTO `role` VALUES ('2', null, '0', '理财师', '理财师', '0', '0', '1', '0', '20', null, null, null, null);
INSERT INTO `role` VALUES ('3', null, '0', '产品助理', '产品助理', '0', '0', '1', '0', '30', null, null, null, null);
INSERT INTO `role` VALUES ('4', null, '0', '产品经理', '产品经理', '0', '0', '1', '0', '40', null, null, null, null);
INSERT INTO `role` VALUES ('5', null, '0', '产品总监', '产品总监', '0', '0', '1', '0', '50', null, null, null, null);
INSERT INTO `role` VALUES ('6', null, '0', '客服专员', '客服专员', '0', '0', '1', '0', '60', null, null, null, null);
INSERT INTO `role` VALUES ('7', null, '0', '运营经理', '运营经理', '0', '0', '1', '0', '70', null, null, null, null);
INSERT INTO `role` VALUES ('8', null, '0', '财务专员', '财务专员', '0', '0', '1', '0', '80', null, null, null, null);
INSERT INTO `role` VALUES ('9', null, '0', '财务总监', '财务总监', '0', '0', '1', '0', '90', null, null, null, null);
INSERT INTO `role` VALUES ('10', null, '0', '项目经理', '项目经理', '0', '0', '1', '0', '100', '-1', '2017-11-26 14:10:58', null, null);
INSERT INTO `role` VALUES ('11', null, '0', '项目总监', '项目总监', '0', '0', '1', '0', '110', '-1', '2017-11-26 14:10:58', null, null);
INSERT INTO `role` VALUES ('12', null, '0', '系统管理员', '系统管理员', '0', '0', '1', '0', '11', '-1', '2017-12-15 09:57:16', null, null);

-- ----------------------------
-- Table structure for role_resource
-- ----------------------------
DROP TABLE IF EXISTS `role_resource`;
CREATE TABLE `role_resource` (
  `id` bigint(20) NOT NULL AUTO_INCREMENT COMMENT '主键',
  `tenant_id` bigint(20) DEFAULT NULL COMMENT '租户id',
  `resource_id` bigint(20) DEFAULT NULL COMMENT '资源id',
  `role_id` bigint(20) DEFAULT NULL COMMENT '角色id',
  `sequence` int(11) DEFAULT '1' COMMENT '排序，越小越靠前',
  `create_user_id` bigint(20) DEFAULT NULL COMMENT '创建者id',
  `create_date` datetime DEFAULT NULL COMMENT '创建日期',
  `update_user_id` bigint(20) DEFAULT NULL COMMENT '更新者id',
  `update_date` datetime DEFAULT NULL COMMENT '更新日期',
  `is_delete` tinyint(2) DEFAULT '0' COMMENT '是否删除，0：否，1：是',
  PRIMARY KEY (`id`),
  KEY `i_tenant_id` (`tenant_id`),
  KEY `i_resource_id` (`resource_id`),
  KEY `i_role_id` (`role_id`),
  KEY `i_create_user_id` (`create_user_id`),
  KEY `i_update_user_id` (`update_user_id`)
) ENGINE=InnoDB AUTO_INCREMENT=1305 DEFAULT CHARSET=utf8 COMMENT='角色资源表';

-- ----------------------------
-- Records of role_resource
-- ----------------------------
INSERT INTO `role_resource` VALUES ('135', null, '1', '1', '1', null, null, null, null, '0');
INSERT INTO `role_resource` VALUES ('136', null, '2', '1', '1', null, null, null, null, '0');
INSERT INTO `role_resource` VALUES ('137', null, '4', '1', '1', null, null, null, null, '0');
INSERT INTO `role_resource` VALUES ('138', null, '5', '1', '1', null, null, null, null, '0');
INSERT INTO `role_resource` VALUES ('139', null, '6', '1', '1', null, null, null, null, '0');
INSERT INTO `role_resource` VALUES ('140', null, '7', '1', '1', null, null, null, null, '0');
INSERT INTO `role_resource` VALUES ('141', null, '8', '1', '1', null, null, null, null, '0');
INSERT INTO `role_resource` VALUES ('142', null, '9', '1', '1', null, null, null, null, '0');
INSERT INTO `role_resource` VALUES ('143', null, '10', '1', '1', null, null, null, null, '0');
INSERT INTO `role_resource` VALUES ('144', null, '11', '1', '1', null, null, null, null, '0');
INSERT INTO `role_resource` VALUES ('145', null, '13', '1', '1', null, null, null, null, '0');
INSERT INTO `role_resource` VALUES ('146', null, '14', '1', '1', null, null, null, null, '0');
INSERT INTO `role_resource` VALUES ('147', null, '15', '1', '1', null, null, null, null, '0');
INSERT INTO `role_resource` VALUES ('148', null, '16', '1', '1', null, null, null, null, '0');
INSERT INTO `role_resource` VALUES ('149', null, '17', '1', '1', null, null, null, null, '0');
INSERT INTO `role_resource` VALUES ('150', null, '19', '1', '1', null, null, null, null, '0');
INSERT INTO `role_resource` VALUES ('151', null, '20', '1', '1', null, null, null, null, '0');
INSERT INTO `role_resource` VALUES ('152', null, '21', '1', '1', null, null, null, null, '0');
INSERT INTO `role_resource` VALUES ('153', null, '22', '1', '1', null, null, null, null, '0');
INSERT INTO `role_resource` VALUES ('157', null, '26', '1', '1', null, null, null, null, '0');
INSERT INTO `role_resource` VALUES ('158', null, '27', '1', '1', null, null, null, null, '0');
INSERT INTO `role_resource` VALUES ('159', null, '28', '1', '1', null, null, null, null, '0');
INSERT INTO `role_resource` VALUES ('160', null, '29', '1', '1', null, null, null, null, '0');
INSERT INTO `role_resource` VALUES ('161', null, '30', '1', '1', null, null, null, null, '0');
INSERT INTO `role_resource` VALUES ('162', null, '34', '1', '1', null, null, null, null, '0');
INSERT INTO `role_resource` VALUES ('163', null, '36', '1', '1', null, null, null, null, '0');
INSERT INTO `role_resource` VALUES ('164', null, '37', '1', '1', null, null, null, null, '0');
INSERT INTO `role_resource` VALUES ('172', null, '55', '1', '1', null, null, null, null, '0');
INSERT INTO `role_resource` VALUES ('173', null, '56', '1', '1', null, null, null, null, '0');
INSERT INTO `role_resource` VALUES ('174', null, '57', '1', '1', null, null, null, null, '0');
INSERT INTO `role_resource` VALUES ('175', null, '59', '1', '1', null, null, null, null, '0');
INSERT INTO `role_resource` VALUES ('176', null, '65', '1', '1', null, null, null, null, '0');
INSERT INTO `role_resource` VALUES ('177', null, '66', '1', '1', null, null, null, null, '0');
INSERT INTO `role_resource` VALUES ('178', null, '67', '1', '1', null, null, null, null, '0');
INSERT INTO `role_resource` VALUES ('179', null, '68', '1', '1', null, null, null, null, '0');
INSERT INTO `role_resource` VALUES ('180', null, '69', '1', '1', null, null, null, null, '0');
INSERT INTO `role_resource` VALUES ('183', null, '72', '1', '1', null, null, null, null, '0');
INSERT INTO `role_resource` VALUES ('184', null, '21', '2', '1', null, null, null, null, '0');
INSERT INTO `role_resource` VALUES ('185', null, '36', '2', '1', null, null, null, null, '0');
INSERT INTO `role_resource` VALUES ('186', null, '37', '2', '1', null, null, null, null, '0');
INSERT INTO `role_resource` VALUES ('187', null, '22', '2', '1', null, null, null, null, '0');
INSERT INTO `role_resource` VALUES ('191', null, '26', '2', '1', null, null, null, null, '0');
INSERT INTO `role_resource` VALUES ('192', null, '27', '2', '1', null, null, null, null, '0');
INSERT INTO `role_resource` VALUES ('193', null, '55', '2', '1', null, null, null, null, '0');
INSERT INTO `role_resource` VALUES ('194', null, '28', '2', '1', null, null, null, null, '0');
INSERT INTO `role_resource` VALUES ('195', null, '56', '2', '1', null, null, null, null, '0');
INSERT INTO `role_resource` VALUES ('197', null, '21', '3', '1', null, null, null, null, '0');
INSERT INTO `role_resource` VALUES ('198', null, '4', '3', '1', null, null, null, null, '0');
INSERT INTO `role_resource` VALUES ('199', null, '5', '3', '1', null, null, null, null, '0');
INSERT INTO `role_resource` VALUES ('200', null, '15', '3', '1', null, null, null, null, '0');
INSERT INTO `role_resource` VALUES ('201', null, '7', '3', '1', null, null, null, null, '0');
INSERT INTO `role_resource` VALUES ('202', null, '16', '3', '1', null, null, null, null, '0');
INSERT INTO `role_resource` VALUES ('203', null, '8', '3', '1', null, null, null, null, '0');
INSERT INTO `role_resource` VALUES ('204', null, '9', '3', '1', null, null, null, null, '0');
INSERT INTO `role_resource` VALUES ('205', null, '11', '3', '1', null, null, null, null, '0');
INSERT INTO `role_resource` VALUES ('206', null, '13', '3', '1', null, null, null, null, '0');
INSERT INTO `role_resource` VALUES ('207', null, '19', '3', '1', null, null, null, null, '0');
INSERT INTO `role_resource` VALUES ('208', null, '26', '3', '1', null, null, null, null, '0');
INSERT INTO `role_resource` VALUES ('209', null, '29', '3', '1', null, null, null, null, '0');
INSERT INTO `role_resource` VALUES ('210', null, '57', '3', '1', null, null, null, null, '0');
INSERT INTO `role_resource` VALUES ('211', null, '30', '3', '1', null, null, null, null, '0');
INSERT INTO `role_resource` VALUES ('212', null, '59', '3', '1', null, null, null, null, '0');
INSERT INTO `role_resource` VALUES ('213', null, '21', '4', '1', null, null, null, null, '0');
INSERT INTO `role_resource` VALUES ('214', null, '4', '4', '1', null, null, null, null, '0');
INSERT INTO `role_resource` VALUES ('215', null, '5', '4', '1', null, null, null, null, '0');
INSERT INTO `role_resource` VALUES ('216', null, '15', '4', '1', null, null, null, null, '0');
INSERT INTO `role_resource` VALUES ('217', null, '7', '4', '1', null, null, null, null, '0');
INSERT INTO `role_resource` VALUES ('218', null, '16', '4', '1', null, null, null, null, '0');
INSERT INTO `role_resource` VALUES ('219', null, '8', '4', '1', null, null, null, null, '0');
INSERT INTO `role_resource` VALUES ('220', null, '9', '4', '1', null, null, null, null, '0');
INSERT INTO `role_resource` VALUES ('221', null, '11', '4', '1', null, null, null, null, '0');
INSERT INTO `role_resource` VALUES ('222', null, '13', '4', '1', null, null, null, null, '0');
INSERT INTO `role_resource` VALUES ('223', null, '19', '4', '1', null, null, null, null, '0');
INSERT INTO `role_resource` VALUES ('224', null, '26', '4', '1', null, null, null, null, '0');
INSERT INTO `role_resource` VALUES ('225', null, '29', '4', '1', null, null, null, null, '0');
INSERT INTO `role_resource` VALUES ('226', null, '57', '4', '1', null, null, null, null, '0');
INSERT INTO `role_resource` VALUES ('227', null, '30', '4', '1', null, null, null, null, '0');
INSERT INTO `role_resource` VALUES ('228', null, '59', '4', '1', null, null, null, null, '0');
INSERT INTO `role_resource` VALUES ('229', null, '21', '5', '1', null, null, null, null, '0');
INSERT INTO `role_resource` VALUES ('230', null, '4', '5', '1', null, null, null, null, '0');
INSERT INTO `role_resource` VALUES ('231', null, '5', '5', '1', null, null, null, null, '0');
INSERT INTO `role_resource` VALUES ('232', null, '15', '5', '1', null, null, null, null, '0');
INSERT INTO `role_resource` VALUES ('233', null, '7', '5', '1', null, null, null, null, '0');
INSERT INTO `role_resource` VALUES ('234', null, '16', '5', '1', null, null, null, null, '0');
INSERT INTO `role_resource` VALUES ('235', null, '8', '5', '1', null, null, null, null, '0');
INSERT INTO `role_resource` VALUES ('236', null, '9', '5', '1', null, null, null, null, '0');
INSERT INTO `role_resource` VALUES ('237', null, '11', '5', '1', null, null, null, null, '0');
INSERT INTO `role_resource` VALUES ('238', null, '13', '5', '1', null, null, null, null, '0');
INSERT INTO `role_resource` VALUES ('239', null, '14', '5', '1', null, null, null, null, '0');
INSERT INTO `role_resource` VALUES ('240', null, '19', '5', '1', null, null, null, null, '0');
INSERT INTO `role_resource` VALUES ('241', null, '10', '5', '1', null, null, null, null, '0');
INSERT INTO `role_resource` VALUES ('242', null, '17', '5', '1', null, null, null, null, '0');
INSERT INTO `role_resource` VALUES ('243', null, '14', '5', '1', null, null, null, null, '0');
INSERT INTO `role_resource` VALUES ('244', null, '20', '5', '1', null, null, null, null, '0');
INSERT INTO `role_resource` VALUES ('245', null, '26', '5', '1', null, null, null, null, '0');
INSERT INTO `role_resource` VALUES ('246', null, '29', '5', '1', null, null, null, null, '0');
INSERT INTO `role_resource` VALUES ('247', null, '57', '5', '1', null, null, null, null, '0');
INSERT INTO `role_resource` VALUES ('248', null, '30', '5', '1', null, null, null, null, '0');
INSERT INTO `role_resource` VALUES ('249', null, '59', '5', '1', null, null, null, null, '0');
INSERT INTO `role_resource` VALUES ('250', null, '21', '6', '1', null, null, null, null, '0');
INSERT INTO `role_resource` VALUES ('251', null, '8', '6', '1', null, null, null, null, '0');
INSERT INTO `role_resource` VALUES ('252', null, '13', '6', '1', null, null, null, null, '0');
INSERT INTO `role_resource` VALUES ('253', null, '22', '6', '1', null, null, null, null, '0');
INSERT INTO `role_resource` VALUES ('255', null, '34', '6', '1', null, null, null, null, '0');
INSERT INTO `role_resource` VALUES ('256', null, '21', '7', '1', null, null, null, null, '0');
INSERT INTO `role_resource` VALUES ('257', null, '8', '7', '1', null, null, null, null, '0');
INSERT INTO `role_resource` VALUES ('258', null, '13', '7', '1', null, null, null, null, '0');
INSERT INTO `role_resource` VALUES ('259', null, '22', '7', '1', null, null, null, null, '0');
INSERT INTO `role_resource` VALUES ('267', null, '34', '7', '1', null, null, null, null, '0');
INSERT INTO `role_resource` VALUES ('268', null, '72', '7', '1', null, null, null, null, '0');
INSERT INTO `role_resource` VALUES ('270', null, '73', '1', '1', null, null, null, null, '0');
INSERT INTO `role_resource` VALUES ('271', null, '74', '1', '1', null, null, null, null, '0');
INSERT INTO `role_resource` VALUES ('272', null, '75', '1', '1', null, null, null, null, '0');
INSERT INTO `role_resource` VALUES ('273', null, '76', '1', '1', null, null, null, null, '0');
INSERT INTO `role_resource` VALUES ('274', null, '26', '6', '1', null, null, null, null, '0');
INSERT INTO `role_resource` VALUES ('275', null, '67', '6', '1', null, null, null, null, '0');
INSERT INTO `role_resource` VALUES ('276', null, '69', '6', '1', null, null, null, null, '0');
INSERT INTO `role_resource` VALUES ('277', null, '26', '7', '1', null, null, null, null, '0');
INSERT INTO `role_resource` VALUES ('278', null, '67', '7', '1', null, null, null, null, '0');
INSERT INTO `role_resource` VALUES ('279', null, '69', '7', '1', null, null, null, null, '0');
INSERT INTO `role_resource` VALUES ('280', null, '68', '7', '1', null, null, null, null, '0');
INSERT INTO `role_resource` VALUES ('281', null, '77', '1', '1', null, null, null, null, '0');
INSERT INTO `role_resource` VALUES ('282', null, '78', '1', '1', null, null, null, null, '0');
INSERT INTO `role_resource` VALUES ('283', null, '79', '1', '1', null, null, null, null, '0');
INSERT INTO `role_resource` VALUES ('284', null, '80', '1', '1', null, null, null, null, '0');
INSERT INTO `role_resource` VALUES ('285', null, '81', '1', '1', null, null, null, null, '0');
INSERT INTO `role_resource` VALUES ('286', null, '82', '1', '1', null, null, null, null, '0');
INSERT INTO `role_resource` VALUES ('287', null, '83', '1', '1', null, null, null, null, '0');
INSERT INTO `role_resource` VALUES ('288', null, '84', '1', '1', null, null, null, null, '0');
INSERT INTO `role_resource` VALUES ('289', null, '85', '1', '1', null, null, null, null, '0');
INSERT INTO `role_resource` VALUES ('290', null, '86', '1', '1', null, null, null, null, '0');
INSERT INTO `role_resource` VALUES ('291', null, '77', '8', '1', null, null, null, null, '0');
INSERT INTO `role_resource` VALUES ('292', null, '78', '8', '1', null, null, null, null, '0');
INSERT INTO `role_resource` VALUES ('293', null, '79', '8', '1', null, null, null, null, '0');
INSERT INTO `role_resource` VALUES ('294', null, '86', '8', '1', null, null, null, null, '0');
INSERT INTO `role_resource` VALUES ('295', null, '77', '9', '1', null, null, null, null, '0');
INSERT INTO `role_resource` VALUES ('296', null, '78', '9', '1', null, null, null, null, '0');
INSERT INTO `role_resource` VALUES ('297', null, '79', '9', '1', null, null, null, null, '0');
INSERT INTO `role_resource` VALUES ('298', null, '80', '9', '1', null, null, null, null, '0');
INSERT INTO `role_resource` VALUES ('299', null, '84', '9', '1', null, null, null, null, '0');
INSERT INTO `role_resource` VALUES ('300', null, '86', '9', '1', null, null, null, null, '0');
INSERT INTO `role_resource` VALUES ('301', null, '87', '1', '1', null, null, null, null, '0');
INSERT INTO `role_resource` VALUES ('302', null, '88', '1', '1', null, null, null, null, '0');
INSERT INTO `role_resource` VALUES ('303', null, '89', '1', '1', null, null, null, null, '0');
INSERT INTO `role_resource` VALUES ('304', null, '90', '1', '1', null, null, null, null, '0');
INSERT INTO `role_resource` VALUES ('305', null, '91', '1', '1', '-1', '2017-11-04 18:45:43', null, null, '0');
INSERT INTO `role_resource` VALUES ('306', null, '91', '2', '1', '-1', '2017-11-04 18:45:43', null, null, '0');
INSERT INTO `role_resource` VALUES ('307', null, '91', '7', '1', '-1', '2017-11-04 18:45:43', null, null, '0');
INSERT INTO `role_resource` VALUES ('308', null, '92', '1', '1', '-1', '2017-11-04 18:45:43', null, null, '0');
INSERT INTO `role_resource` VALUES ('309', null, '92', '2', '1', '-1', '2017-11-04 18:45:43', null, null, '0');
INSERT INTO `role_resource` VALUES ('310', null, '93', '1', '1', '-1', '2017-11-04 18:45:43', null, null, '0');
INSERT INTO `role_resource` VALUES ('311', null, '93', '2', '1', '-1', '2017-11-04 18:45:43', null, null, '0');
INSERT INTO `role_resource` VALUES ('312', null, '94', '1', '1', '-1', '2017-11-04 18:45:43', null, null, '0');
INSERT INTO `role_resource` VALUES ('313', null, '94', '2', '1', '-1', '2017-11-04 18:45:43', null, null, '0');
INSERT INTO `role_resource` VALUES ('314', null, '95', '1', '1', '-1', '2017-11-04 18:45:43', null, null, '0');
INSERT INTO `role_resource` VALUES ('315', null, '95', '7', '1', '-1', '2017-11-04 18:45:43', null, null, '0');
INSERT INTO `role_resource` VALUES ('316', null, '96', '1', '1', '-1', '2017-11-04 18:45:43', null, null, '0');
INSERT INTO `role_resource` VALUES ('317', null, '96', '7', '1', '-1', '2017-11-04 18:45:43', null, null, '0');
INSERT INTO `role_resource` VALUES ('318', null, '97', '1', '1', '-1', '2017-11-04 18:45:43', null, null, '0');
INSERT INTO `role_resource` VALUES ('319', null, '97', '7', '1', '-1', '2017-11-04 18:45:43', null, null, '0');
INSERT INTO `role_resource` VALUES ('320', null, '93', '7', '1', '-1', '2017-11-04 18:45:43', null, null, '0');
INSERT INTO `role_resource` VALUES ('321', null, '94', '7', '1', '-1', '2017-11-04 18:45:43', null, null, '0');
INSERT INTO `role_resource` VALUES ('322', null, '98', '1', '1', '-1', '2017-11-04 18:45:43', null, null, '0');
INSERT INTO `role_resource` VALUES ('323', null, '98', '2', '1', '-1', '2017-11-04 18:45:43', null, null, '0');
INSERT INTO `role_resource` VALUES ('324', null, '98', '7', '1', '-1', '2017-11-04 18:45:43', null, null, '0');
INSERT INTO `role_resource` VALUES ('325', null, '106', '1', '1', '-1', '2017-11-04 18:45:43', null, null, '0');
INSERT INTO `role_resource` VALUES ('326', null, '87', '7', '1', null, null, null, null, '0');
INSERT INTO `role_resource` VALUES ('327', null, '88', '7', '1', null, null, null, null, '0');
INSERT INTO `role_resource` VALUES ('328', null, '89', '7', '1', null, null, null, null, '0');
INSERT INTO `role_resource` VALUES ('329', null, '90', '7', '1', null, null, null, null, '0');
INSERT INTO `role_resource` VALUES ('330', null, '99', '1', '1', null, null, null, null, '0');
INSERT INTO `role_resource` VALUES ('331', null, '100', '1', '1', null, null, null, null, '0');
INSERT INTO `role_resource` VALUES ('332', null, '101', '1', '1', null, null, null, null, '0');
INSERT INTO `role_resource` VALUES ('333', null, '102', '1', '1', null, null, null, null, '0');
INSERT INTO `role_resource` VALUES ('334', null, '103', '1', '1', null, null, null, null, '0');
INSERT INTO `role_resource` VALUES ('335', null, '104', '1', '1', null, null, null, null, '0');
INSERT INTO `role_resource` VALUES ('336', null, '105', '1', '1', null, null, null, null, '0');
INSERT INTO `role_resource` VALUES ('337', null, '107', '1', '1', null, null, null, null, '0');
INSERT INTO `role_resource` VALUES ('338', null, '108', '1', '1', null, null, null, null, '0');
INSERT INTO `role_resource` VALUES ('339', null, '109', '1', '1', null, null, null, null, '0');
INSERT INTO `role_resource` VALUES ('340', null, '110', '1', '1', null, null, null, null, '0');
INSERT INTO `role_resource` VALUES ('341', null, '111', '1', '1', null, null, null, null, '0');
INSERT INTO `role_resource` VALUES ('342', null, '112', '1', '1', null, null, null, null, '0');
INSERT INTO `role_resource` VALUES ('343', null, '113', '1', '1', null, null, null, null, '0');
INSERT INTO `role_resource` VALUES ('344', null, '114', '1', '1', null, null, null, null, '0');
INSERT INTO `role_resource` VALUES ('345', null, '115', '1', '1', null, null, null, null, '0');
INSERT INTO `role_resource` VALUES ('347', null, '117', '1', '1', null, null, null, null, '0');
INSERT INTO `role_resource` VALUES ('348', null, '118', '1', '1', null, null, null, null, '0');
INSERT INTO `role_resource` VALUES ('349', null, '110', '10', '1', '-1', '2017-11-26 14:10:58', null, null, '0');
INSERT INTO `role_resource` VALUES ('350', null, '111', '10', '1', '-1', '2017-11-26 14:10:58', null, null, '0');
INSERT INTO `role_resource` VALUES ('351', null, '119', '10', '1', '-1', '2017-11-26 14:10:58', null, null, '0');
INSERT INTO `role_resource` VALUES ('352', null, '120', '10', '1', '-1', '2017-11-26 14:10:58', null, null, '0');
INSERT INTO `role_resource` VALUES ('353', null, '121', '10', '1', '-1', '2017-11-26 14:10:58', null, null, '0');
INSERT INTO `role_resource` VALUES ('354', null, '112', '10', '1', '-1', '2017-11-26 14:10:58', null, null, '0');
INSERT INTO `role_resource` VALUES ('355', null, '122', '10', '1', '-1', '2017-11-26 14:10:58', null, null, '0');
INSERT INTO `role_resource` VALUES ('356', null, '115', '10', '1', '-1', '2017-11-26 14:10:58', null, null, '0');
INSERT INTO `role_resource` VALUES ('357', null, '128', '10', '1', '-1', '2017-11-26 14:10:58', null, null, '0');
INSERT INTO `role_resource` VALUES ('358', null, '113', '10', '1', '-1', '2017-11-26 14:10:58', null, null, '0');
INSERT INTO `role_resource` VALUES ('359', null, '129', '10', '1', '-1', '2017-11-26 14:10:58', null, null, '0');
INSERT INTO `role_resource` VALUES ('360', null, '114', '10', '1', '-1', '2017-11-26 14:10:58', null, null, '0');
INSERT INTO `role_resource` VALUES ('361', null, '130', '10', '1', '-1', '2017-11-26 14:10:58', null, null, '0');
INSERT INTO `role_resource` VALUES ('362', null, '117', '10', '1', '-1', '2017-11-26 14:10:58', null, null, '0');
INSERT INTO `role_resource` VALUES ('363', null, '21', '10', '1', '-1', '2017-11-26 14:10:58', null, null, '0');
INSERT INTO `role_resource` VALUES ('364', null, '8', '10', '1', '-1', '2017-11-26 14:10:58', null, null, '0');
INSERT INTO `role_resource` VALUES ('365', null, '9', '10', '1', '-1', '2017-11-26 14:10:58', null, null, '0');
INSERT INTO `role_resource` VALUES ('366', null, '13', '10', '1', '-1', '2017-11-26 14:10:58', null, null, '0');
INSERT INTO `role_resource` VALUES ('367', null, '110', '10', '1', '-1', '2017-11-26 14:10:58', null, null, '0');
INSERT INTO `role_resource` VALUES ('368', null, '111', '10', '1', '-1', '2017-11-26 14:10:58', null, null, '0');
INSERT INTO `role_resource` VALUES ('369', null, '119', '10', '1', '-1', '2017-11-26 14:10:58', null, null, '0');
INSERT INTO `role_resource` VALUES ('370', null, '120', '10', '1', '-1', '2017-11-26 14:10:58', null, null, '0');
INSERT INTO `role_resource` VALUES ('371', null, '121', '10', '1', '-1', '2017-11-26 14:10:58', null, null, '0');
INSERT INTO `role_resource` VALUES ('372', null, '112', '10', '1', '-1', '2017-11-26 14:10:58', null, null, '0');
INSERT INTO `role_resource` VALUES ('373', null, '122', '10', '1', '-1', '2017-11-26 14:10:58', null, null, '0');
INSERT INTO `role_resource` VALUES ('374', null, '115', '10', '1', '-1', '2017-11-26 14:10:58', null, null, '0');
INSERT INTO `role_resource` VALUES ('375', null, '128', '10', '1', '-1', '2017-11-26 14:10:58', null, null, '0');
INSERT INTO `role_resource` VALUES ('376', null, '113', '10', '1', '-1', '2017-11-26 14:10:58', null, null, '0');
INSERT INTO `role_resource` VALUES ('377', null, '129', '10', '1', '-1', '2017-11-26 14:10:58', null, null, '0');
INSERT INTO `role_resource` VALUES ('378', null, '114', '10', '1', '-1', '2017-11-26 14:10:58', null, null, '0');
INSERT INTO `role_resource` VALUES ('379', null, '130', '10', '1', '-1', '2017-11-26 14:10:58', null, null, '0');
INSERT INTO `role_resource` VALUES ('380', null, '117', '10', '1', '-1', '2017-11-26 14:10:58', null, null, '0');
INSERT INTO `role_resource` VALUES ('381', null, '21', '10', '1', '-1', '2017-11-26 14:10:58', null, null, '0');
INSERT INTO `role_resource` VALUES ('382', null, '8', '10', '1', '-1', '2017-11-26 14:10:58', null, null, '0');
INSERT INTO `role_resource` VALUES ('383', null, '9', '10', '1', '-1', '2017-11-26 14:10:58', null, null, '0');
INSERT INTO `role_resource` VALUES ('384', null, '13', '10', '1', '-1', '2017-11-26 14:10:58', null, null, '0');
INSERT INTO `role_resource` VALUES ('390', null, '110', '10', '1', '-1', '2017-11-27 09:52:35', null, null, '0');
INSERT INTO `role_resource` VALUES ('391', null, '111', '10', '1', '-1', '2017-11-27 09:52:35', null, null, '0');
INSERT INTO `role_resource` VALUES ('392', null, '119', '10', '1', '-1', '2017-11-27 09:52:35', null, null, '0');
INSERT INTO `role_resource` VALUES ('393', null, '120', '10', '1', '-1', '2017-11-27 09:52:35', null, null, '0');
INSERT INTO `role_resource` VALUES ('394', null, '121', '10', '1', '-1', '2017-11-27 09:52:35', null, null, '0');
INSERT INTO `role_resource` VALUES ('395', null, '112', '10', '1', '-1', '2017-11-27 09:52:35', null, null, '0');
INSERT INTO `role_resource` VALUES ('396', null, '122', '10', '1', '-1', '2017-11-27 09:52:35', null, null, '0');
INSERT INTO `role_resource` VALUES ('397', null, '115', '10', '1', '-1', '2017-11-27 09:52:35', null, null, '0');
INSERT INTO `role_resource` VALUES ('398', null, '128', '10', '1', '-1', '2017-11-27 09:52:35', null, null, '0');
INSERT INTO `role_resource` VALUES ('399', null, '113', '10', '1', '-1', '2017-11-27 09:52:35', null, null, '0');
INSERT INTO `role_resource` VALUES ('400', null, '129', '10', '1', '-1', '2017-11-27 09:52:35', null, null, '0');
INSERT INTO `role_resource` VALUES ('401', null, '114', '10', '1', '-1', '2017-11-27 09:52:35', null, null, '0');
INSERT INTO `role_resource` VALUES ('402', null, '130', '10', '1', '-1', '2017-11-27 09:52:35', null, null, '0');
INSERT INTO `role_resource` VALUES ('403', null, '117', '10', '1', '-1', '2017-11-27 09:52:35', null, null, '0');
INSERT INTO `role_resource` VALUES ('404', null, '21', '10', '1', '-1', '2017-11-27 09:52:35', null, null, '0');
INSERT INTO `role_resource` VALUES ('405', null, '8', '10', '1', '-1', '2017-11-27 09:52:35', null, null, '0');
INSERT INTO `role_resource` VALUES ('406', null, '9', '10', '1', '-1', '2017-11-27 09:52:35', null, null, '0');
INSERT INTO `role_resource` VALUES ('407', null, '13', '10', '1', '-1', '2017-11-27 09:52:35', null, null, '0');
INSERT INTO `role_resource` VALUES ('413', null, '110', '10', '1', '-1', '2017-11-29 10:09:45', null, null, '0');
INSERT INTO `role_resource` VALUES ('414', null, '111', '10', '1', '-1', '2017-11-29 10:09:45', null, null, '0');
INSERT INTO `role_resource` VALUES ('415', null, '119', '10', '1', '-1', '2017-11-29 10:09:45', null, null, '0');
INSERT INTO `role_resource` VALUES ('416', null, '120', '10', '1', '-1', '2017-11-29 10:09:45', null, null, '0');
INSERT INTO `role_resource` VALUES ('417', null, '121', '10', '1', '-1', '2017-11-29 10:09:45', null, null, '0');
INSERT INTO `role_resource` VALUES ('418', null, '112', '10', '1', '-1', '2017-11-29 10:09:45', null, null, '0');
INSERT INTO `role_resource` VALUES ('419', null, '122', '10', '1', '-1', '2017-11-29 10:09:45', null, null, '0');
INSERT INTO `role_resource` VALUES ('420', null, '115', '10', '1', '-1', '2017-11-29 10:09:45', null, null, '0');
INSERT INTO `role_resource` VALUES ('421', null, '128', '10', '1', '-1', '2017-11-29 10:09:45', null, null, '0');
INSERT INTO `role_resource` VALUES ('422', null, '113', '10', '1', '-1', '2017-11-29 10:09:45', null, null, '0');
INSERT INTO `role_resource` VALUES ('423', null, '129', '10', '1', '-1', '2017-11-29 10:09:45', null, null, '0');
INSERT INTO `role_resource` VALUES ('424', null, '114', '10', '1', '-1', '2017-11-29 10:09:45', null, null, '0');
INSERT INTO `role_resource` VALUES ('425', null, '130', '10', '1', '-1', '2017-11-29 10:09:45', null, null, '0');
INSERT INTO `role_resource` VALUES ('426', null, '117', '10', '1', '-1', '2017-11-29 10:09:45', null, null, '0');
INSERT INTO `role_resource` VALUES ('427', null, '21', '10', '1', '-1', '2017-11-29 10:09:45', null, null, '0');
INSERT INTO `role_resource` VALUES ('428', null, '8', '10', '1', '-1', '2017-11-29 10:09:45', null, null, '0');
INSERT INTO `role_resource` VALUES ('429', null, '9', '10', '1', '-1', '2017-11-29 10:09:45', null, null, '0');
INSERT INTO `role_resource` VALUES ('430', null, '13', '10', '1', '-1', '2017-11-29 10:09:45', null, null, '0');
INSERT INTO `role_resource` VALUES ('436', null, '110', '10', '1', '-1', '2017-11-29 18:27:44', null, null, '0');
INSERT INTO `role_resource` VALUES ('437', null, '111', '10', '1', '-1', '2017-11-29 18:27:44', null, null, '0');
INSERT INTO `role_resource` VALUES ('438', null, '119', '10', '1', '-1', '2017-11-29 18:27:44', null, null, '0');
INSERT INTO `role_resource` VALUES ('439', null, '120', '10', '1', '-1', '2017-11-29 18:27:44', null, null, '0');
INSERT INTO `role_resource` VALUES ('440', null, '121', '10', '1', '-1', '2017-11-29 18:27:44', null, null, '0');
INSERT INTO `role_resource` VALUES ('441', null, '112', '10', '1', '-1', '2017-11-29 18:27:44', null, null, '0');
INSERT INTO `role_resource` VALUES ('442', null, '122', '10', '1', '-1', '2017-11-29 18:27:44', null, null, '0');
INSERT INTO `role_resource` VALUES ('443', null, '115', '10', '1', '-1', '2017-11-29 18:27:44', null, null, '0');
INSERT INTO `role_resource` VALUES ('444', null, '128', '10', '1', '-1', '2017-11-29 18:27:44', null, null, '0');
INSERT INTO `role_resource` VALUES ('445', null, '113', '10', '1', '-1', '2017-11-29 18:27:44', null, null, '0');
INSERT INTO `role_resource` VALUES ('446', null, '129', '10', '1', '-1', '2017-11-29 18:27:44', null, null, '0');
INSERT INTO `role_resource` VALUES ('447', null, '114', '10', '1', '-1', '2017-11-29 18:27:44', null, null, '0');
INSERT INTO `role_resource` VALUES ('448', null, '130', '10', '1', '-1', '2017-11-29 18:27:44', null, null, '0');
INSERT INTO `role_resource` VALUES ('449', null, '117', '10', '1', '-1', '2017-11-29 18:27:44', null, null, '0');
INSERT INTO `role_resource` VALUES ('450', null, '21', '10', '1', '-1', '2017-11-29 18:27:44', null, null, '0');
INSERT INTO `role_resource` VALUES ('451', null, '8', '10', '1', '-1', '2017-11-29 18:27:44', null, null, '0');
INSERT INTO `role_resource` VALUES ('452', null, '9', '10', '1', '-1', '2017-11-29 18:27:44', null, null, '0');
INSERT INTO `role_resource` VALUES ('453', null, '13', '10', '1', '-1', '2017-11-29 18:27:44', null, null, '0');
INSERT INTO `role_resource` VALUES ('459', null, '110', '10', '1', '-1', '2017-12-01 09:56:18', null, null, '0');
INSERT INTO `role_resource` VALUES ('460', null, '111', '10', '1', '-1', '2017-12-01 09:56:18', null, null, '0');
INSERT INTO `role_resource` VALUES ('461', null, '119', '10', '1', '-1', '2017-12-01 09:56:18', null, null, '0');
INSERT INTO `role_resource` VALUES ('462', null, '120', '10', '1', '-1', '2017-12-01 09:56:18', null, null, '0');
INSERT INTO `role_resource` VALUES ('463', null, '121', '10', '1', '-1', '2017-12-01 09:56:18', null, null, '0');
INSERT INTO `role_resource` VALUES ('464', null, '112', '10', '1', '-1', '2017-12-01 09:56:18', null, null, '0');
INSERT INTO `role_resource` VALUES ('465', null, '122', '10', '1', '-1', '2017-12-01 09:56:18', null, null, '0');
INSERT INTO `role_resource` VALUES ('466', null, '115', '10', '1', '-1', '2017-12-01 09:56:18', null, null, '0');
INSERT INTO `role_resource` VALUES ('467', null, '128', '10', '1', '-1', '2017-12-01 09:56:18', null, null, '0');
INSERT INTO `role_resource` VALUES ('468', null, '113', '10', '1', '-1', '2017-12-01 09:56:18', null, null, '0');
INSERT INTO `role_resource` VALUES ('469', null, '129', '10', '1', '-1', '2017-12-01 09:56:18', null, null, '0');
INSERT INTO `role_resource` VALUES ('470', null, '114', '10', '1', '-1', '2017-12-01 09:56:18', null, null, '0');
INSERT INTO `role_resource` VALUES ('471', null, '130', '10', '1', '-1', '2017-12-01 09:56:18', null, null, '0');
INSERT INTO `role_resource` VALUES ('472', null, '117', '10', '1', '-1', '2017-12-01 09:56:18', null, null, '0');
INSERT INTO `role_resource` VALUES ('473', null, '21', '10', '1', '-1', '2017-12-01 09:56:18', null, null, '0');
INSERT INTO `role_resource` VALUES ('474', null, '8', '10', '1', '-1', '2017-12-01 09:56:18', null, null, '0');
INSERT INTO `role_resource` VALUES ('475', null, '9', '10', '1', '-1', '2017-12-01 09:56:18', null, null, '0');
INSERT INTO `role_resource` VALUES ('476', null, '13', '10', '1', '-1', '2017-12-01 09:56:18', null, null, '0');
INSERT INTO `role_resource` VALUES ('482', null, '117', '2', '1', null, '2017-12-01 15:22:04', null, null, '0');
INSERT INTO `role_resource` VALUES ('483', null, '117', '3', '1', null, '2017-12-01 15:22:04', null, null, '0');
INSERT INTO `role_resource` VALUES ('484', null, '117', '4', '1', null, '2017-12-01 15:22:04', null, null, '0');
INSERT INTO `role_resource` VALUES ('485', null, '117', '5', '1', null, '2017-12-01 15:22:04', null, null, '0');
INSERT INTO `role_resource` VALUES ('486', null, '117', '6', '1', null, '2017-12-01 15:22:04', null, null, '0');
INSERT INTO `role_resource` VALUES ('487', null, '117', '7', '1', null, '2017-12-01 15:22:04', null, null, '0');
INSERT INTO `role_resource` VALUES ('488', null, '117', '8', '1', null, '2017-12-01 15:22:04', null, null, '0');
INSERT INTO `role_resource` VALUES ('489', null, '117', '9', '1', null, '2017-12-01 15:22:04', null, null, '0');
INSERT INTO `role_resource` VALUES ('497', null, '118', '3', '1', null, '2017-12-01 15:22:06', null, null, '0');
INSERT INTO `role_resource` VALUES ('498', null, '118', '4', '1', null, '2017-12-01 15:22:06', null, null, '0');
INSERT INTO `role_resource` VALUES ('499', null, '118', '5', '1', null, '2017-12-01 15:22:06', null, null, '0');
INSERT INTO `role_resource` VALUES ('500', null, '118', '7', '1', null, '2017-12-01 15:22:06', null, null, '0');
INSERT INTO `role_resource` VALUES ('504', null, '110', '10', '1', '-1', '2017-12-02 09:38:45', null, null, '0');
INSERT INTO `role_resource` VALUES ('505', null, '111', '10', '1', '-1', '2017-12-02 09:38:45', null, null, '0');
INSERT INTO `role_resource` VALUES ('506', null, '119', '10', '1', '-1', '2017-12-02 09:38:45', null, null, '0');
INSERT INTO `role_resource` VALUES ('507', null, '120', '10', '1', '-1', '2017-12-02 09:38:45', null, null, '0');
INSERT INTO `role_resource` VALUES ('508', null, '121', '10', '1', '-1', '2017-12-02 09:38:45', null, null, '0');
INSERT INTO `role_resource` VALUES ('509', null, '112', '10', '1', '-1', '2017-12-02 09:38:45', null, null, '0');
INSERT INTO `role_resource` VALUES ('510', null, '122', '10', '1', '-1', '2017-12-02 09:38:45', null, null, '0');
INSERT INTO `role_resource` VALUES ('511', null, '115', '10', '1', '-1', '2017-12-02 09:38:45', null, null, '0');
INSERT INTO `role_resource` VALUES ('512', null, '128', '10', '1', '-1', '2017-12-02 09:38:45', null, null, '0');
INSERT INTO `role_resource` VALUES ('513', null, '113', '10', '1', '-1', '2017-12-02 09:38:45', null, null, '0');
INSERT INTO `role_resource` VALUES ('514', null, '129', '10', '1', '-1', '2017-12-02 09:38:45', null, null, '0');
INSERT INTO `role_resource` VALUES ('515', null, '114', '10', '1', '-1', '2017-12-02 09:38:45', null, null, '0');
INSERT INTO `role_resource` VALUES ('516', null, '130', '10', '1', '-1', '2017-12-02 09:38:45', null, null, '0');
INSERT INTO `role_resource` VALUES ('517', null, '117', '10', '1', '-1', '2017-12-02 09:38:45', null, null, '0');
INSERT INTO `role_resource` VALUES ('518', null, '21', '10', '1', '-1', '2017-12-02 09:38:45', null, null, '0');
INSERT INTO `role_resource` VALUES ('519', null, '8', '10', '1', '-1', '2017-12-02 09:38:45', null, null, '0');
INSERT INTO `role_resource` VALUES ('520', null, '9', '10', '1', '-1', '2017-12-02 09:38:45', null, null, '0');
INSERT INTO `role_resource` VALUES ('521', null, '13', '10', '1', '-1', '2017-12-02 09:38:45', null, null, '0');
INSERT INTO `role_resource` VALUES ('527', null, '110', '10', '1', '-1', '2017-12-02 10:36:55', null, null, '0');
INSERT INTO `role_resource` VALUES ('528', null, '111', '10', '1', '-1', '2017-12-02 10:36:55', null, null, '0');
INSERT INTO `role_resource` VALUES ('529', null, '119', '10', '1', '-1', '2017-12-02 10:36:55', null, null, '0');
INSERT INTO `role_resource` VALUES ('530', null, '120', '10', '1', '-1', '2017-12-02 10:36:55', null, null, '0');
INSERT INTO `role_resource` VALUES ('531', null, '121', '10', '1', '-1', '2017-12-02 10:36:55', null, null, '0');
INSERT INTO `role_resource` VALUES ('532', null, '112', '10', '1', '-1', '2017-12-02 10:36:55', null, null, '0');
INSERT INTO `role_resource` VALUES ('533', null, '122', '10', '1', '-1', '2017-12-02 10:36:55', null, null, '0');
INSERT INTO `role_resource` VALUES ('534', null, '115', '10', '1', '-1', '2017-12-02 10:36:55', null, null, '0');
INSERT INTO `role_resource` VALUES ('535', null, '128', '10', '1', '-1', '2017-12-02 10:36:55', null, null, '0');
INSERT INTO `role_resource` VALUES ('536', null, '113', '10', '1', '-1', '2017-12-02 10:36:55', null, null, '0');
INSERT INTO `role_resource` VALUES ('537', null, '129', '10', '1', '-1', '2017-12-02 10:36:55', null, null, '0');
INSERT INTO `role_resource` VALUES ('538', null, '114', '10', '1', '-1', '2017-12-02 10:36:55', null, null, '0');
INSERT INTO `role_resource` VALUES ('539', null, '130', '10', '1', '-1', '2017-12-02 10:36:55', null, null, '0');
INSERT INTO `role_resource` VALUES ('540', null, '117', '10', '1', '-1', '2017-12-02 10:36:55', null, null, '0');
INSERT INTO `role_resource` VALUES ('541', null, '21', '10', '1', '-1', '2017-12-02 10:36:55', null, null, '0');
INSERT INTO `role_resource` VALUES ('542', null, '8', '10', '1', '-1', '2017-12-02 10:36:55', null, null, '0');
INSERT INTO `role_resource` VALUES ('543', null, '9', '10', '1', '-1', '2017-12-02 10:36:55', null, null, '0');
INSERT INTO `role_resource` VALUES ('544', null, '13', '10', '1', '-1', '2017-12-02 10:36:55', null, null, '0');
INSERT INTO `role_resource` VALUES ('550', null, '110', '10', '1', '-1', '2017-12-02 11:47:00', null, null, '0');
INSERT INTO `role_resource` VALUES ('551', null, '111', '10', '1', '-1', '2017-12-02 11:47:00', null, null, '0');
INSERT INTO `role_resource` VALUES ('552', null, '119', '10', '1', '-1', '2017-12-02 11:47:00', null, null, '0');
INSERT INTO `role_resource` VALUES ('553', null, '120', '10', '1', '-1', '2017-12-02 11:47:00', null, null, '0');
INSERT INTO `role_resource` VALUES ('554', null, '121', '10', '1', '-1', '2017-12-02 11:47:00', null, null, '0');
INSERT INTO `role_resource` VALUES ('555', null, '112', '10', '1', '-1', '2017-12-02 11:47:00', null, null, '0');
INSERT INTO `role_resource` VALUES ('556', null, '122', '10', '1', '-1', '2017-12-02 11:47:00', null, null, '0');
INSERT INTO `role_resource` VALUES ('557', null, '115', '10', '1', '-1', '2017-12-02 11:47:00', null, null, '0');
INSERT INTO `role_resource` VALUES ('558', null, '128', '10', '1', '-1', '2017-12-02 11:47:00', null, null, '0');
INSERT INTO `role_resource` VALUES ('559', null, '113', '10', '1', '-1', '2017-12-02 11:47:00', null, null, '0');
INSERT INTO `role_resource` VALUES ('560', null, '129', '10', '1', '-1', '2017-12-02 11:47:00', null, null, '0');
INSERT INTO `role_resource` VALUES ('561', null, '114', '10', '1', '-1', '2017-12-02 11:47:00', null, null, '0');
INSERT INTO `role_resource` VALUES ('562', null, '130', '10', '1', '-1', '2017-12-02 11:47:00', null, null, '0');
INSERT INTO `role_resource` VALUES ('563', null, '117', '10', '1', '-1', '2017-12-02 11:47:00', null, null, '0');
INSERT INTO `role_resource` VALUES ('564', null, '21', '10', '1', '-1', '2017-12-02 11:47:00', null, null, '0');
INSERT INTO `role_resource` VALUES ('565', null, '8', '10', '1', '-1', '2017-12-02 11:47:00', null, null, '0');
INSERT INTO `role_resource` VALUES ('566', null, '9', '10', '1', '-1', '2017-12-02 11:47:00', null, null, '0');
INSERT INTO `role_resource` VALUES ('567', null, '13', '10', '1', '-1', '2017-12-02 11:47:00', null, null, '0');
INSERT INTO `role_resource` VALUES ('573', null, '110', '10', '1', '-1', '2017-12-04 10:15:55', null, null, '0');
INSERT INTO `role_resource` VALUES ('574', null, '111', '10', '1', '-1', '2017-12-04 10:15:55', null, null, '0');
INSERT INTO `role_resource` VALUES ('575', null, '119', '10', '1', '-1', '2017-12-04 10:15:55', null, null, '0');
INSERT INTO `role_resource` VALUES ('576', null, '120', '10', '1', '-1', '2017-12-04 10:15:55', null, null, '0');
INSERT INTO `role_resource` VALUES ('577', null, '121', '10', '1', '-1', '2017-12-04 10:15:55', null, null, '0');
INSERT INTO `role_resource` VALUES ('578', null, '112', '10', '1', '-1', '2017-12-04 10:15:55', null, null, '0');
INSERT INTO `role_resource` VALUES ('579', null, '122', '10', '1', '-1', '2017-12-04 10:15:55', null, null, '0');
INSERT INTO `role_resource` VALUES ('580', null, '115', '10', '1', '-1', '2017-12-04 10:15:55', null, null, '0');
INSERT INTO `role_resource` VALUES ('581', null, '128', '10', '1', '-1', '2017-12-04 10:15:55', null, null, '0');
INSERT INTO `role_resource` VALUES ('582', null, '113', '10', '1', '-1', '2017-12-04 10:15:55', null, null, '0');
INSERT INTO `role_resource` VALUES ('583', null, '129', '10', '1', '-1', '2017-12-04 10:15:55', null, null, '0');
INSERT INTO `role_resource` VALUES ('584', null, '114', '10', '1', '-1', '2017-12-04 10:15:55', null, null, '0');
INSERT INTO `role_resource` VALUES ('585', null, '130', '10', '1', '-1', '2017-12-04 10:15:55', null, null, '0');
INSERT INTO `role_resource` VALUES ('586', null, '117', '10', '1', '-1', '2017-12-04 10:15:55', null, null, '0');
INSERT INTO `role_resource` VALUES ('587', null, '21', '10', '1', '-1', '2017-12-04 10:15:55', null, null, '0');
INSERT INTO `role_resource` VALUES ('588', null, '8', '10', '1', '-1', '2017-12-04 10:15:55', null, null, '0');
INSERT INTO `role_resource` VALUES ('589', null, '9', '10', '1', '-1', '2017-12-04 10:15:55', null, null, '0');
INSERT INTO `role_resource` VALUES ('590', null, '13', '10', '1', '-1', '2017-12-04 10:15:55', null, null, '0');
INSERT INTO `role_resource` VALUES ('596', null, '110', '10', '1', '-1', '2017-12-04 16:04:15', null, null, '0');
INSERT INTO `role_resource` VALUES ('597', null, '111', '10', '1', '-1', '2017-12-04 16:04:15', null, null, '0');
INSERT INTO `role_resource` VALUES ('598', null, '119', '10', '1', '-1', '2017-12-04 16:04:15', null, null, '0');
INSERT INTO `role_resource` VALUES ('599', null, '120', '10', '1', '-1', '2017-12-04 16:04:15', null, null, '0');
INSERT INTO `role_resource` VALUES ('600', null, '121', '10', '1', '-1', '2017-12-04 16:04:15', null, null, '0');
INSERT INTO `role_resource` VALUES ('601', null, '112', '10', '1', '-1', '2017-12-04 16:04:15', null, null, '0');
INSERT INTO `role_resource` VALUES ('602', null, '122', '10', '1', '-1', '2017-12-04 16:04:15', null, null, '0');
INSERT INTO `role_resource` VALUES ('603', null, '115', '10', '1', '-1', '2017-12-04 16:04:15', null, null, '0');
INSERT INTO `role_resource` VALUES ('604', null, '128', '10', '1', '-1', '2017-12-04 16:04:15', null, null, '0');
INSERT INTO `role_resource` VALUES ('605', null, '113', '10', '1', '-1', '2017-12-04 16:04:15', null, null, '0');
INSERT INTO `role_resource` VALUES ('606', null, '129', '10', '1', '-1', '2017-12-04 16:04:15', null, null, '0');
INSERT INTO `role_resource` VALUES ('607', null, '114', '10', '1', '-1', '2017-12-04 16:04:15', null, null, '0');
INSERT INTO `role_resource` VALUES ('608', null, '130', '10', '1', '-1', '2017-12-04 16:04:15', null, null, '0');
INSERT INTO `role_resource` VALUES ('609', null, '117', '10', '1', '-1', '2017-12-04 16:04:15', null, null, '0');
INSERT INTO `role_resource` VALUES ('610', null, '21', '10', '1', '-1', '2017-12-04 16:04:15', null, null, '0');
INSERT INTO `role_resource` VALUES ('611', null, '8', '10', '1', '-1', '2017-12-04 16:04:15', null, null, '0');
INSERT INTO `role_resource` VALUES ('612', null, '9', '10', '1', '-1', '2017-12-04 16:04:15', null, null, '0');
INSERT INTO `role_resource` VALUES ('613', null, '13', '10', '1', '-1', '2017-12-04 16:04:15', null, null, '0');
INSERT INTO `role_resource` VALUES ('619', null, '110', '10', '1', '-1', '2017-12-04 22:06:38', null, null, '0');
INSERT INTO `role_resource` VALUES ('620', null, '111', '10', '1', '-1', '2017-12-04 22:06:38', null, null, '0');
INSERT INTO `role_resource` VALUES ('621', null, '119', '10', '1', '-1', '2017-12-04 22:06:38', null, null, '0');
INSERT INTO `role_resource` VALUES ('622', null, '120', '10', '1', '-1', '2017-12-04 22:06:38', null, null, '0');
INSERT INTO `role_resource` VALUES ('623', null, '121', '10', '1', '-1', '2017-12-04 22:06:38', null, null, '0');
INSERT INTO `role_resource` VALUES ('624', null, '112', '10', '1', '-1', '2017-12-04 22:06:38', null, null, '0');
INSERT INTO `role_resource` VALUES ('625', null, '122', '10', '1', '-1', '2017-12-04 22:06:38', null, null, '0');
INSERT INTO `role_resource` VALUES ('626', null, '115', '10', '1', '-1', '2017-12-04 22:06:38', null, null, '0');
INSERT INTO `role_resource` VALUES ('627', null, '128', '10', '1', '-1', '2017-12-04 22:06:38', null, null, '0');
INSERT INTO `role_resource` VALUES ('628', null, '113', '10', '1', '-1', '2017-12-04 22:06:38', null, null, '0');
INSERT INTO `role_resource` VALUES ('629', null, '129', '10', '1', '-1', '2017-12-04 22:06:38', null, null, '0');
INSERT INTO `role_resource` VALUES ('630', null, '114', '10', '1', '-1', '2017-12-04 22:06:38', null, null, '0');
INSERT INTO `role_resource` VALUES ('631', null, '130', '10', '1', '-1', '2017-12-04 22:06:38', null, null, '0');
INSERT INTO `role_resource` VALUES ('632', null, '117', '10', '1', '-1', '2017-12-04 22:06:38', null, null, '0');
INSERT INTO `role_resource` VALUES ('633', null, '21', '10', '1', '-1', '2017-12-04 22:06:38', null, null, '0');
INSERT INTO `role_resource` VALUES ('634', null, '8', '10', '1', '-1', '2017-12-04 22:06:38', null, null, '0');
INSERT INTO `role_resource` VALUES ('635', null, '9', '10', '1', '-1', '2017-12-04 22:06:38', null, null, '0');
INSERT INTO `role_resource` VALUES ('636', null, '13', '10', '1', '-1', '2017-12-04 22:06:38', null, null, '0');
INSERT INTO `role_resource` VALUES ('642', null, '110', '10', '1', '-1', '2017-12-05 09:29:31', null, null, '0');
INSERT INTO `role_resource` VALUES ('643', null, '111', '10', '1', '-1', '2017-12-05 09:29:31', null, null, '0');
INSERT INTO `role_resource` VALUES ('644', null, '119', '10', '1', '-1', '2017-12-05 09:29:31', null, null, '0');
INSERT INTO `role_resource` VALUES ('645', null, '120', '10', '1', '-1', '2017-12-05 09:29:31', null, null, '0');
INSERT INTO `role_resource` VALUES ('646', null, '121', '10', '1', '-1', '2017-12-05 09:29:31', null, null, '0');
INSERT INTO `role_resource` VALUES ('647', null, '112', '10', '1', '-1', '2017-12-05 09:29:31', null, null, '0');
INSERT INTO `role_resource` VALUES ('648', null, '122', '10', '1', '-1', '2017-12-05 09:29:31', null, null, '0');
INSERT INTO `role_resource` VALUES ('649', null, '115', '10', '1', '-1', '2017-12-05 09:29:31', null, null, '0');
INSERT INTO `role_resource` VALUES ('650', null, '128', '10', '1', '-1', '2017-12-05 09:29:31', null, null, '0');
INSERT INTO `role_resource` VALUES ('651', null, '113', '10', '1', '-1', '2017-12-05 09:29:31', null, null, '0');
INSERT INTO `role_resource` VALUES ('652', null, '129', '10', '1', '-1', '2017-12-05 09:29:31', null, null, '0');
INSERT INTO `role_resource` VALUES ('653', null, '114', '10', '1', '-1', '2017-12-05 09:29:31', null, null, '0');
INSERT INTO `role_resource` VALUES ('654', null, '130', '10', '1', '-1', '2017-12-05 09:29:31', null, null, '0');
INSERT INTO `role_resource` VALUES ('655', null, '117', '10', '1', '-1', '2017-12-05 09:29:31', null, null, '0');
INSERT INTO `role_resource` VALUES ('656', null, '21', '10', '1', '-1', '2017-12-05 09:29:31', null, null, '0');
INSERT INTO `role_resource` VALUES ('657', null, '8', '10', '1', '-1', '2017-12-05 09:29:31', null, null, '0');
INSERT INTO `role_resource` VALUES ('658', null, '9', '10', '1', '-1', '2017-12-05 09:29:31', null, null, '0');
INSERT INTO `role_resource` VALUES ('659', null, '13', '10', '1', '-1', '2017-12-05 09:29:31', null, null, '0');
INSERT INTO `role_resource` VALUES ('665', null, '110', '10', '1', '-1', '2017-12-05 17:58:07', null, null, '0');
INSERT INTO `role_resource` VALUES ('666', null, '111', '10', '1', '-1', '2017-12-05 17:58:07', null, null, '0');
INSERT INTO `role_resource` VALUES ('667', null, '119', '10', '1', '-1', '2017-12-05 17:58:07', null, null, '0');
INSERT INTO `role_resource` VALUES ('668', null, '120', '10', '1', '-1', '2017-12-05 17:58:07', null, null, '0');
INSERT INTO `role_resource` VALUES ('669', null, '121', '10', '1', '-1', '2017-12-05 17:58:07', null, null, '0');
INSERT INTO `role_resource` VALUES ('670', null, '112', '10', '1', '-1', '2017-12-05 17:58:07', null, null, '0');
INSERT INTO `role_resource` VALUES ('671', null, '122', '10', '1', '-1', '2017-12-05 17:58:07', null, null, '0');
INSERT INTO `role_resource` VALUES ('672', null, '115', '10', '1', '-1', '2017-12-05 17:58:07', null, null, '0');
INSERT INTO `role_resource` VALUES ('673', null, '128', '10', '1', '-1', '2017-12-05 17:58:07', null, null, '0');
INSERT INTO `role_resource` VALUES ('674', null, '113', '10', '1', '-1', '2017-12-05 17:58:07', null, null, '0');
INSERT INTO `role_resource` VALUES ('675', null, '129', '10', '1', '-1', '2017-12-05 17:58:07', null, null, '0');
INSERT INTO `role_resource` VALUES ('676', null, '114', '10', '1', '-1', '2017-12-05 17:58:07', null, null, '0');
INSERT INTO `role_resource` VALUES ('677', null, '130', '10', '1', '-1', '2017-12-05 17:58:07', null, null, '0');
INSERT INTO `role_resource` VALUES ('678', null, '117', '10', '1', '-1', '2017-12-05 17:58:07', null, null, '0');
INSERT INTO `role_resource` VALUES ('679', null, '21', '10', '1', '-1', '2017-12-05 17:58:07', null, null, '0');
INSERT INTO `role_resource` VALUES ('680', null, '8', '10', '1', '-1', '2017-12-05 17:58:07', null, null, '0');
INSERT INTO `role_resource` VALUES ('681', null, '9', '10', '1', '-1', '2017-12-05 17:58:07', null, null, '0');
INSERT INTO `role_resource` VALUES ('682', null, '13', '10', '1', '-1', '2017-12-05 17:58:07', null, null, '0');
INSERT INTO `role_resource` VALUES ('688', null, '110', '10', '1', '-1', '2017-12-07 08:29:42', null, null, '0');
INSERT INTO `role_resource` VALUES ('689', null, '111', '10', '1', '-1', '2017-12-07 08:29:42', null, null, '0');
INSERT INTO `role_resource` VALUES ('690', null, '119', '10', '1', '-1', '2017-12-07 08:29:42', null, null, '0');
INSERT INTO `role_resource` VALUES ('691', null, '120', '10', '1', '-1', '2017-12-07 08:29:42', null, null, '0');
INSERT INTO `role_resource` VALUES ('692', null, '121', '10', '1', '-1', '2017-12-07 08:29:42', null, null, '0');
INSERT INTO `role_resource` VALUES ('693', null, '112', '10', '1', '-1', '2017-12-07 08:29:42', null, null, '0');
INSERT INTO `role_resource` VALUES ('694', null, '122', '10', '1', '-1', '2017-12-07 08:29:42', null, null, '0');
INSERT INTO `role_resource` VALUES ('695', null, '115', '10', '1', '-1', '2017-12-07 08:29:42', null, null, '0');
INSERT INTO `role_resource` VALUES ('696', null, '128', '10', '1', '-1', '2017-12-07 08:29:42', null, null, '0');
INSERT INTO `role_resource` VALUES ('697', null, '113', '10', '1', '-1', '2017-12-07 08:29:42', null, null, '0');
INSERT INTO `role_resource` VALUES ('698', null, '129', '10', '1', '-1', '2017-12-07 08:29:42', null, null, '0');
INSERT INTO `role_resource` VALUES ('699', null, '114', '10', '1', '-1', '2017-12-07 08:29:42', null, null, '0');
INSERT INTO `role_resource` VALUES ('700', null, '130', '10', '1', '-1', '2017-12-07 08:29:42', null, null, '0');
INSERT INTO `role_resource` VALUES ('701', null, '117', '10', '1', '-1', '2017-12-07 08:29:42', null, null, '0');
INSERT INTO `role_resource` VALUES ('702', null, '21', '10', '1', '-1', '2017-12-07 08:29:42', null, null, '0');
INSERT INTO `role_resource` VALUES ('703', null, '8', '10', '1', '-1', '2017-12-07 08:29:42', null, null, '0');
INSERT INTO `role_resource` VALUES ('704', null, '9', '10', '1', '-1', '2017-12-07 08:29:42', null, null, '0');
INSERT INTO `role_resource` VALUES ('705', null, '13', '10', '1', '-1', '2017-12-07 08:29:42', null, null, '0');
INSERT INTO `role_resource` VALUES ('711', null, '110', '10', '1', '-1', '2017-12-07 17:33:45', null, null, '0');
INSERT INTO `role_resource` VALUES ('712', null, '111', '10', '1', '-1', '2017-12-07 17:33:45', null, null, '0');
INSERT INTO `role_resource` VALUES ('713', null, '119', '10', '1', '-1', '2017-12-07 17:33:45', null, null, '0');
INSERT INTO `role_resource` VALUES ('714', null, '120', '10', '1', '-1', '2017-12-07 17:33:45', null, null, '0');
INSERT INTO `role_resource` VALUES ('715', null, '121', '10', '1', '-1', '2017-12-07 17:33:45', null, null, '0');
INSERT INTO `role_resource` VALUES ('716', null, '112', '10', '1', '-1', '2017-12-07 17:33:45', null, null, '0');
INSERT INTO `role_resource` VALUES ('717', null, '122', '10', '1', '-1', '2017-12-07 17:33:45', null, null, '0');
INSERT INTO `role_resource` VALUES ('718', null, '115', '10', '1', '-1', '2017-12-07 17:33:45', null, null, '0');
INSERT INTO `role_resource` VALUES ('719', null, '128', '10', '1', '-1', '2017-12-07 17:33:45', null, null, '0');
INSERT INTO `role_resource` VALUES ('720', null, '113', '10', '1', '-1', '2017-12-07 17:33:45', null, null, '0');
INSERT INTO `role_resource` VALUES ('721', null, '129', '10', '1', '-1', '2017-12-07 17:33:45', null, null, '0');
INSERT INTO `role_resource` VALUES ('722', null, '114', '10', '1', '-1', '2017-12-07 17:33:45', null, null, '0');
INSERT INTO `role_resource` VALUES ('723', null, '130', '10', '1', '-1', '2017-12-07 17:33:45', null, null, '0');
INSERT INTO `role_resource` VALUES ('724', null, '117', '10', '1', '-1', '2017-12-07 17:33:45', null, null, '0');
INSERT INTO `role_resource` VALUES ('725', null, '21', '10', '1', '-1', '2017-12-07 17:33:45', null, null, '0');
INSERT INTO `role_resource` VALUES ('726', null, '8', '10', '1', '-1', '2017-12-07 17:33:45', null, null, '0');
INSERT INTO `role_resource` VALUES ('727', null, '9', '10', '1', '-1', '2017-12-07 17:33:45', null, null, '0');
INSERT INTO `role_resource` VALUES ('728', null, '13', '10', '1', '-1', '2017-12-07 17:33:45', null, null, '0');
INSERT INTO `role_resource` VALUES ('734', null, '110', '10', '1', '-1', '2017-12-07 19:04:36', null, null, '0');
INSERT INTO `role_resource` VALUES ('735', null, '111', '10', '1', '-1', '2017-12-07 19:04:36', null, null, '0');
INSERT INTO `role_resource` VALUES ('736', null, '119', '10', '1', '-1', '2017-12-07 19:04:36', null, null, '0');
INSERT INTO `role_resource` VALUES ('737', null, '120', '10', '1', '-1', '2017-12-07 19:04:36', null, null, '0');
INSERT INTO `role_resource` VALUES ('738', null, '121', '10', '1', '-1', '2017-12-07 19:04:36', null, null, '0');
INSERT INTO `role_resource` VALUES ('739', null, '112', '10', '1', '-1', '2017-12-07 19:04:36', null, null, '0');
INSERT INTO `role_resource` VALUES ('740', null, '122', '10', '1', '-1', '2017-12-07 19:04:36', null, null, '0');
INSERT INTO `role_resource` VALUES ('741', null, '115', '10', '1', '-1', '2017-12-07 19:04:36', null, null, '0');
INSERT INTO `role_resource` VALUES ('742', null, '128', '10', '1', '-1', '2017-12-07 19:04:36', null, null, '0');
INSERT INTO `role_resource` VALUES ('743', null, '113', '10', '1', '-1', '2017-12-07 19:04:36', null, null, '0');
INSERT INTO `role_resource` VALUES ('744', null, '129', '10', '1', '-1', '2017-12-07 19:04:36', null, null, '0');
INSERT INTO `role_resource` VALUES ('745', null, '114', '10', '1', '-1', '2017-12-07 19:04:36', null, null, '0');
INSERT INTO `role_resource` VALUES ('746', null, '130', '10', '1', '-1', '2017-12-07 19:04:36', null, null, '0');
INSERT INTO `role_resource` VALUES ('747', null, '117', '10', '1', '-1', '2017-12-07 19:04:36', null, null, '0');
INSERT INTO `role_resource` VALUES ('748', null, '21', '10', '1', '-1', '2017-12-07 19:04:36', null, null, '0');
INSERT INTO `role_resource` VALUES ('749', null, '8', '10', '1', '-1', '2017-12-07 19:04:36', null, null, '0');
INSERT INTO `role_resource` VALUES ('750', null, '9', '10', '1', '-1', '2017-12-07 19:04:36', null, null, '0');
INSERT INTO `role_resource` VALUES ('751', null, '13', '10', '1', '-1', '2017-12-07 19:04:36', null, null, '0');
INSERT INTO `role_resource` VALUES ('757', null, '131', '1', '1', null, null, null, null, '0');
INSERT INTO `role_resource` VALUES ('758', null, '132', '1', '1', null, null, null, null, '0');
INSERT INTO `role_resource` VALUES ('759', null, '133', '1', '1', null, null, null, null, '0');
INSERT INTO `role_resource` VALUES ('760', null, '110', '10', '1', '-1', '2017-12-07 19:15:39', null, null, '0');
INSERT INTO `role_resource` VALUES ('761', null, '111', '10', '1', '-1', '2017-12-07 19:15:39', null, null, '0');
INSERT INTO `role_resource` VALUES ('762', null, '119', '10', '1', '-1', '2017-12-07 19:15:39', null, null, '0');
INSERT INTO `role_resource` VALUES ('763', null, '120', '10', '1', '-1', '2017-12-07 19:15:39', null, null, '0');
INSERT INTO `role_resource` VALUES ('764', null, '121', '10', '1', '-1', '2017-12-07 19:15:39', null, null, '0');
INSERT INTO `role_resource` VALUES ('765', null, '112', '10', '1', '-1', '2017-12-07 19:15:39', null, null, '0');
INSERT INTO `role_resource` VALUES ('766', null, '122', '10', '1', '-1', '2017-12-07 19:15:39', null, null, '0');
INSERT INTO `role_resource` VALUES ('767', null, '115', '10', '1', '-1', '2017-12-07 19:15:39', null, null, '0');
INSERT INTO `role_resource` VALUES ('768', null, '128', '10', '1', '-1', '2017-12-07 19:15:39', null, null, '0');
INSERT INTO `role_resource` VALUES ('769', null, '113', '10', '1', '-1', '2017-12-07 19:15:39', null, null, '0');
INSERT INTO `role_resource` VALUES ('770', null, '129', '10', '1', '-1', '2017-12-07 19:15:39', null, null, '0');
INSERT INTO `role_resource` VALUES ('771', null, '114', '10', '1', '-1', '2017-12-07 19:15:39', null, null, '0');
INSERT INTO `role_resource` VALUES ('772', null, '130', '10', '1', '-1', '2017-12-07 19:15:39', null, null, '0');
INSERT INTO `role_resource` VALUES ('773', null, '117', '10', '1', '-1', '2017-12-07 19:15:39', null, null, '0');
INSERT INTO `role_resource` VALUES ('774', null, '21', '10', '1', '-1', '2017-12-07 19:15:39', null, null, '0');
INSERT INTO `role_resource` VALUES ('775', null, '8', '10', '1', '-1', '2017-12-07 19:15:39', null, null, '0');
INSERT INTO `role_resource` VALUES ('776', null, '9', '10', '1', '-1', '2017-12-07 19:15:39', null, null, '0');
INSERT INTO `role_resource` VALUES ('777', null, '13', '10', '1', '-1', '2017-12-07 19:15:39', null, null, '0');
INSERT INTO `role_resource` VALUES ('783', null, '110', '10', '1', '-1', '2017-12-08 09:24:01', null, null, '0');
INSERT INTO `role_resource` VALUES ('784', null, '111', '10', '1', '-1', '2017-12-08 09:24:01', null, null, '0');
INSERT INTO `role_resource` VALUES ('785', null, '119', '10', '1', '-1', '2017-12-08 09:24:01', null, null, '0');
INSERT INTO `role_resource` VALUES ('786', null, '120', '10', '1', '-1', '2017-12-08 09:24:01', null, null, '0');
INSERT INTO `role_resource` VALUES ('787', null, '121', '10', '1', '-1', '2017-12-08 09:24:01', null, null, '0');
INSERT INTO `role_resource` VALUES ('788', null, '112', '10', '1', '-1', '2017-12-08 09:24:01', null, null, '0');
INSERT INTO `role_resource` VALUES ('789', null, '122', '10', '1', '-1', '2017-12-08 09:24:01', null, null, '0');
INSERT INTO `role_resource` VALUES ('790', null, '115', '10', '1', '-1', '2017-12-08 09:24:01', null, null, '0');
INSERT INTO `role_resource` VALUES ('791', null, '128', '10', '1', '-1', '2017-12-08 09:24:01', null, null, '0');
INSERT INTO `role_resource` VALUES ('792', null, '113', '10', '1', '-1', '2017-12-08 09:24:01', null, null, '0');
INSERT INTO `role_resource` VALUES ('793', null, '129', '10', '1', '-1', '2017-12-08 09:24:01', null, null, '0');
INSERT INTO `role_resource` VALUES ('794', null, '114', '10', '1', '-1', '2017-12-08 09:24:01', null, null, '0');
INSERT INTO `role_resource` VALUES ('795', null, '130', '10', '1', '-1', '2017-12-08 09:24:01', null, null, '0');
INSERT INTO `role_resource` VALUES ('796', null, '117', '10', '1', '-1', '2017-12-08 09:24:01', null, null, '0');
INSERT INTO `role_resource` VALUES ('797', null, '21', '10', '1', '-1', '2017-12-08 09:24:01', null, null, '0');
INSERT INTO `role_resource` VALUES ('798', null, '8', '10', '1', '-1', '2017-12-08 09:24:01', null, null, '0');
INSERT INTO `role_resource` VALUES ('799', null, '9', '10', '1', '-1', '2017-12-08 09:24:01', null, null, '0');
INSERT INTO `role_resource` VALUES ('800', null, '13', '10', '1', '-1', '2017-12-08 09:24:01', null, null, '0');
INSERT INTO `role_resource` VALUES ('806', null, '110', '10', '1', '-1', '2017-12-08 11:14:47', null, null, '0');
INSERT INTO `role_resource` VALUES ('807', null, '111', '10', '1', '-1', '2017-12-08 11:14:47', null, null, '0');
INSERT INTO `role_resource` VALUES ('808', null, '119', '10', '1', '-1', '2017-12-08 11:14:47', null, null, '0');
INSERT INTO `role_resource` VALUES ('809', null, '120', '10', '1', '-1', '2017-12-08 11:14:47', null, null, '0');
INSERT INTO `role_resource` VALUES ('810', null, '121', '10', '1', '-1', '2017-12-08 11:14:47', null, null, '0');
INSERT INTO `role_resource` VALUES ('811', null, '112', '10', '1', '-1', '2017-12-08 11:14:47', null, null, '0');
INSERT INTO `role_resource` VALUES ('812', null, '122', '10', '1', '-1', '2017-12-08 11:14:47', null, null, '0');
INSERT INTO `role_resource` VALUES ('813', null, '115', '10', '1', '-1', '2017-12-08 11:14:47', null, null, '0');
INSERT INTO `role_resource` VALUES ('814', null, '128', '10', '1', '-1', '2017-12-08 11:14:47', null, null, '0');
INSERT INTO `role_resource` VALUES ('815', null, '113', '10', '1', '-1', '2017-12-08 11:14:47', null, null, '0');
INSERT INTO `role_resource` VALUES ('816', null, '129', '10', '1', '-1', '2017-12-08 11:14:47', null, null, '0');
INSERT INTO `role_resource` VALUES ('817', null, '114', '10', '1', '-1', '2017-12-08 11:14:47', null, null, '0');
INSERT INTO `role_resource` VALUES ('818', null, '130', '10', '1', '-1', '2017-12-08 11:14:47', null, null, '0');
INSERT INTO `role_resource` VALUES ('819', null, '117', '10', '1', '-1', '2017-12-08 11:14:47', null, null, '0');
INSERT INTO `role_resource` VALUES ('820', null, '21', '10', '1', '-1', '2017-12-08 11:14:47', null, null, '0');
INSERT INTO `role_resource` VALUES ('821', null, '8', '10', '1', '-1', '2017-12-08 11:14:47', null, null, '0');
INSERT INTO `role_resource` VALUES ('822', null, '9', '10', '1', '-1', '2017-12-08 11:14:47', null, null, '0');
INSERT INTO `role_resource` VALUES ('823', null, '13', '10', '1', '-1', '2017-12-08 11:14:47', null, null, '0');
INSERT INTO `role_resource` VALUES ('829', null, '110', '10', '1', '-1', '2017-12-08 11:34:59', null, null, '0');
INSERT INTO `role_resource` VALUES ('830', null, '111', '10', '1', '-1', '2017-12-08 11:34:59', null, null, '0');
INSERT INTO `role_resource` VALUES ('831', null, '119', '10', '1', '-1', '2017-12-08 11:34:59', null, null, '0');
INSERT INTO `role_resource` VALUES ('832', null, '120', '10', '1', '-1', '2017-12-08 11:34:59', null, null, '0');
INSERT INTO `role_resource` VALUES ('833', null, '121', '10', '1', '-1', '2017-12-08 11:34:59', null, null, '0');
INSERT INTO `role_resource` VALUES ('834', null, '112', '10', '1', '-1', '2017-12-08 11:34:59', null, null, '0');
INSERT INTO `role_resource` VALUES ('835', null, '122', '10', '1', '-1', '2017-12-08 11:34:59', null, null, '0');
INSERT INTO `role_resource` VALUES ('836', null, '115', '10', '1', '-1', '2017-12-08 11:34:59', null, null, '0');
INSERT INTO `role_resource` VALUES ('837', null, '128', '10', '1', '-1', '2017-12-08 11:34:59', null, null, '0');
INSERT INTO `role_resource` VALUES ('838', null, '113', '10', '1', '-1', '2017-12-08 11:34:59', null, null, '0');
INSERT INTO `role_resource` VALUES ('839', null, '129', '10', '1', '-1', '2017-12-08 11:34:59', null, null, '0');
INSERT INTO `role_resource` VALUES ('840', null, '114', '10', '1', '-1', '2017-12-08 11:34:59', null, null, '0');
INSERT INTO `role_resource` VALUES ('841', null, '130', '10', '1', '-1', '2017-12-08 11:34:59', null, null, '0');
INSERT INTO `role_resource` VALUES ('842', null, '117', '10', '1', '-1', '2017-12-08 11:34:59', null, null, '0');
INSERT INTO `role_resource` VALUES ('843', null, '21', '10', '1', '-1', '2017-12-08 11:34:59', null, null, '0');
INSERT INTO `role_resource` VALUES ('844', null, '8', '10', '1', '-1', '2017-12-08 11:34:59', null, null, '0');
INSERT INTO `role_resource` VALUES ('845', null, '9', '10', '1', '-1', '2017-12-08 11:34:59', null, null, '0');
INSERT INTO `role_resource` VALUES ('846', null, '13', '10', '1', '-1', '2017-12-08 11:34:59', null, null, '0');
INSERT INTO `role_resource` VALUES ('852', null, '110', '10', '1', '-1', '2017-12-08 17:05:05', null, null, '0');
INSERT INTO `role_resource` VALUES ('853', null, '111', '10', '1', '-1', '2017-12-08 17:05:05', null, null, '0');
INSERT INTO `role_resource` VALUES ('854', null, '119', '10', '1', '-1', '2017-12-08 17:05:05', null, null, '0');
INSERT INTO `role_resource` VALUES ('855', null, '120', '10', '1', '-1', '2017-12-08 17:05:05', null, null, '0');
INSERT INTO `role_resource` VALUES ('856', null, '121', '10', '1', '-1', '2017-12-08 17:05:05', null, null, '0');
INSERT INTO `role_resource` VALUES ('857', null, '112', '10', '1', '-1', '2017-12-08 17:05:05', null, null, '0');
INSERT INTO `role_resource` VALUES ('858', null, '122', '10', '1', '-1', '2017-12-08 17:05:05', null, null, '0');
INSERT INTO `role_resource` VALUES ('859', null, '115', '10', '1', '-1', '2017-12-08 17:05:05', null, null, '0');
INSERT INTO `role_resource` VALUES ('860', null, '128', '10', '1', '-1', '2017-12-08 17:05:05', null, null, '0');
INSERT INTO `role_resource` VALUES ('861', null, '113', '10', '1', '-1', '2017-12-08 17:05:05', null, null, '0');
INSERT INTO `role_resource` VALUES ('862', null, '129', '10', '1', '-1', '2017-12-08 17:05:05', null, null, '0');
INSERT INTO `role_resource` VALUES ('863', null, '114', '10', '1', '-1', '2017-12-08 17:05:05', null, null, '0');
INSERT INTO `role_resource` VALUES ('864', null, '130', '10', '1', '-1', '2017-12-08 17:05:05', null, null, '0');
INSERT INTO `role_resource` VALUES ('865', null, '117', '10', '1', '-1', '2017-12-08 17:05:05', null, null, '0');
INSERT INTO `role_resource` VALUES ('866', null, '21', '10', '1', '-1', '2017-12-08 17:05:05', null, null, '0');
INSERT INTO `role_resource` VALUES ('867', null, '8', '10', '1', '-1', '2017-12-08 17:05:05', null, null, '0');
INSERT INTO `role_resource` VALUES ('868', null, '9', '10', '1', '-1', '2017-12-08 17:05:05', null, null, '0');
INSERT INTO `role_resource` VALUES ('869', null, '13', '10', '1', '-1', '2017-12-08 17:05:05', null, null, '0');
INSERT INTO `role_resource` VALUES ('875', null, '110', '10', '1', '-1', '2017-12-08 19:05:38', null, null, '0');
INSERT INTO `role_resource` VALUES ('876', null, '111', '10', '1', '-1', '2017-12-08 19:05:38', null, null, '0');
INSERT INTO `role_resource` VALUES ('877', null, '119', '10', '1', '-1', '2017-12-08 19:05:38', null, null, '0');
INSERT INTO `role_resource` VALUES ('878', null, '120', '10', '1', '-1', '2017-12-08 19:05:38', null, null, '0');
INSERT INTO `role_resource` VALUES ('879', null, '121', '10', '1', '-1', '2017-12-08 19:05:38', null, null, '0');
INSERT INTO `role_resource` VALUES ('880', null, '112', '10', '1', '-1', '2017-12-08 19:05:38', null, null, '0');
INSERT INTO `role_resource` VALUES ('881', null, '122', '10', '1', '-1', '2017-12-08 19:05:38', null, null, '0');
INSERT INTO `role_resource` VALUES ('882', null, '115', '10', '1', '-1', '2017-12-08 19:05:38', null, null, '0');
INSERT INTO `role_resource` VALUES ('883', null, '128', '10', '1', '-1', '2017-12-08 19:05:38', null, null, '0');
INSERT INTO `role_resource` VALUES ('884', null, '113', '10', '1', '-1', '2017-12-08 19:05:38', null, null, '0');
INSERT INTO `role_resource` VALUES ('885', null, '129', '10', '1', '-1', '2017-12-08 19:05:38', null, null, '0');
INSERT INTO `role_resource` VALUES ('886', null, '114', '10', '1', '-1', '2017-12-08 19:05:38', null, null, '0');
INSERT INTO `role_resource` VALUES ('887', null, '130', '10', '1', '-1', '2017-12-08 19:05:38', null, null, '0');
INSERT INTO `role_resource` VALUES ('888', null, '117', '10', '1', '-1', '2017-12-08 19:05:38', null, null, '0');
INSERT INTO `role_resource` VALUES ('889', null, '21', '10', '1', '-1', '2017-12-08 19:05:38', null, null, '0');
INSERT INTO `role_resource` VALUES ('890', null, '8', '10', '1', '-1', '2017-12-08 19:05:38', null, null, '0');
INSERT INTO `role_resource` VALUES ('891', null, '9', '10', '1', '-1', '2017-12-08 19:05:38', null, null, '0');
INSERT INTO `role_resource` VALUES ('892', null, '13', '10', '1', '-1', '2017-12-08 19:05:38', null, null, '0');
INSERT INTO `role_resource` VALUES ('898', null, '110', '10', '1', '-1', '2017-12-08 19:47:01', null, null, '0');
INSERT INTO `role_resource` VALUES ('899', null, '111', '10', '1', '-1', '2017-12-08 19:47:01', null, null, '0');
INSERT INTO `role_resource` VALUES ('900', null, '119', '10', '1', '-1', '2017-12-08 19:47:01', null, null, '0');
INSERT INTO `role_resource` VALUES ('901', null, '120', '10', '1', '-1', '2017-12-08 19:47:01', null, null, '0');
INSERT INTO `role_resource` VALUES ('902', null, '121', '10', '1', '-1', '2017-12-08 19:47:01', null, null, '0');
INSERT INTO `role_resource` VALUES ('903', null, '112', '10', '1', '-1', '2017-12-08 19:47:01', null, null, '0');
INSERT INTO `role_resource` VALUES ('904', null, '122', '10', '1', '-1', '2017-12-08 19:47:01', null, null, '0');
INSERT INTO `role_resource` VALUES ('905', null, '115', '10', '1', '-1', '2017-12-08 19:47:01', null, null, '0');
INSERT INTO `role_resource` VALUES ('906', null, '128', '10', '1', '-1', '2017-12-08 19:47:01', null, null, '0');
INSERT INTO `role_resource` VALUES ('907', null, '113', '10', '1', '-1', '2017-12-08 19:47:01', null, null, '0');
INSERT INTO `role_resource` VALUES ('908', null, '129', '10', '1', '-1', '2017-12-08 19:47:01', null, null, '0');
INSERT INTO `role_resource` VALUES ('909', null, '114', '10', '1', '-1', '2017-12-08 19:47:01', null, null, '0');
INSERT INTO `role_resource` VALUES ('910', null, '130', '10', '1', '-1', '2017-12-08 19:47:01', null, null, '0');
INSERT INTO `role_resource` VALUES ('911', null, '117', '10', '1', '-1', '2017-12-08 19:47:01', null, null, '0');
INSERT INTO `role_resource` VALUES ('912', null, '21', '10', '1', '-1', '2017-12-08 19:47:01', null, null, '0');
INSERT INTO `role_resource` VALUES ('913', null, '8', '10', '1', '-1', '2017-12-08 19:47:01', null, null, '0');
INSERT INTO `role_resource` VALUES ('914', null, '9', '10', '1', '-1', '2017-12-08 19:47:01', null, null, '0');
INSERT INTO `role_resource` VALUES ('915', null, '13', '10', '1', '-1', '2017-12-08 19:47:01', null, null, '0');
INSERT INTO `role_resource` VALUES ('921', null, '110', '10', '1', '-1', '2017-12-08 19:51:26', null, null, '0');
INSERT INTO `role_resource` VALUES ('922', null, '111', '10', '1', '-1', '2017-12-08 19:51:26', null, null, '0');
INSERT INTO `role_resource` VALUES ('923', null, '119', '10', '1', '-1', '2017-12-08 19:51:26', null, null, '0');
INSERT INTO `role_resource` VALUES ('924', null, '120', '10', '1', '-1', '2017-12-08 19:51:26', null, null, '0');
INSERT INTO `role_resource` VALUES ('925', null, '121', '10', '1', '-1', '2017-12-08 19:51:26', null, null, '0');
INSERT INTO `role_resource` VALUES ('926', null, '112', '10', '1', '-1', '2017-12-08 19:51:26', null, null, '0');
INSERT INTO `role_resource` VALUES ('927', null, '122', '10', '1', '-1', '2017-12-08 19:51:26', null, null, '0');
INSERT INTO `role_resource` VALUES ('928', null, '115', '10', '1', '-1', '2017-12-08 19:51:26', null, null, '0');
INSERT INTO `role_resource` VALUES ('929', null, '128', '10', '1', '-1', '2017-12-08 19:51:26', null, null, '0');
INSERT INTO `role_resource` VALUES ('930', null, '113', '10', '1', '-1', '2017-12-08 19:51:26', null, null, '0');
INSERT INTO `role_resource` VALUES ('931', null, '129', '10', '1', '-1', '2017-12-08 19:51:26', null, null, '0');
INSERT INTO `role_resource` VALUES ('932', null, '114', '10', '1', '-1', '2017-12-08 19:51:26', null, null, '0');
INSERT INTO `role_resource` VALUES ('933', null, '130', '10', '1', '-1', '2017-12-08 19:51:26', null, null, '0');
INSERT INTO `role_resource` VALUES ('934', null, '117', '10', '1', '-1', '2017-12-08 19:51:26', null, null, '0');
INSERT INTO `role_resource` VALUES ('935', null, '21', '10', '1', '-1', '2017-12-08 19:51:26', null, null, '0');
INSERT INTO `role_resource` VALUES ('936', null, '8', '10', '1', '-1', '2017-12-08 19:51:26', null, null, '0');
INSERT INTO `role_resource` VALUES ('937', null, '9', '10', '1', '-1', '2017-12-08 19:51:26', null, null, '0');
INSERT INTO `role_resource` VALUES ('938', null, '13', '10', '1', '-1', '2017-12-08 19:51:26', null, null, '0');
INSERT INTO `role_resource` VALUES ('944', null, '110', '10', '1', '-1', '2017-12-08 19:57:10', null, null, '0');
INSERT INTO `role_resource` VALUES ('945', null, '111', '10', '1', '-1', '2017-12-08 19:57:10', null, null, '0');
INSERT INTO `role_resource` VALUES ('946', null, '119', '10', '1', '-1', '2017-12-08 19:57:10', null, null, '0');
INSERT INTO `role_resource` VALUES ('947', null, '120', '10', '1', '-1', '2017-12-08 19:57:10', null, null, '0');
INSERT INTO `role_resource` VALUES ('948', null, '121', '10', '1', '-1', '2017-12-08 19:57:10', null, null, '0');
INSERT INTO `role_resource` VALUES ('949', null, '112', '10', '1', '-1', '2017-12-08 19:57:10', null, null, '0');
INSERT INTO `role_resource` VALUES ('950', null, '122', '10', '1', '-1', '2017-12-08 19:57:10', null, null, '0');
INSERT INTO `role_resource` VALUES ('951', null, '115', '10', '1', '-1', '2017-12-08 19:57:10', null, null, '0');
INSERT INTO `role_resource` VALUES ('952', null, '128', '10', '1', '-1', '2017-12-08 19:57:10', null, null, '0');
INSERT INTO `role_resource` VALUES ('953', null, '113', '10', '1', '-1', '2017-12-08 19:57:10', null, null, '0');
INSERT INTO `role_resource` VALUES ('954', null, '129', '10', '1', '-1', '2017-12-08 19:57:10', null, null, '0');
INSERT INTO `role_resource` VALUES ('955', null, '114', '10', '1', '-1', '2017-12-08 19:57:10', null, null, '0');
INSERT INTO `role_resource` VALUES ('956', null, '130', '10', '1', '-1', '2017-12-08 19:57:10', null, null, '0');
INSERT INTO `role_resource` VALUES ('957', null, '117', '10', '1', '-1', '2017-12-08 19:57:10', null, null, '0');
INSERT INTO `role_resource` VALUES ('958', null, '21', '10', '1', '-1', '2017-12-08 19:57:10', null, null, '0');
INSERT INTO `role_resource` VALUES ('959', null, '8', '10', '1', '-1', '2017-12-08 19:57:10', null, null, '0');
INSERT INTO `role_resource` VALUES ('960', null, '9', '10', '1', '-1', '2017-12-08 19:57:10', null, null, '0');
INSERT INTO `role_resource` VALUES ('961', null, '13', '10', '1', '-1', '2017-12-08 19:57:10', null, null, '0');
INSERT INTO `role_resource` VALUES ('967', null, '110', '10', '1', '-1', '2017-12-08 19:59:04', null, null, '0');
INSERT INTO `role_resource` VALUES ('968', null, '111', '10', '1', '-1', '2017-12-08 19:59:04', null, null, '0');
INSERT INTO `role_resource` VALUES ('969', null, '119', '10', '1', '-1', '2017-12-08 19:59:04', null, null, '0');
INSERT INTO `role_resource` VALUES ('970', null, '120', '10', '1', '-1', '2017-12-08 19:59:04', null, null, '0');
INSERT INTO `role_resource` VALUES ('971', null, '121', '10', '1', '-1', '2017-12-08 19:59:04', null, null, '0');
INSERT INTO `role_resource` VALUES ('972', null, '112', '10', '1', '-1', '2017-12-08 19:59:04', null, null, '0');
INSERT INTO `role_resource` VALUES ('973', null, '122', '10', '1', '-1', '2017-12-08 19:59:04', null, null, '0');
INSERT INTO `role_resource` VALUES ('974', null, '115', '10', '1', '-1', '2017-12-08 19:59:04', null, null, '0');
INSERT INTO `role_resource` VALUES ('975', null, '128', '10', '1', '-1', '2017-12-08 19:59:04', null, null, '0');
INSERT INTO `role_resource` VALUES ('976', null, '113', '10', '1', '-1', '2017-12-08 19:59:04', null, null, '0');
INSERT INTO `role_resource` VALUES ('977', null, '129', '10', '1', '-1', '2017-12-08 19:59:04', null, null, '0');
INSERT INTO `role_resource` VALUES ('978', null, '114', '10', '1', '-1', '2017-12-08 19:59:04', null, null, '0');
INSERT INTO `role_resource` VALUES ('979', null, '130', '10', '1', '-1', '2017-12-08 19:59:04', null, null, '0');
INSERT INTO `role_resource` VALUES ('980', null, '117', '10', '1', '-1', '2017-12-08 19:59:04', null, null, '0');
INSERT INTO `role_resource` VALUES ('981', null, '21', '10', '1', '-1', '2017-12-08 19:59:04', null, null, '0');
INSERT INTO `role_resource` VALUES ('982', null, '8', '10', '1', '-1', '2017-12-08 19:59:04', null, null, '0');
INSERT INTO `role_resource` VALUES ('983', null, '9', '10', '1', '-1', '2017-12-08 19:59:04', null, null, '0');
INSERT INTO `role_resource` VALUES ('984', null, '13', '10', '1', '-1', '2017-12-08 19:59:04', null, null, '0');
INSERT INTO `role_resource` VALUES ('990', null, '110', '10', '1', '-1', '2017-12-08 20:12:50', null, null, '0');
INSERT INTO `role_resource` VALUES ('991', null, '111', '10', '1', '-1', '2017-12-08 20:12:50', null, null, '0');
INSERT INTO `role_resource` VALUES ('992', null, '119', '10', '1', '-1', '2017-12-08 20:12:50', null, null, '0');
INSERT INTO `role_resource` VALUES ('993', null, '120', '10', '1', '-1', '2017-12-08 20:12:50', null, null, '0');
INSERT INTO `role_resource` VALUES ('994', null, '121', '10', '1', '-1', '2017-12-08 20:12:50', null, null, '0');
INSERT INTO `role_resource` VALUES ('995', null, '112', '10', '1', '-1', '2017-12-08 20:12:50', null, null, '0');
INSERT INTO `role_resource` VALUES ('996', null, '122', '10', '1', '-1', '2017-12-08 20:12:50', null, null, '0');
INSERT INTO `role_resource` VALUES ('997', null, '115', '10', '1', '-1', '2017-12-08 20:12:50', null, null, '0');
INSERT INTO `role_resource` VALUES ('998', null, '128', '10', '1', '-1', '2017-12-08 20:12:50', null, null, '0');
INSERT INTO `role_resource` VALUES ('999', null, '113', '10', '1', '-1', '2017-12-08 20:12:50', null, null, '0');
INSERT INTO `role_resource` VALUES ('1000', null, '129', '10', '1', '-1', '2017-12-08 20:12:50', null, null, '0');
INSERT INTO `role_resource` VALUES ('1001', null, '114', '10', '1', '-1', '2017-12-08 20:12:50', null, null, '0');
INSERT INTO `role_resource` VALUES ('1002', null, '130', '10', '1', '-1', '2017-12-08 20:12:50', null, null, '0');
INSERT INTO `role_resource` VALUES ('1003', null, '117', '10', '1', '-1', '2017-12-08 20:12:50', null, null, '0');
INSERT INTO `role_resource` VALUES ('1004', null, '21', '10', '1', '-1', '2017-12-08 20:12:50', null, null, '0');
INSERT INTO `role_resource` VALUES ('1005', null, '8', '10', '1', '-1', '2017-12-08 20:12:50', null, null, '0');
INSERT INTO `role_resource` VALUES ('1006', null, '9', '10', '1', '-1', '2017-12-08 20:12:50', null, null, '0');
INSERT INTO `role_resource` VALUES ('1007', null, '13', '10', '1', '-1', '2017-12-08 20:12:50', null, null, '0');
INSERT INTO `role_resource` VALUES ('1013', null, '110', '10', '1', '-1', '2017-12-09 09:33:34', null, null, '0');
INSERT INTO `role_resource` VALUES ('1014', null, '111', '10', '1', '-1', '2017-12-09 09:33:34', null, null, '0');
INSERT INTO `role_resource` VALUES ('1015', null, '119', '10', '1', '-1', '2017-12-09 09:33:34', null, null, '0');
INSERT INTO `role_resource` VALUES ('1016', null, '120', '10', '1', '-1', '2017-12-09 09:33:34', null, null, '0');
INSERT INTO `role_resource` VALUES ('1017', null, '121', '10', '1', '-1', '2017-12-09 09:33:34', null, null, '0');
INSERT INTO `role_resource` VALUES ('1018', null, '112', '10', '1', '-1', '2017-12-09 09:33:34', null, null, '0');
INSERT INTO `role_resource` VALUES ('1019', null, '122', '10', '1', '-1', '2017-12-09 09:33:34', null, null, '0');
INSERT INTO `role_resource` VALUES ('1020', null, '115', '10', '1', '-1', '2017-12-09 09:33:34', null, null, '0');
INSERT INTO `role_resource` VALUES ('1021', null, '128', '10', '1', '-1', '2017-12-09 09:33:34', null, null, '0');
INSERT INTO `role_resource` VALUES ('1022', null, '113', '10', '1', '-1', '2017-12-09 09:33:34', null, null, '0');
INSERT INTO `role_resource` VALUES ('1023', null, '129', '10', '1', '-1', '2017-12-09 09:33:34', null, null, '0');
INSERT INTO `role_resource` VALUES ('1024', null, '114', '10', '1', '-1', '2017-12-09 09:33:34', null, null, '0');
INSERT INTO `role_resource` VALUES ('1025', null, '130', '10', '1', '-1', '2017-12-09 09:33:34', null, null, '0');
INSERT INTO `role_resource` VALUES ('1026', null, '117', '10', '1', '-1', '2017-12-09 09:33:34', null, null, '0');
INSERT INTO `role_resource` VALUES ('1027', null, '21', '10', '1', '-1', '2017-12-09 09:33:34', null, null, '0');
INSERT INTO `role_resource` VALUES ('1028', null, '8', '10', '1', '-1', '2017-12-09 09:33:34', null, null, '0');
INSERT INTO `role_resource` VALUES ('1029', null, '9', '10', '1', '-1', '2017-12-09 09:33:34', null, null, '0');
INSERT INTO `role_resource` VALUES ('1030', null, '13', '10', '1', '-1', '2017-12-09 09:33:34', null, null, '0');
INSERT INTO `role_resource` VALUES ('1037', null, '110', '10', '1', '-1', '2017-12-09 14:46:43', null, null, '0');
INSERT INTO `role_resource` VALUES ('1038', null, '111', '10', '1', '-1', '2017-12-09 14:46:43', null, null, '0');
INSERT INTO `role_resource` VALUES ('1039', null, '119', '10', '1', '-1', '2017-12-09 14:46:43', null, null, '0');
INSERT INTO `role_resource` VALUES ('1040', null, '120', '10', '1', '-1', '2017-12-09 14:46:43', null, null, '0');
INSERT INTO `role_resource` VALUES ('1041', null, '121', '10', '1', '-1', '2017-12-09 14:46:43', null, null, '0');
INSERT INTO `role_resource` VALUES ('1042', null, '112', '10', '1', '-1', '2017-12-09 14:46:43', null, null, '0');
INSERT INTO `role_resource` VALUES ('1043', null, '122', '10', '1', '-1', '2017-12-09 14:46:43', null, null, '0');
INSERT INTO `role_resource` VALUES ('1044', null, '115', '10', '1', '-1', '2017-12-09 14:46:43', null, null, '0');
INSERT INTO `role_resource` VALUES ('1045', null, '128', '10', '1', '-1', '2017-12-09 14:46:43', null, null, '0');
INSERT INTO `role_resource` VALUES ('1046', null, '113', '10', '1', '-1', '2017-12-09 14:46:43', null, null, '0');
INSERT INTO `role_resource` VALUES ('1047', null, '129', '10', '1', '-1', '2017-12-09 14:46:43', null, null, '0');
INSERT INTO `role_resource` VALUES ('1048', null, '114', '10', '1', '-1', '2017-12-09 14:46:43', null, null, '0');
INSERT INTO `role_resource` VALUES ('1049', null, '130', '10', '1', '-1', '2017-12-09 14:46:43', null, null, '0');
INSERT INTO `role_resource` VALUES ('1050', null, '117', '10', '1', '-1', '2017-12-09 14:46:43', null, null, '0');
INSERT INTO `role_resource` VALUES ('1051', null, '21', '10', '1', '-1', '2017-12-09 14:46:43', null, null, '0');
INSERT INTO `role_resource` VALUES ('1052', null, '8', '10', '1', '-1', '2017-12-09 14:46:43', null, null, '0');
INSERT INTO `role_resource` VALUES ('1053', null, '9', '10', '1', '-1', '2017-12-09 14:46:43', null, null, '0');
INSERT INTO `role_resource` VALUES ('1054', null, '13', '10', '1', '-1', '2017-12-09 14:46:43', null, null, '0');
INSERT INTO `role_resource` VALUES ('1061', null, '110', '10', '1', '-1', '2017-12-09 16:53:22', null, null, '0');
INSERT INTO `role_resource` VALUES ('1062', null, '111', '10', '1', '-1', '2017-12-09 16:53:22', null, null, '0');
INSERT INTO `role_resource` VALUES ('1063', null, '119', '10', '1', '-1', '2017-12-09 16:53:22', null, null, '0');
INSERT INTO `role_resource` VALUES ('1064', null, '120', '10', '1', '-1', '2017-12-09 16:53:22', null, null, '0');
INSERT INTO `role_resource` VALUES ('1065', null, '121', '10', '1', '-1', '2017-12-09 16:53:22', null, null, '0');
INSERT INTO `role_resource` VALUES ('1066', null, '112', '10', '1', '-1', '2017-12-09 16:53:22', null, null, '0');
INSERT INTO `role_resource` VALUES ('1067', null, '122', '10', '1', '-1', '2017-12-09 16:53:22', null, null, '0');
INSERT INTO `role_resource` VALUES ('1068', null, '115', '10', '1', '-1', '2017-12-09 16:53:22', null, null, '0');
INSERT INTO `role_resource` VALUES ('1069', null, '128', '10', '1', '-1', '2017-12-09 16:53:22', null, null, '0');
INSERT INTO `role_resource` VALUES ('1070', null, '113', '10', '1', '-1', '2017-12-09 16:53:22', null, null, '0');
INSERT INTO `role_resource` VALUES ('1071', null, '129', '10', '1', '-1', '2017-12-09 16:53:22', null, null, '0');
INSERT INTO `role_resource` VALUES ('1072', null, '114', '10', '1', '-1', '2017-12-09 16:53:22', null, null, '0');
INSERT INTO `role_resource` VALUES ('1073', null, '130', '10', '1', '-1', '2017-12-09 16:53:22', null, null, '0');
INSERT INTO `role_resource` VALUES ('1074', null, '117', '10', '1', '-1', '2017-12-09 16:53:22', null, null, '0');
INSERT INTO `role_resource` VALUES ('1075', null, '21', '10', '1', '-1', '2017-12-09 16:53:22', null, null, '0');
INSERT INTO `role_resource` VALUES ('1076', null, '8', '10', '1', '-1', '2017-12-09 16:53:22', null, null, '0');
INSERT INTO `role_resource` VALUES ('1077', null, '9', '10', '1', '-1', '2017-12-09 16:53:22', null, null, '0');
INSERT INTO `role_resource` VALUES ('1078', null, '13', '10', '1', '-1', '2017-12-09 16:53:22', null, null, '0');
INSERT INTO `role_resource` VALUES ('1085', null, '110', '10', '1', '-1', '2017-12-09 18:28:25', null, null, '0');
INSERT INTO `role_resource` VALUES ('1086', null, '111', '10', '1', '-1', '2017-12-09 18:28:25', null, null, '0');
INSERT INTO `role_resource` VALUES ('1087', null, '119', '10', '1', '-1', '2017-12-09 18:28:25', null, null, '0');
INSERT INTO `role_resource` VALUES ('1088', null, '120', '10', '1', '-1', '2017-12-09 18:28:25', null, null, '0');
INSERT INTO `role_resource` VALUES ('1089', null, '121', '10', '1', '-1', '2017-12-09 18:28:25', null, null, '0');
INSERT INTO `role_resource` VALUES ('1090', null, '112', '10', '1', '-1', '2017-12-09 18:28:25', null, null, '0');
INSERT INTO `role_resource` VALUES ('1091', null, '122', '10', '1', '-1', '2017-12-09 18:28:25', null, null, '0');
INSERT INTO `role_resource` VALUES ('1092', null, '115', '10', '1', '-1', '2017-12-09 18:28:25', null, null, '0');
INSERT INTO `role_resource` VALUES ('1093', null, '128', '10', '1', '-1', '2017-12-09 18:28:25', null, null, '0');
INSERT INTO `role_resource` VALUES ('1094', null, '113', '10', '1', '-1', '2017-12-09 18:28:25', null, null, '0');
INSERT INTO `role_resource` VALUES ('1095', null, '129', '10', '1', '-1', '2017-12-09 18:28:25', null, null, '0');
INSERT INTO `role_resource` VALUES ('1096', null, '114', '10', '1', '-1', '2017-12-09 18:28:25', null, null, '0');
INSERT INTO `role_resource` VALUES ('1097', null, '130', '10', '1', '-1', '2017-12-09 18:28:25', null, null, '0');
INSERT INTO `role_resource` VALUES ('1098', null, '117', '10', '1', '-1', '2017-12-09 18:28:25', null, null, '0');
INSERT INTO `role_resource` VALUES ('1099', null, '21', '10', '1', '-1', '2017-12-09 18:28:25', null, null, '0');
INSERT INTO `role_resource` VALUES ('1100', null, '8', '10', '1', '-1', '2017-12-09 18:28:25', null, null, '0');
INSERT INTO `role_resource` VALUES ('1101', null, '9', '10', '1', '-1', '2017-12-09 18:28:25', null, null, '0');
INSERT INTO `role_resource` VALUES ('1102', null, '13', '10', '1', '-1', '2017-12-09 18:28:25', null, null, '0');
INSERT INTO `role_resource` VALUES ('1109', null, '110', '10', '1', '-1', '2017-12-09 18:56:43', null, null, '0');
INSERT INTO `role_resource` VALUES ('1110', null, '111', '10', '1', '-1', '2017-12-09 18:56:43', null, null, '0');
INSERT INTO `role_resource` VALUES ('1111', null, '119', '10', '1', '-1', '2017-12-09 18:56:43', null, null, '0');
INSERT INTO `role_resource` VALUES ('1112', null, '120', '10', '1', '-1', '2017-12-09 18:56:43', null, null, '0');
INSERT INTO `role_resource` VALUES ('1113', null, '121', '10', '1', '-1', '2017-12-09 18:56:43', null, null, '0');
INSERT INTO `role_resource` VALUES ('1114', null, '112', '10', '1', '-1', '2017-12-09 18:56:43', null, null, '0');
INSERT INTO `role_resource` VALUES ('1115', null, '122', '10', '1', '-1', '2017-12-09 18:56:43', null, null, '0');
INSERT INTO `role_resource` VALUES ('1116', null, '115', '10', '1', '-1', '2017-12-09 18:56:43', null, null, '0');
INSERT INTO `role_resource` VALUES ('1117', null, '128', '10', '1', '-1', '2017-12-09 18:56:43', null, null, '0');
INSERT INTO `role_resource` VALUES ('1118', null, '113', '10', '1', '-1', '2017-12-09 18:56:43', null, null, '0');
INSERT INTO `role_resource` VALUES ('1119', null, '129', '10', '1', '-1', '2017-12-09 18:56:43', null, null, '0');
INSERT INTO `role_resource` VALUES ('1120', null, '114', '10', '1', '-1', '2017-12-09 18:56:43', null, null, '0');
INSERT INTO `role_resource` VALUES ('1121', null, '130', '10', '1', '-1', '2017-12-09 18:56:43', null, null, '0');
INSERT INTO `role_resource` VALUES ('1122', null, '117', '10', '1', '-1', '2017-12-09 18:56:43', null, null, '0');
INSERT INTO `role_resource` VALUES ('1123', null, '21', '10', '1', '-1', '2017-12-09 18:56:43', null, null, '0');
INSERT INTO `role_resource` VALUES ('1124', null, '8', '10', '1', '-1', '2017-12-09 18:56:43', null, null, '0');
INSERT INTO `role_resource` VALUES ('1125', null, '9', '10', '1', '-1', '2017-12-09 18:56:43', null, null, '0');
INSERT INTO `role_resource` VALUES ('1126', null, '13', '10', '1', '-1', '2017-12-09 18:56:43', null, null, '0');
INSERT INTO `role_resource` VALUES ('1133', null, '110', '10', '1', '-1', '2017-12-09 19:51:55', null, null, '0');
INSERT INTO `role_resource` VALUES ('1134', null, '111', '10', '1', '-1', '2017-12-09 19:51:55', null, null, '0');
INSERT INTO `role_resource` VALUES ('1135', null, '119', '10', '1', '-1', '2017-12-09 19:51:55', null, null, '0');
INSERT INTO `role_resource` VALUES ('1136', null, '120', '10', '1', '-1', '2017-12-09 19:51:55', null, null, '0');
INSERT INTO `role_resource` VALUES ('1137', null, '121', '10', '1', '-1', '2017-12-09 19:51:55', null, null, '0');
INSERT INTO `role_resource` VALUES ('1138', null, '112', '10', '1', '-1', '2017-12-09 19:51:55', null, null, '0');
INSERT INTO `role_resource` VALUES ('1139', null, '122', '10', '1', '-1', '2017-12-09 19:51:55', null, null, '0');
INSERT INTO `role_resource` VALUES ('1140', null, '115', '10', '1', '-1', '2017-12-09 19:51:55', null, null, '0');
INSERT INTO `role_resource` VALUES ('1141', null, '128', '10', '1', '-1', '2017-12-09 19:51:55', null, null, '0');
INSERT INTO `role_resource` VALUES ('1142', null, '113', '10', '1', '-1', '2017-12-09 19:51:55', null, null, '0');
INSERT INTO `role_resource` VALUES ('1143', null, '129', '10', '1', '-1', '2017-12-09 19:51:55', null, null, '0');
INSERT INTO `role_resource` VALUES ('1144', null, '114', '10', '1', '-1', '2017-12-09 19:51:55', null, null, '0');
INSERT INTO `role_resource` VALUES ('1145', null, '130', '10', '1', '-1', '2017-12-09 19:51:55', null, null, '0');
INSERT INTO `role_resource` VALUES ('1146', null, '117', '10', '1', '-1', '2017-12-09 19:51:55', null, null, '0');
INSERT INTO `role_resource` VALUES ('1147', null, '21', '10', '1', '-1', '2017-12-09 19:51:55', null, null, '0');
INSERT INTO `role_resource` VALUES ('1148', null, '8', '10', '1', '-1', '2017-12-09 19:51:55', null, null, '0');
INSERT INTO `role_resource` VALUES ('1149', null, '9', '10', '1', '-1', '2017-12-09 19:51:55', null, null, '0');
INSERT INTO `role_resource` VALUES ('1150', null, '13', '10', '1', '-1', '2017-12-09 19:51:55', null, null, '0');
INSERT INTO `role_resource` VALUES ('1157', null, '110', '10', '1', '-1', '2017-12-09 21:49:11', null, null, '0');
INSERT INTO `role_resource` VALUES ('1158', null, '111', '10', '1', '-1', '2017-12-09 21:49:11', null, null, '0');
INSERT INTO `role_resource` VALUES ('1159', null, '119', '10', '1', '-1', '2017-12-09 21:49:11', null, null, '0');
INSERT INTO `role_resource` VALUES ('1160', null, '120', '10', '1', '-1', '2017-12-09 21:49:11', null, null, '0');
INSERT INTO `role_resource` VALUES ('1161', null, '121', '10', '1', '-1', '2017-12-09 21:49:11', null, null, '0');
INSERT INTO `role_resource` VALUES ('1162', null, '112', '10', '1', '-1', '2017-12-09 21:49:11', null, null, '0');
INSERT INTO `role_resource` VALUES ('1163', null, '122', '10', '1', '-1', '2017-12-09 21:49:11', null, null, '0');
INSERT INTO `role_resource` VALUES ('1164', null, '115', '10', '1', '-1', '2017-12-09 21:49:11', null, null, '0');
INSERT INTO `role_resource` VALUES ('1165', null, '128', '10', '1', '-1', '2017-12-09 21:49:11', null, null, '0');
INSERT INTO `role_resource` VALUES ('1166', null, '113', '10', '1', '-1', '2017-12-09 21:49:11', null, null, '0');
INSERT INTO `role_resource` VALUES ('1167', null, '129', '10', '1', '-1', '2017-12-09 21:49:11', null, null, '0');
INSERT INTO `role_resource` VALUES ('1168', null, '114', '10', '1', '-1', '2017-12-09 21:49:11', null, null, '0');
INSERT INTO `role_resource` VALUES ('1169', null, '130', '10', '1', '-1', '2017-12-09 21:49:11', null, null, '0');
INSERT INTO `role_resource` VALUES ('1170', null, '117', '10', '1', '-1', '2017-12-09 21:49:11', null, null, '0');
INSERT INTO `role_resource` VALUES ('1171', null, '21', '10', '1', '-1', '2017-12-09 21:49:11', null, null, '0');
INSERT INTO `role_resource` VALUES ('1172', null, '8', '10', '1', '-1', '2017-12-09 21:49:11', null, null, '0');
INSERT INTO `role_resource` VALUES ('1173', null, '9', '10', '1', '-1', '2017-12-09 21:49:11', null, null, '0');
INSERT INTO `role_resource` VALUES ('1174', null, '13', '10', '1', '-1', '2017-12-09 21:49:11', null, null, '0');
INSERT INTO `role_resource` VALUES ('1181', null, '110', '10', '1', '-1', '2017-12-11 17:07:37', null, null, '0');
INSERT INTO `role_resource` VALUES ('1182', null, '111', '10', '1', '-1', '2017-12-11 17:07:37', null, null, '0');
INSERT INTO `role_resource` VALUES ('1183', null, '119', '10', '1', '-1', '2017-12-11 17:07:37', null, null, '0');
INSERT INTO `role_resource` VALUES ('1184', null, '120', '10', '1', '-1', '2017-12-11 17:07:37', null, null, '0');
INSERT INTO `role_resource` VALUES ('1185', null, '121', '10', '1', '-1', '2017-12-11 17:07:37', null, null, '0');
INSERT INTO `role_resource` VALUES ('1186', null, '112', '10', '1', '-1', '2017-12-11 17:07:37', null, null, '0');
INSERT INTO `role_resource` VALUES ('1187', null, '122', '10', '1', '-1', '2017-12-11 17:07:37', null, null, '0');
INSERT INTO `role_resource` VALUES ('1188', null, '115', '10', '1', '-1', '2017-12-11 17:07:37', null, null, '0');
INSERT INTO `role_resource` VALUES ('1189', null, '128', '10', '1', '-1', '2017-12-11 17:07:37', null, null, '0');
INSERT INTO `role_resource` VALUES ('1190', null, '113', '10', '1', '-1', '2017-12-11 17:07:37', null, null, '0');
INSERT INTO `role_resource` VALUES ('1191', null, '129', '10', '1', '-1', '2017-12-11 17:07:37', null, null, '0');
INSERT INTO `role_resource` VALUES ('1192', null, '114', '10', '1', '-1', '2017-12-11 17:07:37', null, null, '0');
INSERT INTO `role_resource` VALUES ('1193', null, '130', '10', '1', '-1', '2017-12-11 17:07:37', null, null, '0');
INSERT INTO `role_resource` VALUES ('1194', null, '117', '10', '1', '-1', '2017-12-11 17:07:37', null, null, '0');
INSERT INTO `role_resource` VALUES ('1195', null, '21', '10', '1', '-1', '2017-12-11 17:07:37', null, null, '0');
INSERT INTO `role_resource` VALUES ('1196', null, '8', '10', '1', '-1', '2017-12-11 17:07:37', null, null, '0');
INSERT INTO `role_resource` VALUES ('1197', null, '9', '10', '1', '-1', '2017-12-11 17:07:37', null, null, '0');
INSERT INTO `role_resource` VALUES ('1198', null, '13', '10', '1', '-1', '2017-12-11 17:07:37', null, null, '0');
INSERT INTO `role_resource` VALUES ('1205', null, '110', '10', '1', '-1', '2017-12-11 18:59:06', null, null, '0');
INSERT INTO `role_resource` VALUES ('1206', null, '111', '10', '1', '-1', '2017-12-11 18:59:06', null, null, '0');
INSERT INTO `role_resource` VALUES ('1207', null, '119', '10', '1', '-1', '2017-12-11 18:59:06', null, null, '0');
INSERT INTO `role_resource` VALUES ('1208', null, '120', '10', '1', '-1', '2017-12-11 18:59:06', null, null, '0');
INSERT INTO `role_resource` VALUES ('1209', null, '121', '10', '1', '-1', '2017-12-11 18:59:06', null, null, '0');
INSERT INTO `role_resource` VALUES ('1210', null, '112', '10', '1', '-1', '2017-12-11 18:59:06', null, null, '0');
INSERT INTO `role_resource` VALUES ('1211', null, '122', '10', '1', '-1', '2017-12-11 18:59:06', null, null, '0');
INSERT INTO `role_resource` VALUES ('1212', null, '115', '10', '1', '-1', '2017-12-11 18:59:06', null, null, '0');
INSERT INTO `role_resource` VALUES ('1213', null, '128', '10', '1', '-1', '2017-12-11 18:59:06', null, null, '0');
INSERT INTO `role_resource` VALUES ('1214', null, '113', '10', '1', '-1', '2017-12-11 18:59:06', null, null, '0');
INSERT INTO `role_resource` VALUES ('1215', null, '129', '10', '1', '-1', '2017-12-11 18:59:06', null, null, '0');
INSERT INTO `role_resource` VALUES ('1216', null, '114', '10', '1', '-1', '2017-12-11 18:59:06', null, null, '0');
INSERT INTO `role_resource` VALUES ('1217', null, '130', '10', '1', '-1', '2017-12-11 18:59:06', null, null, '0');
INSERT INTO `role_resource` VALUES ('1218', null, '117', '10', '1', '-1', '2017-12-11 18:59:06', null, null, '0');
INSERT INTO `role_resource` VALUES ('1219', null, '21', '10', '1', '-1', '2017-12-11 18:59:06', null, null, '0');
INSERT INTO `role_resource` VALUES ('1220', null, '8', '10', '1', '-1', '2017-12-11 18:59:06', null, null, '0');
INSERT INTO `role_resource` VALUES ('1221', null, '9', '10', '1', '-1', '2017-12-11 18:59:06', null, null, '0');
INSERT INTO `role_resource` VALUES ('1222', null, '13', '10', '1', '-1', '2017-12-11 18:59:06', null, null, '0');
INSERT INTO `role_resource` VALUES ('1229', null, '110', '10', '1', '-1', '2017-12-11 20:30:41', null, null, '0');
INSERT INTO `role_resource` VALUES ('1230', null, '111', '10', '1', '-1', '2017-12-11 20:30:41', null, null, '0');
INSERT INTO `role_resource` VALUES ('1231', null, '119', '10', '1', '-1', '2017-12-11 20:30:41', null, null, '0');
INSERT INTO `role_resource` VALUES ('1232', null, '120', '10', '1', '-1', '2017-12-11 20:30:41', null, null, '0');
INSERT INTO `role_resource` VALUES ('1233', null, '121', '10', '1', '-1', '2017-12-11 20:30:41', null, null, '0');
INSERT INTO `role_resource` VALUES ('1234', null, '112', '10', '1', '-1', '2017-12-11 20:30:41', null, null, '0');
INSERT INTO `role_resource` VALUES ('1235', null, '122', '10', '1', '-1', '2017-12-11 20:30:41', null, null, '0');
INSERT INTO `role_resource` VALUES ('1236', null, '115', '10', '1', '-1', '2017-12-11 20:30:41', null, null, '0');
INSERT INTO `role_resource` VALUES ('1237', null, '128', '10', '1', '-1', '2017-12-11 20:30:41', null, null, '0');
INSERT INTO `role_resource` VALUES ('1238', null, '113', '10', '1', '-1', '2017-12-11 20:30:41', null, null, '0');
INSERT INTO `role_resource` VALUES ('1239', null, '129', '10', '1', '-1', '2017-12-11 20:30:41', null, null, '0');
INSERT INTO `role_resource` VALUES ('1240', null, '114', '10', '1', '-1', '2017-12-11 20:30:41', null, null, '0');
INSERT INTO `role_resource` VALUES ('1241', null, '130', '10', '1', '-1', '2017-12-11 20:30:41', null, null, '0');
INSERT INTO `role_resource` VALUES ('1242', null, '117', '10', '1', '-1', '2017-12-11 20:30:41', null, null, '0');
INSERT INTO `role_resource` VALUES ('1243', null, '21', '10', '1', '-1', '2017-12-11 20:30:41', null, null, '0');
INSERT INTO `role_resource` VALUES ('1244', null, '8', '10', '1', '-1', '2017-12-11 20:30:41', null, null, '0');
INSERT INTO `role_resource` VALUES ('1245', null, '9', '10', '1', '-1', '2017-12-11 20:30:41', null, null, '0');
INSERT INTO `role_resource` VALUES ('1246', null, '13', '10', '1', '-1', '2017-12-11 20:30:41', null, null, '0');
INSERT INTO `role_resource` VALUES ('1253', null, '110', '10', '1', '-1', '2017-12-12 00:38:51', null, null, '0');
INSERT INTO `role_resource` VALUES ('1254', null, '111', '10', '1', '-1', '2017-12-12 00:38:51', null, null, '0');
INSERT INTO `role_resource` VALUES ('1255', null, '119', '10', '1', '-1', '2017-12-12 00:38:51', null, null, '0');
INSERT INTO `role_resource` VALUES ('1256', null, '120', '10', '1', '-1', '2017-12-12 00:38:51', null, null, '0');
INSERT INTO `role_resource` VALUES ('1257', null, '121', '10', '1', '-1', '2017-12-12 00:38:51', null, null, '0');
INSERT INTO `role_resource` VALUES ('1258', null, '112', '10', '1', '-1', '2017-12-12 00:38:51', null, null, '0');
INSERT INTO `role_resource` VALUES ('1259', null, '122', '10', '1', '-1', '2017-12-12 00:38:51', null, null, '0');
INSERT INTO `role_resource` VALUES ('1260', null, '115', '10', '1', '-1', '2017-12-12 00:38:51', null, null, '0');
INSERT INTO `role_resource` VALUES ('1261', null, '128', '10', '1', '-1', '2017-12-12 00:38:51', null, null, '0');
INSERT INTO `role_resource` VALUES ('1262', null, '113', '10', '1', '-1', '2017-12-12 00:38:51', null, null, '0');
INSERT INTO `role_resource` VALUES ('1263', null, '129', '10', '1', '-1', '2017-12-12 00:38:51', null, null, '0');
INSERT INTO `role_resource` VALUES ('1264', null, '114', '10', '1', '-1', '2017-12-12 00:38:51', null, null, '0');
INSERT INTO `role_resource` VALUES ('1265', null, '130', '10', '1', '-1', '2017-12-12 00:38:51', null, null, '0');
INSERT INTO `role_resource` VALUES ('1266', null, '117', '10', '1', '-1', '2017-12-12 00:38:51', null, null, '0');
INSERT INTO `role_resource` VALUES ('1267', null, '21', '10', '1', '-1', '2017-12-12 00:38:51', null, null, '0');
INSERT INTO `role_resource` VALUES ('1268', null, '8', '10', '1', '-1', '2017-12-12 00:38:51', null, null, '0');
INSERT INTO `role_resource` VALUES ('1269', null, '9', '10', '1', '-1', '2017-12-12 00:38:51', null, null, '0');
INSERT INTO `role_resource` VALUES ('1270', null, '13', '10', '1', '-1', '2017-12-12 00:38:51', null, null, '0');
INSERT INTO `role_resource` VALUES ('1277', null, '110', '10', '1', '-1', '2017-12-12 01:13:41', null, null, '0');
INSERT INTO `role_resource` VALUES ('1278', null, '111', '10', '1', '-1', '2017-12-12 01:13:41', null, null, '0');
INSERT INTO `role_resource` VALUES ('1279', null, '119', '10', '1', '-1', '2017-12-12 01:13:41', null, null, '0');
INSERT INTO `role_resource` VALUES ('1280', null, '120', '10', '1', '-1', '2017-12-12 01:13:41', null, null, '0');
INSERT INTO `role_resource` VALUES ('1281', null, '121', '10', '1', '-1', '2017-12-12 01:13:41', null, null, '0');
INSERT INTO `role_resource` VALUES ('1282', null, '112', '10', '1', '-1', '2017-12-12 01:13:41', null, null, '0');
INSERT INTO `role_resource` VALUES ('1283', null, '122', '10', '1', '-1', '2017-12-12 01:13:41', null, null, '0');
INSERT INTO `role_resource` VALUES ('1284', null, '115', '10', '1', '-1', '2017-12-12 01:13:41', null, null, '0');
INSERT INTO `role_resource` VALUES ('1285', null, '128', '10', '1', '-1', '2017-12-12 01:13:41', null, null, '0');
INSERT INTO `role_resource` VALUES ('1286', null, '113', '10', '1', '-1', '2017-12-12 01:13:41', null, null, '0');
INSERT INTO `role_resource` VALUES ('1287', null, '129', '10', '1', '-1', '2017-12-12 01:13:41', null, null, '0');
INSERT INTO `role_resource` VALUES ('1288', null, '114', '10', '1', '-1', '2017-12-12 01:13:41', null, null, '0');
INSERT INTO `role_resource` VALUES ('1289', null, '130', '10', '1', '-1', '2017-12-12 01:13:41', null, null, '0');
INSERT INTO `role_resource` VALUES ('1290', null, '117', '10', '1', '-1', '2017-12-12 01:13:41', null, null, '0');
INSERT INTO `role_resource` VALUES ('1291', null, '21', '10', '1', '-1', '2017-12-12 01:13:41', null, null, '0');
INSERT INTO `role_resource` VALUES ('1292', null, '8', '10', '1', '-1', '2017-12-12 01:13:41', null, null, '0');
INSERT INTO `role_resource` VALUES ('1293', null, '9', '10', '1', '-1', '2017-12-12 01:13:41', null, null, '0');
INSERT INTO `role_resource` VALUES ('1294', null, '13', '10', '1', '-1', '2017-12-12 01:13:41', null, null, '0');
INSERT INTO `role_resource` VALUES ('1295', null, '123', '1', '1', '-1', '2017-12-12 01:13:41', null, null, '0');
INSERT INTO `role_resource` VALUES ('1296', null, '124', '1', '1', '-1', '2017-12-12 01:13:41', null, null, '0');
INSERT INTO `role_resource` VALUES ('1297', null, '125', '1', '1', '-1', '2017-12-12 01:13:41', null, null, '0');
INSERT INTO `role_resource` VALUES ('1298', null, '126', '1', '1', '-1', '2017-12-12 01:13:41', null, null, '0');
INSERT INTO `role_resource` VALUES ('1299', null, '127', '1', '1', '-1', '2017-12-12 01:13:41', null, null, '0');
INSERT INTO `role_resource` VALUES ('1300', null, '118', '12', '1', null, '2017-12-15 09:57:16', null, null, '0');
INSERT INTO `role_resource` VALUES ('1301', null, '1', '12', '1', null, '2017-12-15 09:57:16', null, null, '0');
INSERT INTO `role_resource` VALUES ('1302', null, '2', '12', '1', null, '2017-12-15 09:57:16', null, null, '0');
INSERT INTO `role_resource` VALUES ('1303', null, '6', '12', '1', null, '2017-12-15 09:57:16', null, null, '0');
INSERT INTO `role_resource` VALUES ('1304', null, '106', '12', '1', null, '2017-12-15 09:57:16', null, null, '0');

-- ----------------------------
-- Table structure for role_system
-- ----------------------------
DROP TABLE IF EXISTS `role_system`;
CREATE TABLE `role_system` (
  `id` bigint(20) NOT NULL COMMENT '主键',
  `tenant_id` bigint(20) DEFAULT NULL COMMENT '租户id',
  `role_id` bigint(20) DEFAULT NULL COMMENT '角色id',
  `system_code` varchar(32) DEFAULT NULL COMMENT '系统编码',
  `is_enabled` tinyint(2) DEFAULT '1' COMMENT '是否启用，0：否，1：是',
  `create_user_id` bigint(20) DEFAULT NULL COMMENT '创建者id',
  `create_date` datetime DEFAULT NULL COMMENT '创建日期',
  `update_user_id` bigint(20) DEFAULT NULL COMMENT '更新者id',
  `update_date` datetime DEFAULT NULL COMMENT '更新日期',
  `is_delete` tinyint(2) DEFAULT '0' COMMENT '是否删除，0：否，1：是',
  PRIMARY KEY (`id`),
  KEY `i_tenant_id` (`tenant_id`),
  KEY `i_role_id` (`role_id`),
  KEY `i_create_user_id` (`create_user_id`),
  KEY `i_update_user_id` (`update_user_id`)
) ENGINE=InnoDB DEFAULT CHARSET=utf8 COMMENT='角色系统表';

-- ----------------------------
-- Records of role_system
-- ----------------------------
INSERT INTO `role_system` VALUES ('1', null, '1', 'WM', '1', null, null, null, null, '0');
INSERT INTO `role_system` VALUES ('2', null, '2', 'WM', '1', null, null, null, null, '0');
INSERT INTO `role_system` VALUES ('3', null, '3', 'WM', '1', null, null, null, null, '0');
INSERT INTO `role_system` VALUES ('4', null, '4', 'WM', '1', null, null, null, null, '0');
INSERT INTO `role_system` VALUES ('5', null, '5', 'WM', '1', null, null, null, null, '0');
INSERT INTO `role_system` VALUES ('6', null, '6', 'WM', '1', null, null, null, null, '0');
INSERT INTO `role_system` VALUES ('7', null, '7', 'WM', '1', null, null, null, null, '0');
INSERT INTO `role_system` VALUES ('8', null, '8', 'WM', '1', null, null, null, null, '0');
INSERT INTO `role_system` VALUES ('9', null, '9', 'WM', '1', null, null, null, null, '0');

-- ----------------------------
-- Table structure for sms_captcha
-- ----------------------------
DROP TABLE IF EXISTS `sms_captcha`;
CREATE TABLE `sms_captcha` (
  `id` bigint(20) NOT NULL AUTO_INCREMENT COMMENT '主键',
  `tenant_id` bigint(20) DEFAULT NULL COMMENT '租户id',
  `template_code` varchar(32) DEFAULT '0' COMMENT '模版CODE',
  `code` varchar(16) DEFAULT NULL COMMENT '验证码',
  `expire_time` datetime DEFAULT NULL COMMENT '过期时间',
  `is_valid` tinyint(2) DEFAULT '1' COMMENT '是否有效',
  `mobile` varchar(20) DEFAULT NULL COMMENT '手机号码',
  `create_date` datetime DEFAULT NULL COMMENT '创建日期',
  `create_user_id` bigint(20) DEFAULT NULL COMMENT '创建者id',
  `update_user_id` bigint(20) DEFAULT NULL COMMENT '更新者id',
  `update_date` datetime DEFAULT NULL COMMENT '更新日期',
  `is_delete` tinyint(2) DEFAULT '0' COMMENT '是否删除，0：否，1：是',
  PRIMARY KEY (`id`)
) ENGINE=InnoDB AUTO_INCREMENT=160 DEFAULT CHARSET=utf8 COMMENT='短信验证码';

-- ----------------------------
-- Records of sms_captcha
-- ----------------------------
INSERT INTO `sms_captcha` VALUES ('61', null, 'SMS_85930037', '122986', '2017-09-16 15:07:28', '1', '15013556007', '2017-09-16 14:52:28', null, null, null, '0');
INSERT INTO `sms_captcha` VALUES ('62', null, 'SMS_85930037', '589997', '2017-09-16 17:40:54', '0', '13751113926', '2017-09-16 17:25:54', null, null, null, '0');
INSERT INTO `sms_captcha` VALUES ('63', null, 'SMS_85930037', '321812', '2017-09-16 17:54:29', '0', '13751113926', '2017-09-16 17:39:29', null, null, null, '0');
INSERT INTO `sms_captcha` VALUES ('64', null, 'SMS_85930037', '699479', '2017-09-16 18:36:12', '0', '13751113926', '2017-09-16 18:21:12', null, null, null, '0');
INSERT INTO `sms_captcha` VALUES ('65', null, 'SMS_85930037', '383079', '2017-09-18 20:44:57', '0', '18566666666', '2017-09-18 20:29:57', null, null, null, '0');
INSERT INTO `sms_captcha` VALUES ('66', null, 'SMS_85930037', '425340', '2017-09-19 14:24:09', '0', '13751113926', '2017-09-19 14:09:09', null, null, null, '0');
INSERT INTO `sms_captcha` VALUES ('67', null, 'SMS_85930037', '953312', '2017-09-20 16:40:27', '0', '15920066752', '2017-09-20 16:25:27', null, null, null, '0');
INSERT INTO `sms_captcha` VALUES ('68', null, 'SMS_85930037', '123929', '2017-09-20 16:42:55', '0', '15920066752', '2017-09-20 16:27:55', null, null, null, '0');
INSERT INTO `sms_captcha` VALUES ('69', null, 'SMS_85930037', '725176', '2017-09-20 16:54:56', '0', '15920066752', '2017-09-20 16:39:56', null, null, null, '0');
INSERT INTO `sms_captcha` VALUES ('70', null, 'SMS_85930037', '991418', '2017-09-20 16:57:41', '0', '15920066752', '2017-09-20 16:42:41', null, null, null, '0');
INSERT INTO `sms_captcha` VALUES ('71', null, 'SMS_85930037', '448826', '2017-09-20 17:14:01', '0', '13910733521', '2017-09-20 16:59:01', null, null, null, '0');
INSERT INTO `sms_captcha` VALUES ('72', null, 'SMS_85930037', '451417', '2017-09-20 17:14:15', '0', '15920066752', '2017-09-20 16:59:15', null, null, null, '0');
INSERT INTO `sms_captcha` VALUES ('82', null, 'SMS_85930037', '711392', '2017-09-20 17:58:39', '0', '15920066752', '2017-09-20 17:43:39', null, null, null, '0');
INSERT INTO `sms_captcha` VALUES ('83', null, 'SMS_85930037', '838528', '2017-09-20 18:00:49', '0', '15920066752', '2017-09-20 17:45:49', null, null, null, '0');
INSERT INTO `sms_captcha` VALUES ('84', null, 'SMS_85930037', '527564', '2017-09-20 18:16:42', '0', '15920066752', '2017-09-20 18:01:42', null, null, null, '0');
INSERT INTO `sms_captcha` VALUES ('85', null, 'SMS_85930037', '390000', '2017-09-20 18:17:56', '0', '15920066752', '2017-09-20 18:02:56', null, null, null, '0');
INSERT INTO `sms_captcha` VALUES ('86', null, 'SMS_85930037', '483843', '2017-09-20 18:25:09', '0', '15920066752', '2017-09-20 18:10:09', null, null, null, '0');
INSERT INTO `sms_captcha` VALUES ('90', null, 'SMS_85930037', '580694', '2017-09-20 20:13:43', '0', '15959576676', '2017-09-20 19:58:43', null, null, null, '0');
INSERT INTO `sms_captcha` VALUES ('91', null, 'SMS_85930037', '450661', '2017-09-21 09:30:33', '0', '18617034693', '2017-09-21 09:15:33', null, null, null, '0');
INSERT INTO `sms_captcha` VALUES ('95', null, 'SMS_85930037', '481456', '2017-09-21 10:53:30', '0', '13751113926', '2017-09-21 10:38:30', null, null, null, '0');
INSERT INTO `sms_captcha` VALUES ('96', null, 'SMS_85930037', '550878', '2017-09-21 10:56:04', '0', '13751113926', '2017-09-21 10:41:04', null, null, null, '0');
INSERT INTO `sms_captcha` VALUES ('97', null, 'SMS_85930037', '728235', '2017-09-21 10:56:44', '0', '13510616590', '2017-09-21 10:41:44', null, null, null, '0');
INSERT INTO `sms_captcha` VALUES ('98', null, 'SMS_85930037', '468100', '2017-09-21 10:57:17', '0', '13751113926', '2017-09-21 10:42:17', null, null, null, '0');
INSERT INTO `sms_captcha` VALUES ('99', null, 'SMS_85930037', '319539', '2017-09-21 11:07:01', '0', '18617034693', '2017-09-21 10:52:01', null, null, null, '0');
INSERT INTO `sms_captcha` VALUES ('101', null, 'SMS_85930037', '129162', '2017-09-21 11:12:37', '1', '13813813138', '2017-09-21 10:57:37', null, null, null, '0');
INSERT INTO `sms_captcha` VALUES ('102', null, 'SMS_85930037', '389557', '2017-09-21 11:17:42', '0', '13613613136', '2017-09-21 11:02:42', null, null, null, '0');
INSERT INTO `sms_captcha` VALUES ('105', null, 'SMS_85930037', '848286', '2017-09-21 11:21:10', '0', '13613613136', '2017-09-21 11:06:10', null, null, null, '0');
INSERT INTO `sms_captcha` VALUES ('106', null, 'SMS_85930037', '301323', '2017-09-21 11:44:18', '0', '13751113926', '2017-09-21 11:29:18', null, null, null, '0');
INSERT INTO `sms_captcha` VALUES ('107', null, 'SMS_85930037', '783973', '2017-09-21 14:56:29', '0', '13510810201', '2017-09-21 14:41:29', null, null, null, '0');
INSERT INTO `sms_captcha` VALUES ('108', null, 'SMS_85930037', '932158', '2017-09-21 14:57:37', '0', '13510810201', '2017-09-21 14:42:37', null, null, null, '0');
INSERT INTO `sms_captcha` VALUES ('109', null, 'SMS_85930037', '929600', '2017-09-21 15:00:45', '0', '13510810201', '2017-09-21 14:45:45', null, null, null, '0');
INSERT INTO `sms_captcha` VALUES ('110', null, 'SMS_85930037', '230470', '2017-09-21 21:56:14', '0', '13751113926', '2017-09-21 21:41:14', null, null, null, '0');
INSERT INTO `sms_captcha` VALUES ('111', null, 'SMS_85930037', '334990', '2017-09-21 21:57:21', '0', '15800001111', '2017-09-21 21:42:21', null, null, null, '0');
INSERT INTO `sms_captcha` VALUES ('112', null, 'SMS_85930037', '155633', '2017-09-22 11:38:52', '0', '13751113926', '2017-09-22 11:23:52', null, null, null, '0');
INSERT INTO `sms_captcha` VALUES ('113', null, 'SMS_85930037', '260641', '2017-09-22 20:38:32', '0', '13751113926', '2017-09-22 20:23:32', null, null, null, '0');
INSERT INTO `sms_captcha` VALUES ('114', null, 'SMS_85930037', '981331', '2017-09-25 10:50:13', '0', '13510616590', '2017-09-25 10:35:13', null, null, null, '0');
INSERT INTO `sms_captcha` VALUES ('115', null, 'SMS_85930037', '779590', '2017-09-25 11:05:19', '0', '13751113980', '2017-09-25 10:50:19', null, null, null, '0');
INSERT INTO `sms_captcha` VALUES ('116', null, 'SMS_85930037', '501959', '2017-09-25 11:31:34', '0', '15920066752', '2017-09-25 11:16:34', null, null, null, '0');
INSERT INTO `sms_captcha` VALUES ('117', null, 'SMS_85930037', '493303', '2017-09-25 11:53:55', '0', '13613613136', '2017-09-25 11:38:55', null, null, null, '0');
INSERT INTO `sms_captcha` VALUES ('118', null, 'SMS_85930037', '763839', '2017-09-25 16:01:07', '0', '18696147672', '2017-09-25 15:46:07', null, null, null, '0');
INSERT INTO `sms_captcha` VALUES ('119', null, 'SMS_85930037', '578876', '2017-09-25 16:25:27', '0', '13713713137', '2017-09-25 16:10:27', null, null, null, '0');
INSERT INTO `sms_captcha` VALUES ('120', null, 'SMS_85930037', '494312', '2017-09-25 16:26:33', '0', '13713713137', '2017-09-25 16:11:33', null, null, null, '0');
INSERT INTO `sms_captcha` VALUES ('121', null, 'SMS_85930037', '371660', '2017-09-25 16:29:04', '1', '13713713137', '2017-09-25 16:14:04', null, null, null, '0');
INSERT INTO `sms_captcha` VALUES ('122', null, 'SMS_85930037', '293089', '2017-09-25 16:32:37', '0', '18503079313', '2017-09-25 16:17:37', null, null, null, '0');
INSERT INTO `sms_captcha` VALUES ('123', null, 'SMS_85930037', '832895', '2017-09-25 16:34:08', '0', '18503079313', '2017-09-25 16:19:08', null, null, null, '0');
INSERT INTO `sms_captcha` VALUES ('124', null, 'SMS_85930037', '350120', '2017-09-25 16:36:00', '0', '18503079313', '2017-09-25 16:21:00', null, null, null, '0');
INSERT INTO `sms_captcha` VALUES ('125', null, 'SMS_85930037', '677277', '2017-09-25 20:12:11', '0', '18566666666', '2017-09-25 19:57:11', null, null, null, '0');
INSERT INTO `sms_captcha` VALUES ('126', null, 'SMS_85930037', '805975', '2017-09-26 11:21:09', '0', '18566666666', '2017-09-26 11:06:09', null, null, null, '0');
INSERT INTO `sms_captcha` VALUES ('127', null, 'SMS_85930037', '193002', '2017-09-26 14:40:55', '0', '13631596609', '2017-09-26 14:25:55', null, null, null, '0');
INSERT INTO `sms_captcha` VALUES ('128', null, 'SMS_85930037', '855562', '2017-09-27 18:06:08', '0', '18566666666', '2017-09-27 17:51:08', null, null, null, '0');
INSERT INTO `sms_captcha` VALUES ('129', null, 'SMS_85930037', '666081', '2017-09-27 20:46:53', '0', '18503079313', '2017-09-27 20:31:53', null, null, null, '0');
INSERT INTO `sms_captcha` VALUES ('130', null, 'SMS_85930037', '365587', '2017-09-28 19:47:50', '0', '15920066752', '2017-09-28 19:32:50', null, null, null, '0');
INSERT INTO `sms_captcha` VALUES ('131', null, 'SMS_85930037', '570732', '2017-09-28 19:50:04', '0', '15920066752', '2017-09-28 19:35:04', null, null, null, '0');
INSERT INTO `sms_captcha` VALUES ('132', null, 'SMS_85930037', '550342', '2017-09-28 21:27:14', '1', '13590340548', '2017-09-28 21:12:14', null, null, null, '0');
INSERT INTO `sms_captcha` VALUES ('133', null, 'SMS_85930037', '282095', '2017-10-10 14:55:27', '0', '18566666666', '2017-10-10 14:40:27', null, null, null, '0');
INSERT INTO `sms_captcha` VALUES ('134', null, 'SMS_85930037', '455254', '2017-10-11 08:12:41', '0', '15920066752', '2017-10-11 07:57:41', null, null, null, '0');
INSERT INTO `sms_captcha` VALUES ('135', null, 'SMS_85930037', '630824', '2017-10-11 09:23:34', '0', '15920066752', '2017-10-11 09:08:34', null, null, null, '0');
INSERT INTO `sms_captcha` VALUES ('136', null, 'SMS_85930037', '496163', '2017-10-11 09:29:11', '0', '13510810201', '2017-10-11 09:14:11', null, null, null, '0');
INSERT INTO `sms_captcha` VALUES ('137', null, 'SMS_85930037', '217554', '2017-10-12 11:10:29', '0', '15920066752', '2017-10-12 10:55:29', null, null, null, '0');
INSERT INTO `sms_captcha` VALUES ('138', null, 'SMS_85930037', '297915', '2017-10-13 09:54:55', '0', '13910733521', '2017-10-13 09:39:55', null, null, null, '0');
INSERT INTO `sms_captcha` VALUES ('139', null, 'SMS_85930037', '404127', '2017-10-20 18:03:40', '0', '13910733521', '2017-10-20 17:48:40', null, null, null, '0');
INSERT INTO `sms_captcha` VALUES ('140', null, 'SMS_85930037', '291990', '2017-10-24 14:48:38', '0', '13510810201', '2017-10-24 14:33:38', null, null, null, '0');
INSERT INTO `sms_captcha` VALUES ('141', null, 'SMS_85930037', '401894', '2017-10-24 14:50:17', '0', '13682481979', '2017-10-24 14:35:17', null, null, null, '0');
INSERT INTO `sms_captcha` VALUES ('142', null, 'SMS_85930037', '795361', '2017-10-25 20:43:27', '0', '15959576676', '2017-10-25 20:28:27', null, null, null, '0');
INSERT INTO `sms_captcha` VALUES ('143', null, 'SMS_85930037', '851856', '2017-10-25 21:13:57', '0', '15959576676', '2017-10-25 20:58:57', null, null, null, '0');
INSERT INTO `sms_captcha` VALUES ('144', null, 'SMS_85930037', '704342', '2017-10-26 10:38:18', '0', '13751113926', '2017-10-26 10:23:18', null, null, null, '0');
INSERT INTO `sms_captcha` VALUES ('145', null, 'SMS_85930037', '785241', '2017-10-30 10:38:18', '0', '13510616590', '2017-10-30 10:23:18', null, null, null, '0');
INSERT INTO `sms_captcha` VALUES ('146', null, 'SMS_85930037', '243372', '2017-10-30 14:54:53', '0', '15989316921', '2017-10-30 14:39:53', null, null, null, '0');
INSERT INTO `sms_captcha` VALUES ('147', null, 'SMS_85930037', '965197', '2017-11-17 16:01:46', '0', '18566666666', '2017-11-17 15:46:46', null, null, null, '0');
INSERT INTO `sms_captcha` VALUES ('148', null, 'SMS_85930037', '607111', '2017-11-17 17:25:31', '0', '18617034693', '2017-11-17 17:10:31', null, null, null, '0');
INSERT INTO `sms_captcha` VALUES ('149', null, 'SMS_85930037', '840081', '2017-11-17 20:18:03', '1', '13682481979', '2017-11-17 20:03:03', null, null, null, '0');
INSERT INTO `sms_captcha` VALUES ('150', null, 'SMS_85930037', '133317', '2017-11-18 10:18:30', '0', '18566666666', '2017-11-18 10:03:30', null, null, null, '0');
INSERT INTO `sms_captcha` VALUES ('151', null, 'SMS_85930037', '177642', '2017-11-27 09:58:06', '0', '18617034693', '2017-11-27 09:43:06', null, null, null, '0');
INSERT INTO `sms_captcha` VALUES ('152', null, 'SMS_85930037', '731883', '2017-12-12 16:45:33', '0', '13510810201', '2017-12-12 16:30:33', null, null, null, '0');
INSERT INTO `sms_captcha` VALUES ('153', null, 'SMS_85930037', '476745', '2017-12-12 16:46:33', '0', '13510810201', '2017-12-12 16:31:33', null, null, null, '0');
INSERT INTO `sms_captcha` VALUES ('154', null, 'SMS_85930037', '154036', '2017-12-13 19:19:30', '0', '13751113926', '2017-12-13 19:04:30', null, null, null, '0');
INSERT INTO `sms_captcha` VALUES ('155', null, 'SMS_85930037', '591747', '2017-12-15 15:04:16', '0', '13751113926', '2017-12-15 14:49:16', null, null, null, '0');
INSERT INTO `sms_captcha` VALUES ('156', null, 'SMS_85930037', '724154', '2017-12-15 15:07:08', '0', '18503079313', '2017-12-15 14:52:08', null, null, null, '0');
INSERT INTO `sms_captcha` VALUES ('157', null, 'SMS_85930037', '617219', '2017-12-15 16:04:34', '0', '13910733521', '2017-12-15 15:49:34', null, null, null, '0');
INSERT INTO `sms_captcha` VALUES ('158', null, 'SMS_85930037', '623349', '2017-12-15 16:13:36', '0', '13910733521', '2017-12-15 15:58:36', null, null, null, '0');
INSERT INTO `sms_captcha` VALUES ('159', null, 'SMS_85930037', '166881', '2017-12-15 21:32:56', '0', '15920066753', '2017-12-15 21:17:56', null, null, null, '0');

-- ----------------------------
-- Table structure for system
-- ----------------------------
DROP TABLE IF EXISTS `system`;
CREATE TABLE `system` (
  `id` bigint(20) NOT NULL AUTO_INCREMENT COMMENT '主键',
  `tenant_id` bigint(20) DEFAULT NULL COMMENT '租户id',
  `name` varchar(32) DEFAULT NULL COMMENT '名字',
  `code` varchar(32) DEFAULT NULL COMMENT '编码',
  `description` varchar(512) DEFAULT NULL COMMENT '描述',
  `sequence` int(11) DEFAULT '1' COMMENT '排序，越小越靠前',
  `is_enabled` tinyint(2) DEFAULT '1' COMMENT '是否启用，0：否，1：是',
  `create_date` datetime DEFAULT NULL COMMENT '创建日期',
  `create_user_id` bigint(20) DEFAULT NULL COMMENT '创建者id',
  `update_user_id` bigint(20) DEFAULT NULL COMMENT '更新者id',
  `update_date` datetime DEFAULT NULL COMMENT '更新日期',
  `is_delete` tinyint(2) DEFAULT '0' COMMENT '是否删除，0：否，1：是',
  PRIMARY KEY (`id`),
  KEY `i_tenant_id` (`tenant_id`),
  KEY `i_name` (`name`),
  KEY `i_create_user_id` (`create_user_id`),
  KEY `i_update_user_id` (`update_user_id`)
) ENGINE=InnoDB AUTO_INCREMENT=2 DEFAULT CHARSET=utf8 COMMENT='系统表';

-- ----------------------------
-- Records of system
-- ----------------------------
INSERT INTO `system` VALUES ('1', '1', '财富管理系统', 'WM', '财富管理系统', '1', '1', null, null, null, null, '0');

-- ----------------------------
-- Table structure for tenant
-- ----------------------------
DROP TABLE IF EXISTS `tenant`;
CREATE TABLE `tenant` (
  `id` bigint(20) NOT NULL AUTO_INCREMENT COMMENT '主键',
  `tenant_id` bigint(20) DEFAULT NULL COMMENT '租户id',
  `name` varchar(64) DEFAULT NULL COMMENT '名字',
  `code` varchar(32) DEFAULT NULL COMMENT '编码',
  `type` tinyint(2) DEFAULT NULL COMMENT '类型',
  `address` varchar(512) DEFAULT NULL COMMENT '地址',
  `is_enabled` tinyint(2) DEFAULT '1' COMMENT '是否启用，0：否，1：是',
  `sequence` int(11) DEFAULT '1' COMMENT '排序，越小越靠前',
  `limit_employee_count` int(11) DEFAULT NULL COMMENT '限制员工数',
  `create_date` datetime DEFAULT NULL COMMENT '创建日期',
  `create_user_id` bigint(20) DEFAULT NULL COMMENT '创建者id',
  `update_user_id` bigint(20) DEFAULT NULL COMMENT '更新者id',
  `update_date` datetime DEFAULT NULL COMMENT '更新日期',
  `is_delete` tinyint(2) DEFAULT '0' COMMENT '是否删除，0：否，1：是',
  PRIMARY KEY (`id`),
  KEY `i_tenant_id` (`tenant_id`),
  KEY `i_name` (`name`),
  KEY `i_create_user_id` (`create_user_id`),
  KEY `i_update_user_id` (`update_user_id`)
) ENGINE=InnoDB AUTO_INCREMENT=4 DEFAULT CHARSET=utf8 COMMENT='租户表';

-- ----------------------------
-- Records of tenant
-- ----------------------------
INSERT INTO `tenant` VALUES ('1', '1', '测试公司', 'zcmall', null, '深圳', '1', null, '200', null, null, null, null, '0');
INSERT INTO `tenant` VALUES ('2', '2', '知人网络', 'zhiren', null, '深圳', '1', null, '20', '2017-09-21 20:35:20', null, null, null, '0');
INSERT INTO `tenant` VALUES ('3', '3', '测试租户', 'testzhu', null, '测试租户地址', '1', '1', '20', '2017-11-02 14:55:37', '1', null, null, '0');

-- ----------------------------
-- Table structure for tenant_init_department
-- ----------------------------
DROP TABLE IF EXISTS `tenant_init_department`;
CREATE TABLE `tenant_init_department` (
  `id` bigint(20) NOT NULL AUTO_INCREMENT COMMENT '主键',
  `tenant_id` bigint(20) DEFAULT NULL COMMENT '租户id',
  `system_code` varchar(32) DEFAULT NULL COMMENT '系统编码',
  `tenant_type` tinyint(2) DEFAULT NULL COMMENT '租户类型',
  `department_id` bigint(20) DEFAULT NULL COMMENT '部门id',
  `description` varchar(512) DEFAULT NULL COMMENT '描述',
  `is_delete` tinyint(2) DEFAULT '0' COMMENT '是否可删除，0：否，1：是',
  `is_enabled` tinyint(2) DEFAULT '1' COMMENT '是否启用，0：否，1：是',
  `sequence` int(11) DEFAULT '1' COMMENT '排序，越小越靠前',
  `create_date` datetime DEFAULT NULL COMMENT '创建日期',
  `create_user_id` bigint(20) DEFAULT NULL COMMENT '创建者id',
  `update_user_id` bigint(20) DEFAULT NULL COMMENT '更新者id',
  `update_date` datetime DEFAULT NULL COMMENT '更新日期',
  PRIMARY KEY (`id`),
  KEY `i_tenant_id` (`tenant_id`),
  KEY `i_tenant_type` (`tenant_type`),
  KEY `i_create_user_id` (`create_user_id`),
  KEY `i_update_user_id` (`update_user_id`)
) ENGINE=InnoDB DEFAULT CHARSET=utf8 COMMENT='租户初始化部门表';

-- ----------------------------
-- Records of tenant_init_department
-- ----------------------------

-- ----------------------------
-- Table structure for tenant_init_role
-- ----------------------------
DROP TABLE IF EXISTS `tenant_init_role`;
CREATE TABLE `tenant_init_role` (
  `id` bigint(20) NOT NULL AUTO_INCREMENT COMMENT '主键',
  `tenant_id` bigint(20) DEFAULT NULL COMMENT '租户id',
  `system_code` varchar(32) DEFAULT NULL COMMENT '系统编码',
  `tenant_type` tinyint(2) DEFAULT NULL COMMENT '租户类型',
  `role_id` bigint(20) DEFAULT NULL COMMENT '角色id',
  `description` varchar(512) DEFAULT NULL COMMENT '描述',
  `is_delete` tinyint(2) DEFAULT '0' COMMENT '是否可删除，0：否，1：是',
  `is_enabled` tinyint(2) DEFAULT '1' COMMENT '是否启用，0：否，1：是',
  `sequence` int(11) DEFAULT '1' COMMENT '排序，越小越靠前',
  `create_date` datetime DEFAULT NULL COMMENT '创建日期',
  `create_user_id` bigint(20) DEFAULT NULL COMMENT '创建者id',
  `update_user_id` bigint(20) DEFAULT NULL COMMENT '更新者id',
  `update_date` datetime DEFAULT NULL COMMENT '更新日期',
  PRIMARY KEY (`id`),
  KEY `i_tenant_id` (`tenant_id`),
  KEY `i_tenant_type` (`tenant_type`),
  KEY `i_create_user_id` (`create_user_id`),
  KEY `i_update_user_id` (`update_user_id`)
) ENGINE=InnoDB AUTO_INCREMENT=52 DEFAULT CHARSET=utf8 COMMENT='租户初始化角色表';

-- ----------------------------
-- Records of tenant_init_role
-- ----------------------------
INSERT INTO `tenant_init_role` VALUES ('1', '1', 'WM', null, '1', null, '0', '1', '1', null, null, null, null);
INSERT INTO `tenant_init_role` VALUES ('2', '1', 'WM', null, '2', null, '0', '1', '2', null, null, null, null);
INSERT INTO `tenant_init_role` VALUES ('3', '1', 'WM', null, '3', null, '0', '1', '3', null, null, null, null);
INSERT INTO `tenant_init_role` VALUES ('4', '1', 'WM', null, '4', null, '0', '1', '4', null, null, null, null);
INSERT INTO `tenant_init_role` VALUES ('5', '1', 'WM', null, '5', null, '0', '1', '5', null, null, null, null);
INSERT INTO `tenant_init_role` VALUES ('6', '1', 'WM', null, '6', null, '0', '1', '6', null, null, null, null);
INSERT INTO `tenant_init_role` VALUES ('7', '1', 'WM', null, '7', null, '0', '1', '7', null, null, null, null);
INSERT INTO `tenant_init_role` VALUES ('36', '2', 'WM', null, '1', null, '0', '1', '1', null, null, null, null);
INSERT INTO `tenant_init_role` VALUES ('37', '2', 'WM', null, '2', null, '0', '1', '2', null, null, null, null);
INSERT INTO `tenant_init_role` VALUES ('38', '2', 'WM', null, '3', null, '0', '1', '3', null, null, null, null);
INSERT INTO `tenant_init_role` VALUES ('39', '2', 'WM', null, '4', null, '0', '1', '4', null, null, null, null);
INSERT INTO `tenant_init_role` VALUES ('40', '2', 'WM', null, '5', null, '0', '1', '5', null, null, null, null);
INSERT INTO `tenant_init_role` VALUES ('41', '2', 'WM', null, '6', null, '0', '1', '6', null, null, null, null);
INSERT INTO `tenant_init_role` VALUES ('42', '2', 'WM', null, '7', null, '0', '1', '7', null, null, null, null);
INSERT INTO `tenant_init_role` VALUES ('43', '3', 'WM', null, '1', null, '0', '1', '1', null, null, null, null);
INSERT INTO `tenant_init_role` VALUES ('44', '3', 'WM', null, '2', null, '0', '1', '2', null, null, null, null);
INSERT INTO `tenant_init_role` VALUES ('45', '3', 'WM', null, '3', null, '0', '1', '3', null, null, null, null);
INSERT INTO `tenant_init_role` VALUES ('46', '3', 'WM', null, '4', null, '0', '1', '4', null, null, null, null);
INSERT INTO `tenant_init_role` VALUES ('47', '3', 'WM', null, '5', null, '0', '1', '5', null, null, null, null);
INSERT INTO `tenant_init_role` VALUES ('48', '3', 'WM', null, '6', null, '0', '1', '6', null, null, null, null);
INSERT INTO `tenant_init_role` VALUES ('49', '3', 'WM', null, '7', null, '0', '1', '7', null, null, null, null);
INSERT INTO `tenant_init_role` VALUES ('50', '3', 'WM', null, '8', null, '0', '1', '8', null, null, null, null);
INSERT INTO `tenant_init_role` VALUES ('51', '3', 'WM', null, '9', null, '0', '1', '9', null, null, null, null);

-- ----------------------------
-- Table structure for tenant_resource
-- ----------------------------
DROP TABLE IF EXISTS `tenant_resource`;
CREATE TABLE `tenant_resource` (
  `id` bigint(20) NOT NULL COMMENT '主键',
  `tenant_id` bigint(20) DEFAULT NULL COMMENT '租户id',
  `system_code` varchar(32) DEFAULT NULL COMMENT '系统编码',
  `resource_id` bigint(20) DEFAULT NULL COMMENT '资源id',
  `is_enabled` tinyint(2) DEFAULT '1' COMMENT '是否启用，0：否，1：是',
  `sequence` int(11) DEFAULT '1' COMMENT '排序，越小越靠前',
  `create_user_id` bigint(20) DEFAULT NULL COMMENT '创建者id',
  `create_date` datetime DEFAULT NULL COMMENT '创建日期',
  `update_user_id` bigint(20) DEFAULT NULL COMMENT '更新者id',
  `update_date` datetime DEFAULT NULL COMMENT '更新日期',
  `is_delete` tinyint(2) DEFAULT '0' COMMENT '是否删除，0：否，1：是',
  PRIMARY KEY (`id`),
  KEY `i_tenant_id` (`tenant_id`),
  KEY `i_resource_id` (`resource_id`),
  KEY `i_create_user_id` (`create_user_id`),
  KEY `i_update_user_id` (`update_user_id`)
) ENGINE=InnoDB DEFAULT CHARSET=utf8 COMMENT='租户资源表';

-- ----------------------------
-- Records of tenant_resource
-- ----------------------------

-- ----------------------------
-- Table structure for ticket
-- ----------------------------
DROP TABLE IF EXISTS `ticket`;
CREATE TABLE `ticket` (
  `id` bigint(20) NOT NULL AUTO_INCREMENT COMMENT '主键id',
  `account_id` bigint(20) NOT NULL COMMENT '帐号id',
  `app_type` varchar(20) DEFAULT NULL COMMENT 'pc:电脑端，app：手机端',
  `ticket` varchar(526) DEFAULT NULL COMMENT '凭证码',
  `active_time` int(11) DEFAULT NULL COMMENT '存活时间，以秒为单位,-1代表永远不过期',
  `expire_time` datetime DEFAULT NULL COMMENT '过期时间',
  `is_delete` tinyint(2) DEFAULT '0' COMMENT '是否删除，0：否，1：是',
  `create_date` datetime DEFAULT NULL COMMENT '创建日期',
  `create_user_id` int(11) DEFAULT NULL COMMENT '创建者id',
  `update_user_id` int(11) DEFAULT NULL COMMENT '更新者id',
  `update_date` datetime DEFAULT NULL COMMENT '更新日期',
  PRIMARY KEY (`id`)
) ENGINE=InnoDB AUTO_INCREMENT=2808 DEFAULT CHARSET=utf8 COMMENT='登录凭证表';

-- ----------------------------
-- Records of ticket
-- ----------------------------
INSERT INTO `ticket` VALUES ('24', '13', 'pc', 'TGT-28-010594d49eb148cf8a3ef65ae157fa95-cas.yundao.com', '28800', '2017-09-13 22:13:33', '0', '2017-09-13 14:13:33', '13', null, null);
INSERT INTO `ticket` VALUES ('114', '16', 'pc', 'TGT-104-d7447ae96ce54c62a3cae6c1f8da0c2e-cas.yundao.com', '28800', '2017-09-14 22:23:55', '0', '2017-09-14 14:23:55', '16', null, null);
INSERT INTO `ticket` VALUES ('182', '16', 'app', 'TGT-21-0ad27d06e0d74664b320ab4ed88066f1-cas.yundao.com', '28800', '2017-09-15 17:30:09', '0', '2017-09-15 09:30:09', '16', null, null);
INSERT INTO `ticket` VALUES ('200', '6', 'app', 'TGT-51-f85b96db6a9d46ac910d4689a389e22f-cas.yundao.com', '28800', '2017-09-15 19:11:31', '0', '2017-09-15 11:11:30', '6', null, null);
INSERT INTO `ticket` VALUES ('471', '16', 'b_pc', 'TGT-74-e4c4472577ae4a08b5f49f97a3ad3e6b-cas.yundao.com', '28800', '2017-09-20 23:56:22', '0', '2017-09-20 15:56:22', '16', null, null);
INSERT INTO `ticket` VALUES ('638', '31', 'b_pc', 'TGT-37-0b8634716caf43ef966b2d0f6d02665d-cas.yundao.com', '28800', '2017-09-23 00:37:46', '0', '2017-09-22 16:37:46', '31', null, null);
INSERT INTO `ticket` VALUES ('982', '33', 'b_pc', 'TGT-130-343e091bdf014636a5df94157268fb0b-cas.yundao.com', '28800', '2017-09-28 23:38:49', '0', '2017-09-28 15:38:49', '33', null, null);
INSERT INTO `ticket` VALUES ('1252', '25', 'b_pc', 'TGT-87-3e90105cea3548f18d0db95446b9c6e0-cas.yundao.com', '28800', '2017-10-23 17:19:58', '0', '2017-10-23 09:19:58', '25', null, null);
INSERT INTO `ticket` VALUES ('1427', '36', 'b_pc', 'TGT-147-2ddcd28762e741a1aa31d7d1a239156d-cas.yundao.com', '28800', '2017-10-26 03:11:39', '0', '2017-10-25 19:11:39', '36', null, null);
INSERT INTO `ticket` VALUES ('1520', '12', 'b_pc', 'TGT-430-7830a6416d864ec5aa6e42713a37dc1d-cas.yundao.com', '28800', '2017-10-27 00:17:29', '0', '2017-10-26 16:17:29', '12', null, null);
INSERT INTO `ticket` VALUES ('1699', '46', 'b_pc', 'TGT-22-dc4af27d259d49ebbc62b89ada25df3f-cas.yundao.com', '28800', '2017-11-03 00:58:52', '0', '2017-11-02 16:58:52', '46', null, null);
INSERT INTO `ticket` VALUES ('1718', '42', 'b_pc', 'TGT-79-849a97e1703d409a920876ca7f0d5fe0-cas.yundao.com', '28800', '2017-11-06 19:27:35', '0', '2017-11-06 11:27:35', '42', null, null);
INSERT INTO `ticket` VALUES ('2068', '20', 'b_app', 'TGT-67-f7873600288b4d48ac6b888a6e33e5ea-cas.yundao.com', '28800', '2017-11-22 03:47:22', '0', '2017-11-21 15:08:58', '20', null, null);
INSERT INTO `ticket` VALUES ('2114', '37', 'b_app', 'TGT-127-f647efdb43be42deb0fa7c414957927a-cas.yundao.com', '28800', '2017-11-22 05:11:53', '0', '2017-11-21 19:27:40', '37', null, null);
INSERT INTO `ticket` VALUES ('2204', '26', 'b_pc', 'TGT-150-49c77422ac0142588f952ddda56bdcbc-cas.yundao.com', '28800', '2017-11-27 18:09:15', '0', '2017-11-27 10:09:15', '26', null, null);
INSERT INTO `ticket` VALUES ('2223', '18', 'b_pc', 'TGT-200-76aa37e6da534f4491aaad68a7547c15-cas.yundao.com', '28800', '2017-11-28 18:45:46', '0', '2017-11-28 10:45:46', '18', null, null);
INSERT INTO `ticket` VALUES ('2233', '20', 'b_pc', 'TGT-213-071d582f0e1346f2b731fa296e4edace-cas.yundao.com', '28800', '2017-11-28 23:40:07', '0', '2017-11-28 15:40:07', '20', null, null);
INSERT INTO `ticket` VALUES ('2242', '121', 'b_app', 'TGT-231-6ffdb26c0c4c4e259a8b6b5541be296f-cas.yundao.com', '28800', '2017-11-29 05:37:40', '0', '2017-11-28 19:24:29', '121', null, null);
INSERT INTO `ticket` VALUES ('2505', '4', 'b_pc', 'TGT-45-eea23b9357014c07a21a159b15011a7a-cas.yundao.com', '28800', '2017-12-08 05:33:25', '0', '2017-12-07 21:33:25', '4', null, null);
INSERT INTO `ticket` VALUES ('2534', '3', 'b_app', 'TGT-109-b558960600544cff904b7c1ec6d80a3c-cas.yundao.com', '28800', '2017-12-09 16:59:59', '0', '2017-12-09 08:59:59', '3', null, null);
INSERT INTO `ticket` VALUES ('2547', '124', 'b_pc', 'TGT-146-de2c85aa42c64fd9879e395d8595934c-cas.yundao.com', '28800', '2017-12-09 22:11:37', '0', '2017-12-09 14:11:37', '124', null, null);
INSERT INTO `ticket` VALUES ('2568', '17', 'b_pc', 'TGT-213-d8864d1500ed4ba48f08ce2c2c818dc6-cas.yundao.com', '28800', '2017-12-11 17:03:04', '0', '2017-12-11 09:03:04', '17', null, null);
INSERT INTO `ticket` VALUES ('2604', '8', 'b_pc', 'TGT-289-9ceac673f2694f979541f57541ec136a-cas.yundao.com', '28800', '2017-12-12 17:21:06', '0', '2017-12-12 09:21:06', '8', null, null);
INSERT INTO `ticket` VALUES ('2625', '9', 'b_pc', 'TGT-384-039c3db06d4f43c2a432b62155e4b72c-cas.yundao.com', '28800', '2017-12-13 00:57:40', '0', '2017-12-12 16:57:40', '9', null, null);
INSERT INTO `ticket` VALUES ('2670', '35', 'b_pc', 'TGT-91-21064bbd2a294b7b9ff91ec20873ef1b-cas.yundao.com', '28800', '2017-12-14 03:07:30', '0', '2017-12-13 19:07:30', '35', null, null);
INSERT INTO `ticket` VALUES ('2672', '35', 'b_app', 'TGT-158-4ae3bdf0456a4ff1858e1127397c2b8a-cas.yundao.com', '28800', '2017-12-14 04:29:56', '0', '2017-12-13 19:12:03', '35', null, null);
INSERT INTO `ticket` VALUES ('2691', '17', 'b_app', 'TGT-199-ea48b03d48994a78a01779cc4f4c69d1-cas.yundao.com', '28800', '2017-12-14 18:43:02', '0', '2017-12-14 08:38:51', '17', null, null);
INSERT INTO `ticket` VALUES ('2705', '7', 'b_app', 'TGT-232-a324a92641a44e419eee85355ddb5726-cas.yundao.com', '28800', '2017-12-15 01:18:23', '0', '2017-12-14 15:16:11', '7', null, null);
INSERT INTO `ticket` VALUES ('2707', '9', 'b_app', 'TGT-229-c3bd9091a2e245cdb92860a0b5c2808b-cas.yundao.com', '28800', '2017-12-15 00:48:29', '0', '2017-12-14 16:48:29', '9', null, null);
INSERT INTO `ticket` VALUES ('2724', '8', 'b_app', 'TGT-354-41e2a9bb9e6042a68a1de333c0e90e03-cas.yundao.com', '28800', '2017-12-15 18:25:25', '0', '2017-12-15 10:04:26', '8', null, null);
INSERT INTO `ticket` VALUES ('2741', '6', 'b_pc', 'TGT-409-e29cddf8c6ea4a80b7edc3bea9c65355-cas.yundao.com', '28800', '2017-12-15 23:19:44', '0', '2017-12-15 15:19:44', '6', null, null);
INSERT INTO `ticket` VALUES ('2748', '4', 'b_app', 'TGT-423-84f8a3e1ed3f43c7a71954d32809d333-cas.yundao.com', '28800', '2017-12-16 04:24:08', '0', '2017-12-15 20:24:08', '4', null, null);
INSERT INTO `ticket` VALUES ('2750', '125', 'b_pc', 'TGT-429-6a15e9c6ef384dad9113084052d5fde0-cas.yundao.com', '28800', '2017-12-16 05:18:33', '0', '2017-12-15 21:18:33', '125', null, null);
INSERT INTO `ticket` VALUES ('2765', '38', 'b_pc', 'TGT-486-08f377d781d54ff183e40e095b22809f-cas.yundao.com', '28800', '2017-12-16 08:28:35', '0', '2017-12-16 00:28:35', '38', null, null);
INSERT INTO `ticket` VALUES ('2766', '37', 'b_pc', 'TGT-491-256c89d141a34d34972bc72afb7d6095-cas.yundao.com', '28800', '2017-12-16 09:08:51', '0', '2017-12-16 01:08:51', '37', null, null);
INSERT INTO `ticket` VALUES ('2776', '40', 'b_pc', 'TGT-503-95e84106ce3642bbb428d54679ae4721-cas.yundao.com', '28800', '2017-12-16 19:15:44', '0', '2017-12-16 11:15:44', '40', null, null);
INSERT INTO `ticket` VALUES ('2782', '38', 'b_app', 'TGT-571-b582be9060a2401987a7ac9c977192a8-cas.yundao.com', '28800', '2017-12-17 00:35:54', '0', '2017-12-16 14:29:09', '38', null, null);
INSERT INTO `ticket` VALUES ('2789', '6', 'b_app', 'TGT-598-045d2c73a9af4c69a1e2929bf4e35596-cas.yundao.com', '28800', '2017-12-17 02:20:32', '0', '2017-12-16 16:25:13', '6', null, null);
INSERT INTO `ticket` VALUES ('2790', '5', 'b_pc', 'TGT-562-d70c417e0e7a4278b9259de8f5c55c65-cas.yundao.com', '28800', '2017-12-17 00:29:17', '0', '2017-12-16 16:29:17', '5', null, null);
INSERT INTO `ticket` VALUES ('2794', '125', 'b_app', 'TGT-603-06948e37f4dc49a0a5d73a5cac5f570a-cas.yundao.com', '28800', '2017-12-17 03:36:45', '0', '2017-12-16 16:56:30', '125', null, null);
INSERT INTO `ticket` VALUES ('2795', '44', 'b_app', 'TGT-580-ba9363393f7c40c2af9102317813d5c8-cas.yundao.com', '28800', '2017-12-17 00:59:52', '0', '2017-12-16 16:59:52', '44', null, null);
INSERT INTO `ticket` VALUES ('2797', '128', 'b_app', 'TGT-596-7cf254d55b8f40e6aa7847ea6b087308-cas.yundao.com', '28800', '2017-12-17 01:43:21', '0', '2017-12-16 17:43:21', '128', null, null);
INSERT INTO `ticket` VALUES ('2798', '22', 'b_pc', 'TGT-597-052d5dd313954143bf70aa3bec275f8f-cas.yundao.com', '28800', '2017-12-17 01:51:02', '0', '2017-12-16 17:51:02', '22', null, null);
INSERT INTO `ticket` VALUES ('2801', '1', 'b_pc', 'TGT-607-78c2f9b222f24101bf91566a360388f5-cas.yundao.com', '28800', '2017-12-17 21:39:44', '0', '2017-12-17 13:39:44', '1', null, null);
INSERT INTO `ticket` VALUES ('2802', '23', 'b_pc', 'TGT-608-75faedb1db864345bc62c5824e1f9910-cas.yundao.com', '28800', '2017-12-18 19:19:38', '0', '2017-12-18 11:19:38', '23', null, null);
INSERT INTO `ticket` VALUES ('2804', '5', 'b_app', 'TGT-612-91d301576fa84b6890faac294af7df6c-cas.yundao.com', '28800', '2017-12-18 19:38:04', '0', '2017-12-18 11:35:00', '5', null, null);
INSERT INTO `ticket` VALUES ('2805', '3', 'b_pc', 'TGT-613-3897603fdb2e400192e5a69b37fe3cee-cas.yundao.com', '28800', '2017-12-18 22:32:19', '0', '2017-12-18 14:32:19', '3', null, null);
INSERT INTO `ticket` VALUES ('2806', '21', 'b_pc', 'TGT-614-0507db6c61624ddd96a18ffe58dcc093-cas.yundao.com', '28800', '2017-12-18 23:36:14', '0', '2017-12-18 15:36:14', '21', null, null);

-- ----------------------------
-- Table structure for user_account
-- ----------------------------
DROP TABLE IF EXISTS `user_account`;
CREATE TABLE `user_account` (
  `id` bigint(20) NOT NULL AUTO_INCREMENT COMMENT '主键',
  `mobile` varchar(18) DEFAULT NULL COMMENT '手机号码',
  `email` varchar(64) DEFAULT NULL COMMENT '邮箱',
  `username` varchar(64) DEFAULT NULL COMMENT '用户名',
  `password` varchar(128) DEFAULT NULL COMMENT '密码',
  `once_edit_pwd` tinyint(2) DEFAULT '0' COMMENT '是否修改过密码，1：是，0：否，默认：0',
  `pwd_err_count` tinyint(2) DEFAULT '0' COMMENT '输入密码错误次数，默认：0',
  `is_system` tinyint(2) DEFAULT '0' COMMENT '是否系统用户（0：否，1：是）',
  `create_date` datetime DEFAULT NULL COMMENT '创建日期',
  `create_user_id` bigint(20) DEFAULT NULL COMMENT '创建者id',
  `update_user_id` bigint(20) DEFAULT NULL COMMENT '更新者id',
  `update_date` datetime DEFAULT NULL COMMENT '更新日期',
  `is_delete` tinyint(2) DEFAULT '0' COMMENT '是否删除',
  PRIMARY KEY (`id`),
  UNIQUE KEY `mobile` (`mobile`),
  UNIQUE KEY `username` (`username`),
  UNIQUE KEY `email` (`email`)
) ENGINE=InnoDB AUTO_INCREMENT=129 DEFAULT CHARSET=utf8;

-- ----------------------------
-- Records of user_account
-- ----------------------------
INSERT INTO `user_account` VALUES ('1', '18566666666', null, 'admin', '6fbae5df417d8e2e38ad7b08a50bc2a6', '1', '0', '0', null, null, '1', '2017-12-15 10:04:40', '0');
INSERT INTO `user_account` VALUES ('2', '13100000000', null, null, '6fbae5df417d8e2e38ad7b08a50bc2a6', '1', '0', '0', '2017-09-13 12:34:57', '1', '2', '2017-09-26 16:29:04', '0');
INSERT INTO `user_account` VALUES ('3', '18566664563', null, null, '6fbae5df417d8e2e38ad7b08a50bc2a6', '1', '0', '0', '2017-09-13 13:54:11', '1', '3', '2017-11-23 10:22:15', '0');
INSERT INTO `user_account` VALUES ('4', '13631596609', null, null, '4c73193912a225f599d70000e8cd41ac', '1', '0', '0', '2017-09-13 13:56:46', '1', '4', '2017-12-15 14:47:33', '0');
INSERT INTO `user_account` VALUES ('5', '15920066752', null, null, '34ae82b6d486763d61a3824b649f9925', '1', '0', '0', '2017-09-13 13:57:37', '1', '5', '2017-12-08 10:09:35', '0');
INSERT INTO `user_account` VALUES ('6', '13910733521', null, null, '34ae82b6d486763d61a3824b649f9925', '1', '0', '0', '2017-09-13 13:59:15', '1', '6', '2017-12-15 16:00:15', '0');
INSERT INTO `user_account` VALUES ('7', '18503079313', null, null, '4c73193912a225f599d70000e8cd41ac', '1', '0', '0', '2017-09-13 14:01:30', '1', '0', '2017-12-15 14:52:40', '0');
INSERT INTO `user_account` VALUES ('8', '13682481979', null, null, '54ceb6e33d4584a96b9878ac691c0014', '1', '0', '0', '2017-09-13 14:04:01', '7', '8', '2017-11-21 22:18:06', '0');
INSERT INTO `user_account` VALUES ('9', '13510810201', null, null, '4c73193912a225f599d70000e8cd41ac', '1', '0', '0', '2017-09-13 14:04:32', '7', '0', '2017-12-12 16:31:50', '0');
INSERT INTO `user_account` VALUES ('10', '18676689172', null, null, '4c73193912a225f599d70000e8cd41ac', '1', '0', '0', '2017-09-13 14:07:45', '1', '10', '2017-12-15 11:06:04', '0');
INSERT INTO `user_account` VALUES ('11', '13751113926', null, null, '4c73193912a225f599d70000e8cd41ac', '1', '0', '0', '2017-09-13 14:08:13', '1', '0', '2017-12-15 14:49:39', '0');
INSERT INTO `user_account` VALUES ('12', '13751113925', null, null, '649b2ee8916d1b46078165614ea786a7', '1', '0', '0', '2017-09-13 14:09:07', '1', '12', '2017-10-24 14:21:50', '0');
INSERT INTO `user_account` VALUES ('13', '18000000000', null, 'zradmin222', '6fbae5df417d8e2e38ad7b08a50bc2a6', '0', '0', '0', null, null, null, null, '0');
INSERT INTO `user_account` VALUES ('14', '13510616590', null, null, '4c73193912a225f599d70000e8cd41ac', '1', '0', '0', '2017-09-13 14:12:37', '1', '0', '2017-10-30 10:23:52', '0');
INSERT INTO `user_account` VALUES ('15', '18617034693', null, null, 'ee9c63727810ee54a89251c944e635b4', '1', '0', '0', '2017-09-13 16:49:35', '10', '15', '2017-12-12 15:57:44', '0');
INSERT INTO `user_account` VALUES ('17', '18666662559', null, null, 'c295db7d0f08f11888f4b5b62d6a7457', '1', '0', '0', '2017-09-14 09:07:09', '7', '17', '2017-09-25 12:25:04', '0');
INSERT INTO `user_account` VALUES ('18', '15959576676', null, null, 'c35d0101dd1e18f300b52a15deaafc4e', '1', '0', '0', '2017-09-14 14:03:13', '7', '18', '2017-12-13 16:16:32', '0');
INSERT INTO `user_account` VALUES ('19', '13813813138', null, null, '6fbae5df417d8e2e38ad7b08a50bc2a6', '1', '0', '0', '2017-09-14 14:12:30', '7', '19', '2017-12-08 17:25:03', '0');
INSERT INTO `user_account` VALUES ('20', '13590446184', null, null, '05e76a5c9d53633c5e7ace05fc5384ce', '1', '0', '0', '2017-09-14 14:27:18', '1', '20', '2017-11-13 19:19:05', '0');
INSERT INTO `user_account` VALUES ('21', '15914137679', null, null, '337ee3f0175d45bb311a6093491ce3a1', '1', '0', '0', '2017-09-14 14:53:49', '1', '21', '2017-12-05 09:02:16', '0');
INSERT INTO `user_account` VALUES ('22', '18696147672', null, null, '649b2ee8916d1b46078165614ea786a7', '1', '0', '0', '2017-09-14 14:57:38', '10', '22', '2017-12-04 17:08:32', '0');
INSERT INTO `user_account` VALUES ('23', '15013556007', null, null, '0f787ccdfbf8a74552daa4aa8a26b58d', '1', '0', '0', '2017-09-15 17:05:29', '15', '23', '2017-12-09 19:07:43', '0');
INSERT INTO `user_account` VALUES ('24', '13751113919', null, null, '6fbae5df417d8e2e38ad7b08a50bc2a6', '0', '0', '0', '2017-09-16 18:52:25', '1', null, null, '0');
INSERT INTO `user_account` VALUES ('25', '17855556666', null, null, '6fbae5df417d8e2e38ad7b08a50bc2a6', '0', '3', '0', '2017-09-16 19:03:57', '14', '25', '2017-10-24 14:20:16', '0');
INSERT INTO `user_account` VALUES ('26', '13590340548', null, null, '4c73193912a225f599d70000e8cd41ac', '1', '0', '0', '2017-09-19 11:45:40', '1', '26', '2017-11-27 10:09:15', '0');
INSERT INTO `user_account` VALUES ('27', '13613613136', null, null, '34ae82b6d486763d61a3824b649f9925', '1', '0', '0', '2017-09-21 11:01:10', '7', '0', '2017-09-25 11:39:44', '0');
INSERT INTO `user_account` VALUES ('28', '13713713137', null, null, '34ae82b6d486763d61a3824b649f9925', '1', '0', '0', '2017-09-21 11:09:21', '7', '28', '2017-09-27 21:22:05', '0');
INSERT INTO `user_account` VALUES ('30', '15800001111', null, 'zradmin', '649b2ee8916d1b46078165614ea786a7', '1', '0', '0', '2017-09-21 20:35:20', null, '30', '2017-12-18 11:23:00', '0');
INSERT INTO `user_account` VALUES ('31', '13900000009', null, null, '649b2ee8916d1b46078165614ea786a7', '1', '0', '0', '2017-09-22 16:37:15', '26', '31', '2017-09-22 16:37:39', '0');
INSERT INTO `user_account` VALUES ('32', '13751113980', null, null, '4c73193912a225f599d70000e8cd41ac', '1', '0', '0', '2017-09-25 10:50:14', '14', '0', '2017-09-25 10:50:35', '0');
INSERT INTO `user_account` VALUES ('33', '15926794823', null, null, '4c73193912a225f599d70000e8cd41ac', '1', '0', '0', '2017-09-25 14:51:23', '1', '33', '2017-09-28 15:35:56', '0');
INSERT INTO `user_account` VALUES ('34', '19000000000', null, null, '649b2ee8916d1b46078165614ea786a7', '1', '5', '0', '2017-09-25 19:41:38', '33', '34', '2017-09-25 21:35:59', '0');
INSERT INTO `user_account` VALUES ('35', '15989316921', null, null, '4c73193912a225f599d70000e8cd41ac', '1', '0', '0', '2017-09-25 21:37:43', '1', '35', '2017-12-13 19:12:03', '0');
INSERT INTO `user_account` VALUES ('36', '19000000001', null, null, '4c73193912a225f599d70000e8cd41ac', '1', '0', '0', '2017-09-25 22:26:47', '15', '36', '2017-10-23 15:41:52', '0');
INSERT INTO `user_account` VALUES ('37', '18506555018', null, null, '1d9477e761b01e2713bbad6ee155f670', '1', '0', '0', '2017-09-26 16:21:54', '15', '37', '2017-12-16 01:08:51', '0');
INSERT INTO `user_account` VALUES ('38', '18676759488', null, null, '05e76a5c9d53633c5e7ace05fc5384ce', '1', '0', '0', '2017-09-26 21:50:29', '20', '38', '2017-12-02 14:22:57', '0');
INSERT INTO `user_account` VALUES ('39', '13599998888', null, null, '05e76a5c9d53633c5e7ace05fc5384ce', '1', '0', '0', '2017-09-27 20:20:58', '20', '39', '2017-09-28 19:56:45', '0');
INSERT INTO `user_account` VALUES ('40', '13913913139', null, null, '88d5cd57912d213a7271b83b7dfae6b8', '1', '0', '0', '2017-09-27 23:09:02', '7', '40', '2017-12-16 11:02:39', '0');
INSERT INTO `user_account` VALUES ('41', '15013556001', null, null, '0f787ccdfbf8a74552daa4aa8a26b58d', '1', '0', '0', '2017-09-28 10:34:03', '23', '41', '2017-10-10 15:42:22', '0');
INSERT INTO `user_account` VALUES ('42', '18688889999', null, null, 'd9c4b9f769820b4040f51dbbd15377d1', '1', '0', '0', '2017-09-28 19:16:32', '20', '42', '2017-11-06 11:27:35', '0');
INSERT INTO `user_account` VALUES ('43', '12100000000', null, null, '4c73193912a225f599d70000e8cd41ac', '0', '0', '0', '2017-09-28 19:53:49', '15', null, null, '0');
INSERT INTO `user_account` VALUES ('44', '13699791518', null, null, 'd9c4b9f769820b4040f51dbbd15377d1', '1', '0', '0', '2017-10-13 23:07:32', '1', '44', '2017-12-16 16:59:52', '0');
INSERT INTO `user_account` VALUES ('45', '18566664561', null, null, '337ee3f0175d45bb311a6093491ce3a1', '0', '2', '0', '2017-10-23 20:02:09', '3', '45', '2017-10-24 14:20:36', '0');
INSERT INTO `user_account` VALUES ('46', '15611111111', null, null, 'd9c4b9f769820b4040f51dbbd15377d1', '1', '0', '0', '2017-11-02 14:55:43', null, '46', '2017-11-02 16:45:19', '0');
INSERT INTO `user_account` VALUES ('47', '17911111112', null, null, '649b2ee8916d1b46078165614ea786a7', '0', '0', '0', '2017-11-02 15:48:08', '46', null, null, '0');
INSERT INTO `user_account` VALUES ('48', '17911111113', null, null, '649b2ee8916d1b46078165614ea786a7', '0', '0', '0', '2017-11-02 15:48:42', '46', null, null, '0');
INSERT INTO `user_account` VALUES ('49', '13410225497', null, null, '96668431f5836397a3bf5de6805f7af0', '0', '0', '0', '2017-11-09 19:12:24', '1', null, null, '0');
INSERT INTO `user_account` VALUES ('50', '13310225983', null, null, '96668431f5836397a3bf5de6805f7af0', '0', '0', '0', '2017-11-09 19:20:30', '1', null, null, '0');
INSERT INTO `user_account` VALUES ('51', '17510279027', null, null, '96668431f5836397a3bf5de6805f7af0', '0', '0', '0', '2017-11-10 10:04:33', '1', null, null, '0');
INSERT INTO `user_account` VALUES ('52', '15310281651', null, null, '96668431f5836397a3bf5de6805f7af0', '0', '0', '0', '2017-11-10 10:48:17', '1', null, null, '0');
INSERT INTO `user_account` VALUES ('53', '13310285248', null, null, '96668431f5836397a3bf5de6805f7af0', '0', '0', '0', '2017-11-10 11:48:14', '1', null, null, '0');
INSERT INTO `user_account` VALUES ('54', '14910288851', null, null, '96668431f5836397a3bf5de6805f7af0', '0', '0', '0', '2017-11-10 12:48:17', '1', null, null, '0');
INSERT INTO `user_account` VALUES ('55', '18610292449', null, null, '96668431f5836397a3bf5de6805f7af0', '0', '0', '0', '2017-11-10 13:48:15', '1', null, null, '0');
INSERT INTO `user_account` VALUES ('56', '18210296049', null, null, '96668431f5836397a3bf5de6805f7af0', '0', '0', '0', '2017-11-10 14:48:15', '1', null, null, '0');
INSERT INTO `user_account` VALUES ('57', '18210299651', null, null, '96668431f5836397a3bf5de6805f7af0', '0', '0', '0', '2017-11-10 15:48:17', '1', null, null, '0');
INSERT INTO `user_account` VALUES ('58', '13310303248', null, null, '96668431f5836397a3bf5de6805f7af0', '0', '0', '0', '2017-11-10 16:48:14', '1', null, null, '0');
INSERT INTO `user_account` VALUES ('59', '15010306859', null, null, '96668431f5836397a3bf5de6805f7af0', '0', '0', '0', '2017-11-10 17:48:25', '1', null, null, '0');
INSERT INTO `user_account` VALUES ('60', '17310310458', null, null, '96668431f5836397a3bf5de6805f7af0', '0', '0', '0', '2017-11-10 18:48:24', '1', null, null, '0');
INSERT INTO `user_account` VALUES ('61', '13210571900', null, null, '96668431f5836397a3bf5de6805f7af0', '0', '0', '0', '2017-11-13 19:26:00', '1', null, null, '0');
INSERT INTO `user_account` VALUES ('62', '15810571902', null, null, '96668431f5836397a3bf5de6805f7af0', '0', '0', '0', '2017-11-13 19:26:02', '1', null, null, '0');
INSERT INTO `user_account` VALUES ('63', '13910571902', null, null, '96668431f5836397a3bf5de6805f7af0', '0', '0', '0', '2017-11-13 19:26:02', '1', null, null, '0');
INSERT INTO `user_account` VALUES ('64', '13410571902', null, null, '96668431f5836397a3bf5de6805f7af0', '0', '0', '0', '2017-11-13 19:26:03', '1', null, null, '0');
INSERT INTO `user_account` VALUES ('65', '13910572116', null, null, '96668431f5836397a3bf5de6805f7af0', '0', '0', '0', '2017-11-13 19:29:36', '1', null, null, '0');
INSERT INTO `user_account` VALUES ('66', '17610572117', null, null, '96668431f5836397a3bf5de6805f7af0', '0', '0', '0', '2017-11-13 19:29:38', '1', null, null, '0');
INSERT INTO `user_account` VALUES ('67', '13710572117', null, null, '96668431f5836397a3bf5de6805f7af0', '0', '0', '0', '2017-11-13 19:29:38', '1', null, null, '0');
INSERT INTO `user_account` VALUES ('68', '13110572121', null, null, '96668431f5836397a3bf5de6805f7af0', '0', '0', '0', '2017-11-13 19:29:41', '1', null, null, '0');
INSERT INTO `user_account` VALUES ('69', '13710572332', null, null, '96668431f5836397a3bf5de6805f7af0', '0', '0', '0', '2017-11-13 19:33:12', '1', null, null, '0');
INSERT INTO `user_account` VALUES ('70', '13610572334', null, null, '96668431f5836397a3bf5de6805f7af0', '0', '0', '0', '2017-11-13 19:33:15', '1', null, null, '0');
INSERT INTO `user_account` VALUES ('71', '13110572338', null, null, '96668431f5836397a3bf5de6805f7af0', '0', '0', '0', '2017-11-13 19:33:18', '1', null, null, '0');
INSERT INTO `user_account` VALUES ('72', '14510572341', null, null, '96668431f5836397a3bf5de6805f7af0', '0', '0', '0', '2017-11-13 19:33:21', '1', null, null, '0');
INSERT INTO `user_account` VALUES ('73', '15310572524', null, null, '96668431f5836397a3bf5de6805f7af0', '0', '0', '0', '2017-11-13 19:36:24', '1', null, null, '0');
INSERT INTO `user_account` VALUES ('74', '17610572529', null, null, '96668431f5836397a3bf5de6805f7af0', '0', '0', '0', '2017-11-13 19:36:29', '1', null, null, '0');
INSERT INTO `user_account` VALUES ('75', '17310572538', null, null, '96668431f5836397a3bf5de6805f7af0', '0', '0', '0', '2017-11-13 19:36:39', '1', null, null, '0');
INSERT INTO `user_account` VALUES ('76', '18810572540', null, null, '96668431f5836397a3bf5de6805f7af0', '0', '0', '0', '2017-11-13 19:36:40', '1', null, null, '0');
INSERT INTO `user_account` VALUES ('77', '13210572741', null, null, '96668431f5836397a3bf5de6805f7af0', '0', '0', '0', '2017-11-13 19:40:01', '1', null, null, '0');
INSERT INTO `user_account` VALUES ('78', '13510572745', null, null, '96668431f5836397a3bf5de6805f7af0', '0', '0', '0', '2017-11-13 19:40:06', '1', null, null, '0');
INSERT INTO `user_account` VALUES ('79', '13210572758', null, null, '96668431f5836397a3bf5de6805f7af0', '0', '0', '0', '2017-11-13 19:40:18', '1', null, null, '0');
INSERT INTO `user_account` VALUES ('80', '18410572759', null, null, '96668431f5836397a3bf5de6805f7af0', '0', '0', '0', '2017-11-13 19:40:19', '1', null, null, '0');
INSERT INTO `user_account` VALUES ('81', '15110572962', null, null, '96668431f5836397a3bf5de6805f7af0', '0', '0', '0', '2017-11-13 19:43:42', '1', null, null, '0');
INSERT INTO `user_account` VALUES ('82', '13910572967', null, null, '96668431f5836397a3bf5de6805f7af0', '0', '0', '0', '2017-11-13 19:43:48', '1', null, null, '0');
INSERT INTO `user_account` VALUES ('83', '18110572980', null, null, '96668431f5836397a3bf5de6805f7af0', '0', '0', '0', '2017-11-13 19:44:00', '1', null, null, '0');
INSERT INTO `user_account` VALUES ('84', '13310573001', null, null, '96668431f5836397a3bf5de6805f7af0', '0', '0', '0', '2017-11-13 19:44:21', '1', null, null, '0');
INSERT INTO `user_account` VALUES ('85', '15910573178', null, null, '96668431f5836397a3bf5de6805f7af0', '0', '0', '0', '2017-11-13 19:47:18', '1', null, null, '0');
INSERT INTO `user_account` VALUES ('86', '18610573184', null, null, '96668431f5836397a3bf5de6805f7af0', '0', '0', '0', '2017-11-13 19:47:24', '1', null, null, '0');
INSERT INTO `user_account` VALUES ('87', '13110573200', null, null, '96668431f5836397a3bf5de6805f7af0', '0', '0', '0', '2017-11-13 19:47:40', '1', null, null, '0');
INSERT INTO `user_account` VALUES ('88', '13410573220', null, null, '96668431f5836397a3bf5de6805f7af0', '0', '0', '0', '2017-11-13 19:48:00', '1', null, null, '0');
INSERT INTO `user_account` VALUES ('89', '13810573371', null, null, '96668431f5836397a3bf5de6805f7af0', '0', '0', '0', '2017-11-13 19:50:31', '1', null, null, '0');
INSERT INTO `user_account` VALUES ('90', '15010573379', null, null, '96668431f5836397a3bf5de6805f7af0', '0', '0', '0', '2017-11-13 19:50:39', '1', null, null, '0');
INSERT INTO `user_account` VALUES ('91', '13010573392', null, null, '96668431f5836397a3bf5de6805f7af0', '0', '0', '0', '2017-11-13 19:50:52', '1', null, null, '0');
INSERT INTO `user_account` VALUES ('92', '18710573407', null, null, '96668431f5836397a3bf5de6805f7af0', '0', '0', '0', '2017-11-13 19:51:07', '1', null, null, '0');
INSERT INTO `user_account` VALUES ('93', '13710573552', null, null, '96668431f5836397a3bf5de6805f7af0', '0', '0', '0', '2017-11-13 19:53:32', '1', null, null, '0');
INSERT INTO `user_account` VALUES ('94', '13410573562', null, null, '96668431f5836397a3bf5de6805f7af0', '0', '0', '0', '2017-11-13 19:53:42', '1', null, null, '0');
INSERT INTO `user_account` VALUES ('95', '15610573573', null, null, '96668431f5836397a3bf5de6805f7af0', '0', '0', '0', '2017-11-13 19:53:53', '1', null, null, '0');
INSERT INTO `user_account` VALUES ('96', '15310573588', null, null, '96668431f5836397a3bf5de6805f7af0', '0', '0', '0', '2017-11-13 19:54:09', '1', null, null, '0');
INSERT INTO `user_account` VALUES ('97', '13310573734', null, null, '96668431f5836397a3bf5de6805f7af0', '0', '0', '0', '2017-11-13 19:56:34', '1', null, null, '0');
INSERT INTO `user_account` VALUES ('98', '18110573748', null, null, '96668431f5836397a3bf5de6805f7af0', '0', '0', '0', '2017-11-13 19:56:48', '1', null, null, '0');
INSERT INTO `user_account` VALUES ('99', '13010573756', null, null, '96668431f5836397a3bf5de6805f7af0', '0', '0', '0', '2017-11-13 19:56:56', '1', null, null, '0');
INSERT INTO `user_account` VALUES ('100', '17610573772', null, null, '96668431f5836397a3bf5de6805f7af0', '0', '0', '0', '2017-11-13 19:57:12', '1', null, null, '0');
INSERT INTO `user_account` VALUES ('101', '13110573913', null, null, '96668431f5836397a3bf5de6805f7af0', '0', '0', '0', '2017-11-13 19:59:33', '1', null, null, '0');
INSERT INTO `user_account` VALUES ('102', '15510573931', null, null, '96668431f5836397a3bf5de6805f7af0', '0', '0', '0', '2017-11-13 19:59:51', '1', null, null, '0');
INSERT INTO `user_account` VALUES ('103', '18110573945', null, null, '96668431f5836397a3bf5de6805f7af0', '0', '0', '0', '2017-11-13 20:00:06', '1', null, null, '0');
INSERT INTO `user_account` VALUES ('104', '13810573959', null, null, '96668431f5836397a3bf5de6805f7af0', '0', '0', '0', '2017-11-13 20:00:19', '1', null, null, '0');
INSERT INTO `user_account` VALUES ('105', '18710574095', null, null, '96668431f5836397a3bf5de6805f7af0', '0', '0', '0', '2017-11-13 20:02:35', '1', null, null, '0');
INSERT INTO `user_account` VALUES ('106', '15010574117', null, null, '96668431f5836397a3bf5de6805f7af0', '0', '0', '0', '2017-11-13 20:02:57', '1', null, null, '0');
INSERT INTO `user_account` VALUES ('107', '14710574125', null, null, '96668431f5836397a3bf5de6805f7af0', '0', '0', '0', '2017-11-13 20:03:05', '1', null, null, '0');
INSERT INTO `user_account` VALUES ('108', '13310574137', null, null, '96668431f5836397a3bf5de6805f7af0', '0', '0', '0', '2017-11-13 20:03:17', '1', null, null, '0');
INSERT INTO `user_account` VALUES ('109', '18410574274', null, null, '96668431f5836397a3bf5de6805f7af0', '0', '0', '0', '2017-11-13 20:05:35', '1', null, null, '0');
INSERT INTO `user_account` VALUES ('110', '13210574303', null, null, '96668431f5836397a3bf5de6805f7af0', '0', '0', '0', '2017-11-13 20:06:03', '1', null, null, '0');
INSERT INTO `user_account` VALUES ('111', '15710574309', null, null, '96668431f5836397a3bf5de6805f7af0', '0', '0', '0', '2017-11-13 20:06:09', '1', null, null, '0');
INSERT INTO `user_account` VALUES ('112', '15310574321', null, null, '96668431f5836397a3bf5de6805f7af0', '0', '0', '0', '2017-11-13 20:06:21', '1', null, null, '0');
INSERT INTO `user_account` VALUES ('113', '18710574460', null, null, '96668431f5836397a3bf5de6805f7af0', '0', '0', '0', '2017-11-13 20:08:40', '1', null, null, '0');
INSERT INTO `user_account` VALUES ('114', '15010574493', null, null, '96668431f5836397a3bf5de6805f7af0', '0', '0', '0', '2017-11-13 20:09:13', '1', null, null, '0');
INSERT INTO `user_account` VALUES ('115', '13010574502', null, null, '96668431f5836397a3bf5de6805f7af0', '0', '0', '0', '2017-11-13 20:09:22', '1', null, null, '0');
INSERT INTO `user_account` VALUES ('116', '13910574511', null, null, '96668431f5836397a3bf5de6805f7af0', '0', '0', '0', '2017-11-13 20:09:31', '1', null, null, '0');
INSERT INTO `user_account` VALUES ('117', '13710574653', null, null, '96668431f5836397a3bf5de6805f7af0', '0', '3', '0', '2017-11-13 20:11:54', '1', '117', '2017-12-04 11:27:10', '0');
INSERT INTO `user_account` VALUES ('118', '15010574694', null, null, '96668431f5836397a3bf5de6805f7af0', '0', '2', '0', '2017-11-13 20:12:35', '1', '118', '2017-12-04 11:26:57', '0');
INSERT INTO `user_account` VALUES ('119', '17310574703', null, null, '96668431f5836397a3bf5de6805f7af0', '0', '3', '0', '2017-11-13 20:12:43', '1', '119', '2017-12-04 11:26:45', '0');
INSERT INTO `user_account` VALUES ('120', '13110574706', null, null, '96668431f5836397a3bf5de6805f7af0', '0', '0', '0', '2017-11-13 20:12:47', '1', null, null, '0');
INSERT INTO `user_account` VALUES ('121', '15920066666', null, null, '34ae82b6d486763d61a3824b649f9925', '1', '0', '0', '2017-11-28 19:23:45', '7', '121', '2017-11-28 19:24:24', '0');
INSERT INTO `user_account` VALUES ('122', '16000000012', null, null, '4c73193912a225f599d70000e8cd41ac', '0', '0', '0', '2017-12-02 15:01:43', '15', null, null, '0');
INSERT INTO `user_account` VALUES ('123', '15013556006', null, null, '1d9477e761b01e2713bbad6ee155f670', '1', '0', '0', '2017-12-04 11:27:34', '23', '123', '2017-12-04 11:28:00', '0');
INSERT INTO `user_account` VALUES ('124', '18000000012', null, null, '4c73193912a225f599d70000e8cd41ac', '0', '0', '0', '2017-12-09 14:10:52', '15', null, null, '0');
INSERT INTO `user_account` VALUES ('125', '15920066753', null, null, '34ae82b6d486763d61a3824b649f9925', '1', '0', '0', '2017-12-12 16:59:49', '7', '0', '2017-12-15 21:18:29', '0');
INSERT INTO `user_account` VALUES ('126', '15966765952', null, null, '34ae82b6d486763d61a3824b649f9925', '0', '0', '0', '2017-12-12 17:02:08', '7', null, null, '0');
INSERT INTO `user_account` VALUES ('127', '15123123105', null, null, '649b2ee8916d1b46078165614ea786a7', '1', '0', '0', '2017-12-16 11:07:40', '15', '127', '2017-12-16 11:08:30', '0');
INSERT INTO `user_account` VALUES ('128', '13590072254', null, null, 'aa51c9a6f58b1d57ecb0e7d8347932bc', '1', '0', '0', '2017-12-16 16:30:51', '5', '128', '2017-12-16 16:32:22', '0');

-- ----------------------------
-- Table structure for user_tenant
-- ----------------------------
DROP TABLE IF EXISTS `user_tenant`;
CREATE TABLE `user_tenant` (
  `id` bigint(20) NOT NULL AUTO_INCREMENT COMMENT '主键',
  `user_id` bigint(20) DEFAULT NULL COMMENT '用户id',
  `tenant_id` bigint(20) DEFAULT NULL COMMENT '租户id',
  `create_date` datetime DEFAULT NULL COMMENT '创建日期',
  `create_user_id` bigint(20) DEFAULT NULL COMMENT '创建者id',
  `update_user_id` bigint(20) DEFAULT NULL COMMENT '更新者id',
  `update_date` datetime DEFAULT NULL COMMENT '更新日期',
  `is_delete` tinyint(2) DEFAULT '0' COMMENT '是否删除',
  PRIMARY KEY (`id`)
) ENGINE=InnoDB AUTO_INCREMENT=139 DEFAULT CHARSET=utf8;

-- ----------------------------
-- Records of user_tenant
-- ----------------------------
INSERT INTO `user_tenant` VALUES ('1', '1', '1', null, null, null, null, '0');
INSERT INTO `user_tenant` VALUES ('2', '2', '1', '2017-09-13 12:34:57', null, null, null, '0');
INSERT INTO `user_tenant` VALUES ('3', '3', '1', '2017-09-13 13:54:11', null, null, null, '0');
INSERT INTO `user_tenant` VALUES ('4', '4', '1', '2017-09-13 13:56:46', null, null, null, '0');
INSERT INTO `user_tenant` VALUES ('5', '5', '1', '2017-09-13 13:57:37', null, null, null, '0');
INSERT INTO `user_tenant` VALUES ('6', '6', '1', '2017-09-13 13:59:15', null, null, null, '0');
INSERT INTO `user_tenant` VALUES ('7', '7', '1', '2017-09-13 14:01:30', null, null, null, '0');
INSERT INTO `user_tenant` VALUES ('8', '8', '1', '2017-09-13 14:04:01', null, null, null, '0');
INSERT INTO `user_tenant` VALUES ('9', '9', '1', '2017-09-13 14:04:32', null, null, null, '0');
INSERT INTO `user_tenant` VALUES ('10', '10', '1', '2017-09-13 14:07:45', null, null, null, '0');
INSERT INTO `user_tenant` VALUES ('11', '11', '1', '2017-09-13 14:08:13', null, null, null, '0');
INSERT INTO `user_tenant` VALUES ('12', '12', '1', '2017-09-13 14:09:07', null, null, null, '0');
INSERT INTO `user_tenant` VALUES ('15', '15', '1', '2017-09-13 16:49:35', null, null, null, '0');
INSERT INTO `user_tenant` VALUES ('17', '17', '1', '2017-09-14 09:07:09', null, null, null, '0');
INSERT INTO `user_tenant` VALUES ('18', '18', '1', '2017-09-14 14:03:13', null, null, null, '0');
INSERT INTO `user_tenant` VALUES ('19', '19', '1', '2017-09-14 14:12:30', null, null, null, '0');
INSERT INTO `user_tenant` VALUES ('20', '20', '1', '2017-09-14 14:27:18', null, null, null, '0');
INSERT INTO `user_tenant` VALUES ('21', '21', '1', '2017-09-14 14:53:49', null, null, null, '0');
INSERT INTO `user_tenant` VALUES ('22', '22', '1', '2017-09-14 14:57:38', null, null, null, '0');
INSERT INTO `user_tenant` VALUES ('23', '14', '1', '2017-09-14 15:09:04', null, null, null, '0');
INSERT INTO `user_tenant` VALUES ('24', '23', '1', '2017-09-15 17:05:29', null, null, null, '0');
INSERT INTO `user_tenant` VALUES ('25', '24', '1', '2017-09-16 18:52:25', null, null, null, '0');
INSERT INTO `user_tenant` VALUES ('27', '25', '1', '2017-09-16 19:05:57', null, null, null, '0');
INSERT INTO `user_tenant` VALUES ('28', '26', '1', '2017-09-19 11:45:40', null, null, null, '0');
INSERT INTO `user_tenant` VALUES ('29', '27', '1', '2017-09-21 11:01:11', null, null, null, '0');
INSERT INTO `user_tenant` VALUES ('30', '28', '1', '2017-09-21 11:09:21', null, null, null, '0');
INSERT INTO `user_tenant` VALUES ('32', '30', '2', '2017-09-21 20:35:20', null, null, null, '0');
INSERT INTO `user_tenant` VALUES ('33', '11', '2', '2017-09-21 20:43:09', null, null, null, '0');
INSERT INTO `user_tenant` VALUES ('35', '26', '2', '2017-09-22 08:56:37', null, null, null, '0');
INSERT INTO `user_tenant` VALUES ('36', '17', '2', '2017-09-22 09:09:05', null, null, null, '0');
INSERT INTO `user_tenant` VALUES ('37', '8', '2', '2017-09-22 09:10:02', null, null, null, '0');
INSERT INTO `user_tenant` VALUES ('38', '31', '1', '2017-09-22 16:37:15', null, null, null, '0');
INSERT INTO `user_tenant` VALUES ('39', '32', '1', '2017-09-25 10:50:14', null, null, null, '0');
INSERT INTO `user_tenant` VALUES ('40', '33', '1', '2017-09-25 14:51:23', null, null, null, '0');
INSERT INTO `user_tenant` VALUES ('41', '34', '1', '2017-09-25 19:41:38', null, null, null, '0');
INSERT INTO `user_tenant` VALUES ('42', '35', '1', '2017-09-25 21:37:43', null, null, null, '0');
INSERT INTO `user_tenant` VALUES ('43', '36', '1', '2017-09-25 22:26:47', null, null, null, '0');
INSERT INTO `user_tenant` VALUES ('44', '37', '1', '2017-09-26 16:21:54', null, null, null, '0');
INSERT INTO `user_tenant` VALUES ('45', '38', '1', '2017-09-26 21:50:29', null, null, null, '0');
INSERT INTO `user_tenant` VALUES ('46', '39', '1', '2017-09-27 20:20:58', null, null, null, '0');
INSERT INTO `user_tenant` VALUES ('47', '40', '1', '2017-09-27 23:09:02', null, null, null, '0');
INSERT INTO `user_tenant` VALUES ('48', '41', '1', '2017-09-28 10:34:03', null, null, null, '0');
INSERT INTO `user_tenant` VALUES ('49', '7', '2', '2017-09-28 11:03:41', null, null, null, '0');
INSERT INTO `user_tenant` VALUES ('50', '5', '2', '2017-09-28 11:04:10', null, null, null, '0');
INSERT INTO `user_tenant` VALUES ('51', '42', '1', '2017-09-28 19:16:32', null, null, null, '0');
INSERT INTO `user_tenant` VALUES ('52', '43', '1', '2017-09-28 19:53:49', null, null, null, '0');
INSERT INTO `user_tenant` VALUES ('53', '44', '1', '2017-10-13 23:07:32', null, null, null, '0');
INSERT INTO `user_tenant` VALUES ('54', '45', '1', '2017-10-23 20:02:09', null, null, null, '0');
INSERT INTO `user_tenant` VALUES ('55', '46', '3', '2017-11-02 14:55:43', null, null, null, '0');
INSERT INTO `user_tenant` VALUES ('56', '47', '3', '2017-11-02 15:48:08', null, null, null, '0');
INSERT INTO `user_tenant` VALUES ('57', '48', '3', '2017-11-02 15:48:42', null, null, null, '0');
INSERT INTO `user_tenant` VALUES ('58', '49', '1', '2017-11-09 19:12:24', null, null, null, '0');
INSERT INTO `user_tenant` VALUES ('59', '50', '1', '2017-11-09 19:20:30', null, null, null, '0');
INSERT INTO `user_tenant` VALUES ('60', '51', '1', '2017-11-10 10:04:33', null, null, null, '0');
INSERT INTO `user_tenant` VALUES ('61', '52', '1', '2017-11-10 10:48:17', null, null, null, '0');
INSERT INTO `user_tenant` VALUES ('62', '53', '1', '2017-11-10 11:48:14', null, null, null, '0');
INSERT INTO `user_tenant` VALUES ('63', '54', '1', '2017-11-10 12:48:17', null, null, null, '0');
INSERT INTO `user_tenant` VALUES ('64', '55', '1', '2017-11-10 13:48:15', null, null, null, '0');
INSERT INTO `user_tenant` VALUES ('65', '56', '1', '2017-11-10 14:48:15', null, null, null, '0');
INSERT INTO `user_tenant` VALUES ('66', '57', '1', '2017-11-10 15:48:17', null, null, null, '0');
INSERT INTO `user_tenant` VALUES ('67', '58', '1', '2017-11-10 16:48:14', null, null, null, '0');
INSERT INTO `user_tenant` VALUES ('68', '59', '1', '2017-11-10 17:48:25', null, null, null, '0');
INSERT INTO `user_tenant` VALUES ('69', '60', '1', '2017-11-10 18:48:24', null, null, null, '0');
INSERT INTO `user_tenant` VALUES ('70', '61', '1', '2017-11-13 19:26:01', null, null, null, '0');
INSERT INTO `user_tenant` VALUES ('71', '62', '1', '2017-11-13 19:26:02', null, null, null, '0');
INSERT INTO `user_tenant` VALUES ('72', '63', '1', '2017-11-13 19:26:02', null, null, null, '0');
INSERT INTO `user_tenant` VALUES ('73', '64', '1', '2017-11-13 19:26:03', null, null, null, '0');
INSERT INTO `user_tenant` VALUES ('74', '65', '1', '2017-11-13 19:29:36', null, null, null, '0');
INSERT INTO `user_tenant` VALUES ('75', '66', '1', '2017-11-13 19:29:38', null, null, null, '0');
INSERT INTO `user_tenant` VALUES ('76', '67', '1', '2017-11-13 19:29:38', null, null, null, '0');
INSERT INTO `user_tenant` VALUES ('77', '68', '1', '2017-11-13 19:29:41', null, null, null, '0');
INSERT INTO `user_tenant` VALUES ('78', '69', '1', '2017-11-13 19:33:12', null, null, null, '0');
INSERT INTO `user_tenant` VALUES ('79', '70', '1', '2017-11-13 19:33:15', null, null, null, '0');
INSERT INTO `user_tenant` VALUES ('80', '71', '1', '2017-11-13 19:33:18', null, null, null, '0');
INSERT INTO `user_tenant` VALUES ('81', '72', '1', '2017-11-13 19:33:21', null, null, null, '0');
INSERT INTO `user_tenant` VALUES ('82', '73', '1', '2017-11-13 19:36:24', null, null, null, '0');
INSERT INTO `user_tenant` VALUES ('83', '74', '1', '2017-11-13 19:36:29', null, null, null, '0');
INSERT INTO `user_tenant` VALUES ('84', '75', '1', '2017-11-13 19:36:39', null, null, null, '0');
INSERT INTO `user_tenant` VALUES ('85', '76', '1', '2017-11-13 19:36:40', null, null, null, '0');
INSERT INTO `user_tenant` VALUES ('86', '77', '1', '2017-11-13 19:40:01', null, null, null, '0');
INSERT INTO `user_tenant` VALUES ('87', '78', '1', '2017-11-13 19:40:06', null, null, null, '0');
INSERT INTO `user_tenant` VALUES ('88', '79', '1', '2017-11-13 19:40:18', null, null, null, '0');
INSERT INTO `user_tenant` VALUES ('89', '80', '1', '2017-11-13 19:40:19', null, null, null, '0');
INSERT INTO `user_tenant` VALUES ('90', '81', '1', '2017-11-13 19:43:42', null, null, null, '0');
INSERT INTO `user_tenant` VALUES ('91', '82', '1', '2017-11-13 19:43:48', null, null, null, '0');
INSERT INTO `user_tenant` VALUES ('92', '83', '1', '2017-11-13 19:44:00', null, null, null, '0');
INSERT INTO `user_tenant` VALUES ('93', '84', '1', '2017-11-13 19:44:21', null, null, null, '0');
INSERT INTO `user_tenant` VALUES ('94', '85', '1', '2017-11-13 19:47:18', null, null, null, '0');
INSERT INTO `user_tenant` VALUES ('95', '86', '1', '2017-11-13 19:47:24', null, null, null, '0');
INSERT INTO `user_tenant` VALUES ('96', '87', '1', '2017-11-13 19:47:40', null, null, null, '0');
INSERT INTO `user_tenant` VALUES ('97', '88', '1', '2017-11-13 19:48:00', null, null, null, '0');
INSERT INTO `user_tenant` VALUES ('98', '89', '1', '2017-11-13 19:50:31', null, null, null, '0');
INSERT INTO `user_tenant` VALUES ('99', '90', '1', '2017-11-13 19:50:39', null, null, null, '0');
INSERT INTO `user_tenant` VALUES ('100', '91', '1', '2017-11-13 19:50:52', null, null, null, '0');
INSERT INTO `user_tenant` VALUES ('101', '92', '1', '2017-11-13 19:51:07', null, null, null, '0');
INSERT INTO `user_tenant` VALUES ('102', '93', '1', '2017-11-13 19:53:32', null, null, null, '0');
INSERT INTO `user_tenant` VALUES ('103', '94', '1', '2017-11-13 19:53:42', null, null, null, '0');
INSERT INTO `user_tenant` VALUES ('104', '95', '1', '2017-11-13 19:53:53', null, null, null, '0');
INSERT INTO `user_tenant` VALUES ('105', '96', '1', '2017-11-13 19:54:09', null, null, null, '0');
INSERT INTO `user_tenant` VALUES ('106', '97', '1', '2017-11-13 19:56:34', null, null, null, '0');
INSERT INTO `user_tenant` VALUES ('107', '98', '1', '2017-11-13 19:56:48', null, null, null, '0');
INSERT INTO `user_tenant` VALUES ('108', '99', '1', '2017-11-13 19:56:56', null, null, null, '0');
INSERT INTO `user_tenant` VALUES ('109', '100', '1', '2017-11-13 19:57:12', null, null, null, '0');
INSERT INTO `user_tenant` VALUES ('110', '101', '1', '2017-11-13 19:59:33', null, null, null, '0');
INSERT INTO `user_tenant` VALUES ('111', '102', '1', '2017-11-13 19:59:51', null, null, null, '0');
INSERT INTO `user_tenant` VALUES ('112', '103', '1', '2017-11-13 20:00:06', null, null, null, '0');
INSERT INTO `user_tenant` VALUES ('113', '104', '1', '2017-11-13 20:00:19', null, null, null, '0');
INSERT INTO `user_tenant` VALUES ('114', '105', '1', '2017-11-13 20:02:35', null, null, null, '0');
INSERT INTO `user_tenant` VALUES ('115', '106', '1', '2017-11-13 20:02:57', null, null, null, '0');
INSERT INTO `user_tenant` VALUES ('116', '107', '1', '2017-11-13 20:03:05', null, null, null, '0');
INSERT INTO `user_tenant` VALUES ('117', '108', '1', '2017-11-13 20:03:17', null, null, null, '0');
INSERT INTO `user_tenant` VALUES ('118', '109', '1', '2017-11-13 20:05:35', null, null, null, '0');
INSERT INTO `user_tenant` VALUES ('119', '110', '1', '2017-11-13 20:06:03', null, null, null, '0');
INSERT INTO `user_tenant` VALUES ('120', '111', '1', '2017-11-13 20:06:09', null, null, null, '0');
INSERT INTO `user_tenant` VALUES ('121', '112', '1', '2017-11-13 20:06:21', null, null, null, '0');
INSERT INTO `user_tenant` VALUES ('122', '113', '1', '2017-11-13 20:08:40', null, null, null, '0');
INSERT INTO `user_tenant` VALUES ('123', '114', '1', '2017-11-13 20:09:13', null, null, null, '0');
INSERT INTO `user_tenant` VALUES ('124', '115', '1', '2017-11-13 20:09:22', null, null, null, '0');
INSERT INTO `user_tenant` VALUES ('125', '116', '1', '2017-11-13 20:09:31', null, null, null, '0');
INSERT INTO `user_tenant` VALUES ('126', '117', '1', '2017-11-13 20:11:54', null, null, null, '0');
INSERT INTO `user_tenant` VALUES ('127', '118', '1', '2017-11-13 20:12:35', null, null, null, '0');
INSERT INTO `user_tenant` VALUES ('128', '119', '1', '2017-11-13 20:12:43', null, null, null, '0');
INSERT INTO `user_tenant` VALUES ('129', '120', '1', '2017-11-13 20:12:47', null, null, null, '0');
INSERT INTO `user_tenant` VALUES ('130', '6', '2', '2017-11-17 14:44:58', null, null, null, '0');
INSERT INTO `user_tenant` VALUES ('131', '121', '1', '2017-11-28 19:23:45', null, null, null, '0');
INSERT INTO `user_tenant` VALUES ('132', '122', '1', '2017-12-02 15:01:43', null, null, null, '0');
INSERT INTO `user_tenant` VALUES ('133', '123', '1', '2017-12-04 11:27:34', null, null, null, '0');
INSERT INTO `user_tenant` VALUES ('134', '124', '1', '2017-12-09 14:10:52', null, null, null, '0');
INSERT INTO `user_tenant` VALUES ('135', '125', '1', '2017-12-12 16:59:49', null, null, null, '0');
INSERT INTO `user_tenant` VALUES ('136', '126', '1', '2017-12-12 17:02:08', null, null, null, '0');
INSERT INTO `user_tenant` VALUES ('137', '127', '1', '2017-12-16 11:07:40', null, null, null, '0');
INSERT INTO `user_tenant` VALUES ('138', '128', '1', '2017-12-16 16:30:51', null, null, null, '0');

-- ----------------------------
-- Table structure for video_tenant
-- ----------------------------
DROP TABLE IF EXISTS `video_tenant`;
CREATE TABLE `video_tenant` (
  `id` bigint(20) NOT NULL AUTO_INCREMENT COMMENT '主键',
  `ref_file_id` varchar(255) DEFAULT NULL COMMENT '腾讯所对应的视频ID',
  `tenant_id` tinyint(4) DEFAULT NULL COMMENT '租户ID',
  `type` tinyint(4) DEFAULT NULL COMMENT '视频类型，1：路演',
  `status` tinyint(4) DEFAULT NULL COMMENT '状态 0:压缩中 1：压缩完成',
  `is_delete` tinyint(4) DEFAULT '0' COMMENT '是否删除',
  `create_user_id` bigint(20) DEFAULT NULL COMMENT '创建人ID',
  `create_date` datetime DEFAULT NULL COMMENT '创建时间',
  PRIMARY KEY (`id`)
) ENGINE=InnoDB AUTO_INCREMENT=147 DEFAULT CHARSET=utf8 COMMENT='视频ID与租户的关联表';

-- ----------------------------
-- Records of video_tenant
-- ----------------------------
INSERT INTO `video_tenant` VALUES ('17', '4564972818446890827', '1', '1', '1', '0', '18', '2017-11-18 10:10:02');
INSERT INTO `video_tenant` VALUES ('18', '4564972818446942288', '1', '1', '1', '0', '18', '2017-11-18 10:10:40');
INSERT INTO `video_tenant` VALUES ('19', '4564972818455794685', '1', '1', '1', '0', '18', '2017-11-18 10:10:42');
INSERT INTO `video_tenant` VALUES ('20', '4564972818455804776', '1', '1', '1', '0', '1', '2017-11-18 10:11:46');
INSERT INTO `video_tenant` VALUES ('21', '4564972818455825013', '1', '1', '1', '0', '1', '2017-11-18 10:14:51');
INSERT INTO `video_tenant` VALUES ('22', '4564972818450132974', '1', '1', '1', '0', '7', '2017-11-18 14:01:58');
INSERT INTO `video_tenant` VALUES ('23', '4564972818457081296', '1', '1', '1', '0', '20', '2017-11-18 14:34:35');
INSERT INTO `video_tenant` VALUES ('24', '4564972818465943117', '1', '1', '1', '0', '7', '2017-11-20 20:40:30');
INSERT INTO `video_tenant` VALUES ('25', '4564972818474027226', '1', '1', '1', '0', '7', '2017-11-20 22:37:59');
INSERT INTO `video_tenant` VALUES ('26', '4564972818467298821', '1', '1', '0', '0', '7', '2017-11-20 22:38:04');
INSERT INTO `video_tenant` VALUES ('27', '4564972818475361193', '1', '1', '1', '0', '7', '2017-11-21 10:35:43');
INSERT INTO `video_tenant` VALUES ('28', '4564972818477164148', '1', '1', '1', '0', '7', '2017-11-21 17:42:27');
INSERT INTO `video_tenant` VALUES ('29', '4564972818469866612', '1', '1', '1', '0', '18', '2017-11-21 19:09:09');
INSERT INTO `video_tenant` VALUES ('30', '4564972818481216704', '1', '1', '1', '0', '1', '2017-11-23 14:53:58');
INSERT INTO `video_tenant` VALUES ('31', '4564972818488874375', '1', '1', '1', '0', '7', '2017-11-23 15:06:12');
INSERT INTO `video_tenant` VALUES ('32', '4564972818480403042', '1', '1', '1', '0', '7', '2017-11-23 15:06:16');
INSERT INTO `video_tenant` VALUES ('33', '4564972818488874378', '1', '1', '1', '0', '7', '2017-11-23 15:06:16');
INSERT INTO `video_tenant` VALUES ('34', '4564972818481307847', '1', '1', '1', '0', '7', '2017-11-23 15:06:17');
INSERT INTO `video_tenant` VALUES ('35', '4564972818478943445', '1', '1', '1', '0', '7', '2017-11-23 15:06:24');
INSERT INTO `video_tenant` VALUES ('36', '4564972818478918652', '1', '1', '1', '0', '7', '2017-11-23 15:11:18');
INSERT INTO `video_tenant` VALUES ('37', '4564972818489018420', '1', '1', '1', '0', '7', '2017-11-23 15:41:54');
INSERT INTO `video_tenant` VALUES ('38', '4564972818479011326', '1', '1', '1', '0', '7', '2017-11-23 15:41:54');
INSERT INTO `video_tenant` VALUES ('39', '4564972818489018421', '1', '1', '1', '0', '7', '2017-11-23 15:42:01');
INSERT INTO `video_tenant` VALUES ('40', '4564972818489059233', '1', '1', '1', '0', '7', '2017-11-23 15:50:23');
INSERT INTO `video_tenant` VALUES ('41', '4564972818489130588', '1', '1', '1', '0', '7', '2017-11-23 16:02:58');
INSERT INTO `video_tenant` VALUES ('42', '4564972818489130590', '1', '1', '1', '0', '7', '2017-11-23 16:03:02');
INSERT INTO `video_tenant` VALUES ('43', '4564972818479166687', '1', '1', '1', '0', '7', '2017-11-23 16:03:02');
INSERT INTO `video_tenant` VALUES ('44', '4564972818479166692', '1', '1', '1', '0', '7', '2017-11-23 16:03:03');
INSERT INTO `video_tenant` VALUES ('45', '4564972818480979447', '1', '1', '1', '0', '7', '2017-11-23 16:03:04');
INSERT INTO `video_tenant` VALUES ('46', '4564972818489130589', '1', '1', '1', '0', '7', '2017-11-23 16:03:05');
INSERT INTO `video_tenant` VALUES ('47', '4564972818479121876', '1', '1', '1', '0', '7', '2017-11-23 16:03:09');
INSERT INTO `video_tenant` VALUES ('48', '4564972818489058894', '1', '1', '1', '0', '7', '2017-11-23 16:40:35');
INSERT INTO `video_tenant` VALUES ('49', '4564972818489756052', '1', '1', '1', '0', '7', '2017-11-23 18:20:34');
INSERT INTO `video_tenant` VALUES ('50', '4564972818491122512', '1', '1', '1', '0', '7', '2017-11-23 20:40:08');
INSERT INTO `video_tenant` VALUES ('51', '4564972818482017923', '1', '1', '1', '0', '7', '2017-11-23 21:18:54');
INSERT INTO `video_tenant` VALUES ('52', '4564972818491596718', '1', '1', '1', '0', '7', '2017-11-23 21:18:57');
INSERT INTO `video_tenant` VALUES ('53', '4564972818491596719', '1', '1', '1', '0', '7', '2017-11-23 21:18:57');
INSERT INTO `video_tenant` VALUES ('54', '4564972818482017925', '1', '1', '1', '0', '7', '2017-11-23 21:19:00');
INSERT INTO `video_tenant` VALUES ('55', '4564972818482017930', '1', '1', '1', '0', '7', '2017-11-23 21:19:09');
INSERT INTO `video_tenant` VALUES ('56', '4564972818484213436', '1', '1', '1', '0', '7', '2017-11-23 21:22:08');
INSERT INTO `video_tenant` VALUES ('57', '4564972818491617040', '1', '1', '1', '0', '7', '2017-11-23 21:22:10');
INSERT INTO `video_tenant` VALUES ('58', '4564972818491617041', '1', '1', '1', '0', '7', '2017-11-23 21:22:12');
INSERT INTO `video_tenant` VALUES ('59', '4564972818491677517', '1', '1', '1', '0', '7', '2017-11-23 21:27:25');
INSERT INTO `video_tenant` VALUES ('60', '4564972818482141202', '1', '1', '1', '0', '7', '2017-11-23 21:27:25');
INSERT INTO `video_tenant` VALUES ('61', '4564972818491677518', '1', '1', '1', '0', '7', '2017-11-23 21:27:25');
INSERT INTO `video_tenant` VALUES ('62', '4564972818484185628', '1', '1', '1', '0', '7', '2017-11-23 21:27:26');
INSERT INTO `video_tenant` VALUES ('63', '4564972818482125933', '1', '1', '1', '0', '7', '2017-11-23 21:28:05');
INSERT INTO `video_tenant` VALUES ('64', '4564972818491707583', '1', '1', '1', '0', '7', '2017-11-23 21:28:07');
INSERT INTO `video_tenant` VALUES ('65', '4564972818491717629', '1', '1', '1', '0', '7', '2017-11-23 21:28:45');
INSERT INTO `video_tenant` VALUES ('66', '4564972818483118715', '1', '1', '1', '0', '7', '2017-11-23 23:02:02');
INSERT INTO `video_tenant` VALUES ('67', '4564972818492558045', '1', '1', '1', '0', '7', '2017-11-23 23:02:03');
INSERT INTO `video_tenant` VALUES ('68', '4564972818485198997', '1', '1', '1', '0', '7', '2017-11-23 23:05:44');
INSERT INTO `video_tenant` VALUES ('69', '4564972818492598350', '1', '1', '1', '0', '7', '2017-11-23 23:05:53');
INSERT INTO `video_tenant` VALUES ('70', '4564972818483120841', '1', '1', '1', '0', '7', '2017-11-23 23:06:06');
INSERT INTO `video_tenant` VALUES ('71', '4564972818483120968', '1', '1', '1', '0', '7', '2017-11-23 23:06:27');
INSERT INTO `video_tenant` VALUES ('72', '4564972818483041950', '1', '1', '1', '0', '7', '2017-11-23 23:08:07');
INSERT INTO `video_tenant` VALUES ('73', '4564972818485589910', '1', '1', '1', '0', '7', '2017-11-24 09:55:18');
INSERT INTO `video_tenant` VALUES ('74', '4564972818485631721', '1', '1', '1', '0', '7', '2017-11-24 10:05:08');
INSERT INTO `video_tenant` VALUES ('75', '4564972818493689794', '1', '1', '1', '0', '7', '2017-11-24 10:05:11');
INSERT INTO `video_tenant` VALUES ('76', '4564972818493689795', '1', '1', '1', '0', '7', '2017-11-24 10:05:11');
INSERT INTO `video_tenant` VALUES ('77', '4564972818484002525', '1', '1', '1', '0', '7', '2017-11-24 10:05:12');
INSERT INTO `video_tenant` VALUES ('78', '4564972818484002624', '1', '1', '1', '0', '7', '2017-11-24 10:05:30');
INSERT INTO `video_tenant` VALUES ('79', '4564972818493689834', '1', '1', '1', '0', '7', '2017-11-24 10:05:32');
INSERT INTO `video_tenant` VALUES ('80', '4564972818493689835', '1', '1', '1', '0', '7', '2017-11-24 10:05:32');
INSERT INTO `video_tenant` VALUES ('81', '4564972818485593876', '1', '1', '1', '0', '7', '2017-11-24 10:05:32');
INSERT INTO `video_tenant` VALUES ('82', '4564972818493872102', '1', '1', '1', '0', '7', '2017-11-24 10:51:48');
INSERT INTO `video_tenant` VALUES ('83', '4564972818493872103', '1', '1', '1', '0', '7', '2017-11-24 10:51:56');
INSERT INTO `video_tenant` VALUES ('84', '4564972818484149921', '1', '1', '1', '0', '7', '2017-11-24 10:52:37');
INSERT INTO `video_tenant` VALUES ('85', '4564972818493872188', '1', '1', '1', '0', '7', '2017-11-24 10:53:02');
INSERT INTO `video_tenant` VALUES ('86', '4564972818493883083', '1', '1', '1', '0', '7', '2017-11-24 10:53:50');
INSERT INTO `video_tenant` VALUES ('87', '4564972818484091620', '1', '1', '1', '0', '7', '2017-11-24 10:53:54');
INSERT INTO `video_tenant` VALUES ('88', '4564972818485725507', '1', '1', '1', '0', '7', '2017-11-24 10:53:59');
INSERT INTO `video_tenant` VALUES ('89', '4564972818493883084', '1', '1', '1', '0', '7', '2017-11-24 10:54:01');
INSERT INTO `video_tenant` VALUES ('90', '4564972818486185872', '1', '1', '1', '0', '7', '2017-11-24 10:54:04');
INSERT INTO `video_tenant` VALUES ('91', '4564972818493883082', '1', '1', '1', '0', '7', '2017-11-24 10:54:05');
INSERT INTO `video_tenant` VALUES ('92', '4564972818484091615', '1', '1', '1', '0', '7', '2017-11-24 10:54:08');
INSERT INTO `video_tenant` VALUES ('93', '4564972818486170449', '1', '1', '1', '0', '7', '2017-11-24 10:54:14');
INSERT INTO `video_tenant` VALUES ('94', '4564972818484094040', '1', '1', '1', '0', '7', '2017-11-24 11:01:11');
INSERT INTO `video_tenant` VALUES ('95', '4564972818493906760', '1', '1', '1', '0', '7', '2017-11-24 11:01:12');
INSERT INTO `video_tenant` VALUES ('96', '4564972818493916968', '1', '1', '1', '0', '7', '2017-11-24 11:01:39');
INSERT INTO `video_tenant` VALUES ('97', '4564972818484152820', '1', '1', '1', '0', '7', '2017-11-24 11:01:42');
INSERT INTO `video_tenant` VALUES ('98', '4564972818493916970', '1', '1', '1', '0', '7', '2017-11-24 11:01:46');
INSERT INTO `video_tenant` VALUES ('99', '4564972818493916969', '1', '1', '1', '0', '7', '2017-11-24 11:01:46');
INSERT INTO `video_tenant` VALUES ('100', '4564972818486189553', '1', '1', '1', '0', '7', '2017-11-24 11:01:49');
INSERT INTO `video_tenant` VALUES ('101', '4564972818493916971', '1', '1', '1', '0', '7', '2017-11-24 11:01:49');
INSERT INTO `video_tenant` VALUES ('102', '4564972818484152825', '1', '1', '1', '0', '7', '2017-11-24 11:01:49');
INSERT INTO `video_tenant` VALUES ('103', '4564972818484094230', '1', '1', '1', '0', '7', '2017-11-24 11:01:52');
INSERT INTO `video_tenant` VALUES ('104', '4564972818486189564', '1', '1', '1', '0', '7', '2017-11-24 11:01:52');
INSERT INTO `video_tenant` VALUES ('105', '4564972818493916972', '1', '1', '1', '0', '7', '2017-11-24 11:02:02');
INSERT INTO `video_tenant` VALUES ('106', '4564972818485840746', '1', '1', '1', '0', '1', '2017-11-24 11:11:00');
INSERT INTO `video_tenant` VALUES ('107', '4564972818493949200', '1', '1', '1', '0', '1', '2017-11-24 11:11:02');
INSERT INTO `video_tenant` VALUES ('108', '4564972818484168235', '1', '1', '1', '0', '1', '2017-11-24 11:11:08');
INSERT INTO `video_tenant` VALUES ('109', '4564972818493949198', '1', '1', '1', '0', '1', '2017-11-24 11:11:09');
INSERT INTO `video_tenant` VALUES ('110', '4564972818493949199', '1', '1', '1', '0', '1', '2017-11-24 11:11:09');
INSERT INTO `video_tenant` VALUES ('111', '4564972818484169251', '1', '1', '1', '0', '1', '2017-11-24 11:13:59');
INSERT INTO `video_tenant` VALUES ('112', '4564972818484237834', '1', '1', '1', '0', '1', '2017-11-24 11:14:00');
INSERT INTO `video_tenant` VALUES ('113', '4564972818493969476', '1', '1', '1', '0', '1', '2017-11-24 11:14:01');
INSERT INTO `video_tenant` VALUES ('114', '4564972818493969477', '1', '1', '1', '0', '1', '2017-11-24 11:14:07');
INSERT INTO `video_tenant` VALUES ('115', '4564972818484237835', '1', '1', '1', '0', '1', '2017-11-24 11:14:09');
INSERT INTO `video_tenant` VALUES ('116', '4564972818493970048', '1', '1', '1', '0', '7', '2017-11-24 11:19:54');
INSERT INTO `video_tenant` VALUES ('117', '4564972818484171136', '1', '1', '1', '0', '7', '2017-11-24 11:19:59');
INSERT INTO `video_tenant` VALUES ('118', '4564972818493970049', '1', '1', '1', '0', '7', '2017-11-24 11:20:04');
INSERT INTO `video_tenant` VALUES ('119', '4564972818517875497', '1', '1', '1', '0', '3', '2017-11-29 16:00:18');
INSERT INTO `video_tenant` VALUES ('120', '4564972818520818934', '1', '1', '1', '0', '3', '2017-11-29 19:04:04');
INSERT INTO `video_tenant` VALUES ('121', '4564972818593082094', '1', '2', '1', '0', '3', '2017-12-05 10:52:10');
INSERT INTO `video_tenant` VALUES ('122', '4564972818578564046', '1', '2', '1', '0', '3', '2017-12-05 10:53:56');
INSERT INTO `video_tenant` VALUES ('123', '4564972818596289270', '1', '2', '1', '0', '3', '2017-12-05 18:21:08');
INSERT INTO `video_tenant` VALUES ('124', '4564972818591825028', '1', '2', '1', '0', '15', '2017-12-06 11:13:37');
INSERT INTO `video_tenant` VALUES ('125', '4564972818626398954', '1', '2', '1', '0', '15', '2017-12-09 15:50:29');
INSERT INTO `video_tenant` VALUES ('126', '4564972818623925115', '1', '2', '1', '0', '15', '2017-12-09 15:54:16');
INSERT INTO `video_tenant` VALUES ('127', '4564972818641296099', '1', '2', '1', '0', '37', '2017-12-11 09:47:39');
INSERT INTO `video_tenant` VALUES ('128', '4564972818656502518', '1', '2', '1', '0', '5', '2017-12-13 17:09:38');
INSERT INTO `video_tenant` VALUES ('129', '4564972818658880018', '1', '2', '1', '0', '5', '2017-12-13 17:14:59');
INSERT INTO `video_tenant` VALUES ('130', '4564972818658880734', '1', '2', '0', '0', '5', '2017-12-13 17:15:55');
INSERT INTO `video_tenant` VALUES ('131', '4564972818660355580', '1', '2', '0', '0', '18', '2017-12-13 17:52:18');
INSERT INTO `video_tenant` VALUES ('132', '4564972818660383462', '1', '2', '1', '0', '18', '2017-12-13 18:00:34');
INSERT INTO `video_tenant` VALUES ('133', '4564972818661073319', '1', '2', '0', '0', '18', '2017-12-13 19:21:17');
INSERT INTO `video_tenant` VALUES ('134', '4564972818658641086', '1', '2', '1', '0', '5', '2017-12-13 20:09:52');
INSERT INTO `video_tenant` VALUES ('135', '4564972818666126810', '1', '2', '1', '0', '6', '2017-12-14 10:44:44');
INSERT INTO `video_tenant` VALUES ('136', '4564972818666113232', '1', '2', '1', '0', '6', '2017-12-14 11:11:21');
INSERT INTO `video_tenant` VALUES ('137', '4564972818666433278', '1', '2', '0', '0', '125', '2017-12-14 11:32:17');
INSERT INTO `video_tenant` VALUES ('138', '4564972818667693534', '1', '2', '0', '0', '125', '2017-12-14 14:59:57');
INSERT INTO `video_tenant` VALUES ('139', '4564972818679291583', '1', '2', '1', '0', '5', '2017-12-15 20:39:40');
INSERT INTO `video_tenant` VALUES ('140', '4564972818680067847', '1', '2', '1', '0', '40', '2017-12-15 23:35:40');
INSERT INTO `video_tenant` VALUES ('141', '4564972818682713123', '1', '2', '1', '0', '125', '2017-12-16 01:26:14');
INSERT INTO `video_tenant` VALUES ('142', '4564972818682713644', '1', '2', '1', '0', '38', '2017-12-16 01:26:56');
INSERT INTO `video_tenant` VALUES ('143', '4564972818683660974', '1', '2', '0', '0', '6', '2017-12-16 15:29:41');
INSERT INTO `video_tenant` VALUES ('144', '4564972818685774296', '1', '2', '1', '0', '6', '2017-12-16 15:31:17');
INSERT INTO `video_tenant` VALUES ('145', '4564972818683715479', '1', '2', '0', '0', '6', '2017-12-16 15:39:42');
INSERT INTO `video_tenant` VALUES ('146', '4564972818685916261', '1', '2', '1', '0', '6', '2017-12-16 16:58:33');
